﻿<?xml version="1.0" encoding="utf-8"?>
<item>
  <title>[사랑인 거죠?]</title>
  <link>http://hanmeera.blog.me/220105019590</link>
  <description>[친애하는 커피씨]사랑인 거죠?친애하는 커피씨지는 것이 싫어요.남들에게는 양보란 걸 할 수 있지만나 자신에게 하는양보는 죽도록 싫었어요.그저 그렇게 흐리멍덩하게물렁물렁 사는 걸 용납할 수가 없어요.아까우니까요.나로 처음 살면서 단 한 번 사는 거니까요.한정된 시간을 흥청망청 돈 쓰듯 낭비한다면 한심스럽지요.삶이 만만하지 않아요.내손에 순순히 가져지는 것이 없지요.고되고 힘들지만 그럼에도 포기란 없어요.나.세상에서 유일한나와 각별한 인연이 되었으니내가 형편없게 살도록 내버려 둘 수가 없네요.아빠가 너무 쉽게 인생을 포기했기에 나는 그렇게 살고 싶지 않았어요.겨우 21살, 격투기 인생을 사는앳된 아가씨의 아픔이.......</description>
  <category>친애하는 커피씨</category>
  <tag>자작글.자작에세이.모닝커피.커피씨에게편지쓰기,[친애하는커피씨]사랑인거죠.부산으로여행을떠납니다,잘다녀오겠습니다.</tag>
</item>