﻿<?xml version="1.0" encoding="utf-8"?>
<item>
  <title>[살아온 날들과 살아갈 날들]</title>
  <link>http://hanmeera.blog.me/220104627377</link>
  <description>[친애하는 커피씨]살아온 날들과 살아갈 날들친애하는 커피씨이것저것 할 일 많았던 8월.거의 마무리 시점에 와버렸네요.한 달의 시작일 때는 시간을 허투루 쓰지 않겠다고마음을 쫀쫀하게 묶었었는데...크게 모나지 않았지만이룬 것도 별로 없이 8월이 흘렀어요.1년 중에 8개월을 살았다는 것과1년 중에 4개월이 남았다는 건굉장히 다른 느낌이에요.물론 4개월 밖에 남지 않았다는 것에 마음이 복잡해지게 돼요.남은 4개월을 어떻게 잘 살지 다시 한 번 챙겨야 할 때가 되었네요.얻는 만큼 잃는 게 있었지요.서서히 찾아온 좋은 변화를 반갑게 느꼈지만건강은 세월 따라 조금씩 나빠졌어요.몸 여기저기에살아온 흔적들이 영락없이 남게 되네요.내.......</description>
  <category>친애하는 커피씨</category>
  <tag>자작글.자작에세이.모닝커피.커피씨에게편지쓰기.[친애하는커피씨]살아온날들과살아갈날들</tag>
</item>