﻿<?xml version="1.0" encoding="utf-8"?>
<item>
  <title>[변화]</title>
  <link>http://hanmeera.blog.me/220099712265</link>
  <description>[친애하는 커피씨]변화친애하는 커피씨작년 겨울에 지금 집으로 이사를 했어요.안방에 있는 화장실이 유리문이어서나는 남편에게 화장실 문에 페인트칠을 부탁했더랬죠.누군가 내 머릿속 가득한 비밀 이야기를 엿보는 것만 같아 화끈거려서요.가장 음밀하고 안전해야 할 내 공간을 누가 본다고 생각하니 불편해서요.비록 집 안이니 가족뿐일지라도요.문은 노란색으로 칠해졌고나는 동심으로 돌아가듯 편한 마음으로 안방 화장실을 사용하게 됐어요.생각이 흩어지던 공간에서가장 생각이 집중되는 아늑한 공간이 되었지요.어린 시절 주택에 살던 때나와 언니는 한 방을 썼는데 여름이면 창문을 열지 않을 수가 없었어요.더웠으니까요.어느여름밤 샤.......</description>
  <category>친애하는 커피씨</category>
  <tag>자작글.자작에세이.모닝커피.커피씨에게편지쓰기,[친애하는커피씨]변화</tag>
</item>