﻿<?xml version="1.0" encoding="utf-8"?>
<item>
  <title>WCS 2014 2일차 한국 대표 결과 - 박세준 선수 결승 진출!(영상 추가)</title>
  <link>http://blog.naver.com/riomedevon/220094506678</link>
  <description>  &amp;#8203;
&amp;#8203;
&amp;#8203; 포켓몬스터 공식 세계 대회인 포켓몬 월드 챔피언십(WCS) 2014가 미국 워싱턴에서 현지
시간으로 16일(한국 시간 16일 밤 ~ 17일 오전)에 개막하였습니다. 포켓몬코리아에서 실수로
공개되었던 메가야도란을 포켓몬스터 시리즈의 디렉터인 마스다 준이치씨가 직접 공개하며
시작된 WCS 2014는 비디오 게임(VG) 분야&amp;#8203;와 카드 게임(TCG) 분야로 나누어 진행되었으며,
각 분야는 주니어(2003년 이후 출생), 시니어(1999년 이후 2002년 이전 출생), 마스터(1998년
이전 출생) 부문으로 나누어집니다.
&amp;#8203;
&amp;#8203;
&amp;#8203;
공식적인 개막일이지만 전체 일정에서는 둘째날에 해당되는 이 날에 비디.......</description>
  <category>Pokemon News(K)</category>
  <tag>게임,포켓몬,포켓몬스터,WCS2014</tag>
</item>