﻿<?xml version="1.0" encoding="utf-8"?>
<item>
  <title>WCS 2014 3일차 진행 중!</title>
  <link>http://blog.naver.com/riomedevon/220095182429</link>
  <description>  &amp;#8203;
&amp;#8203;
포켓몬스터 공식 세계 대회인 포켓몬 월드 챔피언십(WCS) 2014가 미국 워싱턴에서 진행 중인
가운데, 현지 시간으로 일요일인 17일에 막을 내리게 됩니다. 3일차가 되는 오늘도 트위치
(영어)와 니코니코 라이브(일본어)를 통해서 방송이 진행되고 있습니다.
&amp;#8203;
ㆍ트위치 방송 : http://www.twitch.tv/pokemon(영어)
ㆍ니코니코 라이브 : http://live.nicovideo.jp/watch/lv187950306
(일본어 ; 회원 가입 필요)
&amp;#8203;
특히 &amp;#8203;니코니코 라이브로 진행되는 방송에서는 비디오 게임 분야 결승전에 한해서 포켓몬스터
시리즈의 배틀 디렉터를 담당하고 있는 모리모토 시게키씨가 해설로 참여하게 됩니.......</description>
  <category>Pokemon News(E)</category>
  <tag>게임,포켓몬,포켓몬스터,WCS</tag>
</item>