﻿<?xml version="1.0" encoding="utf-8"?>
<item>
  <title>WCS 2014 비디오 게임 분야 마스터 부문 결승 영상</title>
  <link>http://blog.naver.com/riomedevon/220095458942</link>
  <description>  &amp;#8203;
&amp;#8203;
포켓몬스터 공식 세계 대회인 포켓몬 월드 챔피언십(WCS) 2014의 비디오 게임(VG) 분야에서
우리나라의 박세준 선수가 마스터 부문에서 미국의 &amp;#8203;Jeudy Azzarelli 선수를 2:0으로 제압하고
우승을 차지하였습니다.
&amp;#8203;        연도
2011년
2012년
2013년
2014년
경력
시니어 준우승
마스터 8강
마스터 8강
마스터 우승 박세준 선수는 한국이 처음 참가한 WCS 2011 비디오 게임 분야 시니어 부문에서 준우승한
이래 매번 8강 이상 들어간 실력자입니다. WCS에 참가하려면 국가대표선발전에서 국가대표로
선발되거나 WCS 준우승 이상의 성적이 필요하기 때문에 2012년은.......</description>
  <category>Pokemon Theme </category>
  <tag>게임,포켓몬,포켓몬스터,WCS</tag>
</item>