﻿<?xml version="1.0" encoding="utf-8"?>
<item>
  <title>발퀴레(Walkure) 키스 커피컵, 기술에 감성을 더하다</title>
  <link>http://espressofreak.co.kr/220015825353</link>
  <description>정보가 도움이 되셨다면 손가락 꾹 한번, 공감 부탁드려요 :D북유럽신화에등장하는발퀴레.물론신화와네이밍의연관성에대해서는네이밍와관련된히스토리는모르기때문에언급하기는조심스럽기때문에넘어갑니다.다만독일브랜드라는점에초점을맞춘다면이야기거리가좀생기는것같습니다.한세기전에등장한드립퍼의시초인멜리타드립퍼나약60년의역사를가졌지만최근스페셜티커피가주목을받으면서재조명되기시작한케멕스(Chemex)모두독일인의작품이기때문입니다.때문에발퀴레라는커피웨어역시도동일한DNA를가진브랜드라고볼수있습니다.대개의테이블웨어의DNA는커피보다차에초점이맞추어진브랜드가대다수이고그런브랜드들의경우에는기능상의장점보다는심미성에.......</description>
  <category>▒Design</category>
  <tag>발퀴레,커피잔,커피컵,카푸치노잔,카푸치노컵,키스잔,walkure,발퀴레잔,키친웨어,테이블웨어</tag>
</item>