﻿<?xml version="1.0" encoding="utf-8"?>
<item>
  <title>라인 레인저스 - 2,000만 다운로드를 눈 앞에 둔 현존 최고 인기 디펜스 게임!</title>
  <link>http://blog.naver.com/yspray4u/220064787624</link>
  <description>       
게임명
라인 레인저스
평점 및 간단 평
라인 캐릭터 브랜드+탄탄한 게임성으로 만들어 진 디펜스 게임
다운로드
구글플레이: http://me2.do/Gfib50uh
앱스토어: http://me2.do/F2WZV29V
과거 팔라독과 카툰워즈를 필두로 스마트폰 게임 장르의 한 획을 그은 장르가 있었으니, 그것은 바로 횡스크롤 디펜스 게임. (정확히는 오펜스가 맞겠다.)
&amp;#8203;
&amp;#8203;
&amp;#8203;
(카툰워즈는 시리즈 누적 5천만 다운로드를 돌파하기까지 했다.)
&amp;#8203; &amp;#8203; 
그 인기에 힘입어, 두 게임은 각각 몇천만 다운로드를 기록하였고, 그들의 글로벌 빅히트로 단기간 동안 많은 유사 게임들이 출시되었다. 하지만, .......</description>
  <category>안드로이드게임</category>
  <tag>게임,라인레인저스,라인캐릭터상품,디펜스게임,추천스마트폰게임,인기안드로이드게임,무료아이폰게임,라인게임,LINERangers,우파루사가</tag>
</item>