﻿<?xml version="1.0" encoding="utf-8"?>
<item>
  <title>루비/사파이어 스토리 공략 : 8. 여섯번째 체육관과 데본스코프</title>
  <link>http://blog.naver.com/riomedevon/220105720817</link>
  <description>  &amp;#8203; 2002년 11월 21일 일본에서 발매된 후 정확히 12년 만에 리메이크작으로 돌아오게 되는 루비/
사파이어의 스토리 공략. 여덟번째 포스트는 118번 도로에서 여섯번째 체육관까지의 내용을
담고 있습니다. 첫번째 파트는 118번 도로에서 날씨연구소까지, 두번째 파트는 날씨연구소와
라이벌과의 대결, 세번째 파트는 검방울시티와 데본스코프, 그리고 마지막 파트는 여섯번째
체육관 도전에 대한 내용을 담고 있습니다.
&amp;#8203;
===================================================================&amp;#8203;=
&amp;#8203;
&amp;#8203;
&amp;#8203;
보라시티 오른쪽의 118번 도로는 물이 가로막고 있습니다. 보라시티에 처음 왔을 때와.......</description>
  <category>Story : R/S</category>
  <tag>게임,포켓몬,포켓몬스터,루비,사파이어,스토리공략</tag>
</item>