﻿<?xml version="1.0" encoding="utf-8"?>
<item>
  <title>일본 PGL, 디안시 필수의 인터넷 대회 '다이아스톰' 개최 결정!</title>
  <link>http://blog.naver.com/riomedevon/220096261563</link>
  <description>  &amp;#8203;
&amp;#8203;
지난 7월 19일 일본에서 개봉된 17기 극장판 '파괴의 고치와 디안시' 상영 영화관에서 배포된
환상의 포켓몬 디안시가 반드시 참여해야하는 인터넷 대회 '다이아스톰(ダイヤスト&amp;#12540;ム)'&amp;#8203;이
일본 PGL 회원(일본 포켓몬 다이스키 클럽 회원)을 상대로 개최될 예정입니다. 디안시는 현재
일본에서만 배포되었기 때문에 일본 PGL 회원만 참가할 수 있는 것입니다.
&amp;#8203;
엔트리 기간은 2014년 9월 4일(금) 14시부터 &amp;#8203;9월 12일 9시까지이며, 대회는 2014년 9월 12일
(금) 9시부터 2014년 9월 15일(월) 9시까지&amp;#8203; 진행되고, 랭킹은 2014년 9월 19일(금)로 예정되어
있습니다. 랭킹에 등재된 플.......</description>
  <category>Pokemon News(J)</category>
  <tag>게임,포켓몬,포켓몬스터,디안시</tag>
</item>