﻿<?xml version="1.0" encoding="utf-8"?>
<item>
  <title>WCS 2014 2일째 진행 중!</title>
  <link>http://blog.naver.com/riomedevon/220094267956</link>
  <description>  &amp;#8203;
&amp;#8203;
현재 포켓몬 월드 챔피언십(WCS) 2014가 미국 워싱턴에서 진행 중입니다. &amp;#8203;한국 시간으로
새벽이기는 합니다만, WCS 2014 트위치 방송과 대진표를 확인하시면서 보시면 재미있을 듯
합니다.
2일째이자 공식적인 개막일에는 다음날 진행될 파이널 진출자를 가리기 위한 스위스 라운드가
진행됩니다. 포켓몬스터 X/Y를 사용하는 비디오 게임(VG)에서는 8명을, 포켓몬카드 XY를
사용하는 카드게임(TCG)에서는 16명을 파이널 진출자로 선발하게 됩니다. 와 토너먼트가
진행되며, 비디오 게임(VG)에서는 8강과 4강, 카드 게임(TCG)에서는 8강까지 진행됩니다.
&amp;#8203;
&amp;#8203;
&amp;#8203;
ㆍ트위치 방송 : &amp;#8203.......</description>
  <category>Pokemon News(E)</category>
  <tag>게임,포켓몬,포켓몬스터,WCS2014</tag>
</item>