﻿<?xml version="1.0" encoding="utf-8"?>
<item>
  <title>WCS 2014 3일차 결과 - 박세준 선수 우승!</title>
  <link>http://blog.naver.com/riomedevon/220095415813</link>
  <description>  &amp;#8203;
&amp;#8203;
미국 워싱턴에서 3일간 진행된 포켓몬스터 공식 세계대회인 포켓몬 월드 챔피언십(WCS).
현지시간으로 17일(한국 시간으로 17일 밤~18일 오전)에 진행되었던&amp;#8203; 카드게임(TCG) 분야
4강 및 결승(마스터 부문은 8강부터), 비디오 게임(VG)&amp;#8203; 분야 결승전을 끝으로 막을 내리게
되었습니다.&amp;#8203;
&amp;#8203;
&amp;#8203;
&amp;#8203;  
&amp;#8203;
비디오 게임(VG) 분야에서는2년 연속으로대회를 싹쓸이했던 미국의 기세가 약해졌습니다.
주니어 부문에서는 일본의 야마모토 쿠마 선수(왼쪽)가 미국의 London Swan 선수를 꺾었고,
시니어 부문에서는 미국의 Nikolai Zielinski 선수(가운데)가 영국의 Mark Mcquillan.......</description>
  <category>Pokemon News(K)</category>
  <tag>게임,포켓몬,포켓몬스터,WCS2014</tag>
</item>