﻿<?xml version="1.0" encoding="utf-8"?>
<item>
  <title>루비/사파이어 스토리 공략 : 7. 다섯번째 체육관과 파도타기</title>
  <link>http://blog.naver.com/riomedevon/220098616566</link>
  <description>  2002년 11월 &amp;#8203;21일 일본에서 발매된 후 정확히 12년 만에 리메이크작으로 돌아오게 되는 루비/
사파이어의 스토리&amp;#8203; 공략. 일곱번째 포스트는 등화시티 체육관에서 파도타기로 이동할 수 있는
호연 지방 서쪽 지역에 대한 내용을 담고 있습니다. 첫번째 파트는 등화시티 체육관, 두번째
파트는 &amp;#8203;115번 도로 및 등화-무로 라인, 세번째 파트는 무로-잿빛 라인 및 버려진배, 그리고
마지막 파트는 &amp;#8203;뉴보라에 대한 내용을 담고 있습니다.
&amp;#8203;
====================================================================&amp;#8203;
&amp;#8203; &amp;#8203;
네번째 체육관에서 배지를 획득하면바로 다섯번째 체육관에 도.......</description>
  <category>Story : R/S</category>
  <tag>게임,포켓몬,포켓몬스터,루비,사파이어,스토리공략</tag>
</item>