﻿<?xml version="1.0" encoding="utf-8"?>
<item>
  <title>포켓몬 X 철권, '폭권' 2015년 아케이드 기동 예정!</title>
  <link>http://blog.naver.com/riomedevon/220104566486</link>
  <description>  &amp;#8203;
&amp;#8203;
&amp;#8203;
&amp;#8203;
오늘 22시, 니코니코라이브를 통해 발표된 포켓몬 신(新) 프로젝트의 정체는 포켓몬스터와
철권의 콜라보레이션인 "폭권(ポッ拳)"으로 밝혀졌습니다. 공개된 정보는 2015년 아케이드
기동 예정.
&amp;#8203;
&amp;#8203;
&amp;#8203;
발표회에서 포켓몬 컴퍼니의 이시하라 츠네카즈 사장과 함께 스페셜&amp;#8203; 게스트로 나온 사람들은
철권 시리즈의 프로듀서인 반다이남코 게임즈의 하라다 카즈히로(原田勝弘)와 소울칼리버
시리즈의 프로듀서인 반다이남코 게임즈의 호시노 마사아키(星野正昭)로 스페셜 게스트에서
부터새로운 프로젝트가 격투 게임이라는 것을 알 수 있습니다.
&amp;#8203;
&amp;#8203;
&amp;#8.......</description>
  <category>Pokemon News(J)</category>
  <tag>게임,포켓몬,포켓몬스터,폭권</tag>
</item>