﻿<?xml version="1.0" encoding="utf-8"?>
<item>
  <title>포켓몬 월드 챔피언십(WCS) 2014, 미국 워싱턴에서 개최!</title>
  <link>http://blog.naver.com/riomedevon/220093481756</link>
  <description>  &amp;#8203;
&amp;#8203;
포켓몬스터 브랜드를 총괄하고 있는 포켓몬 컴퍼니에서 주관하는공식 세계 대회&amp;#8203;인 포켓몬
월드 챔피언십(WCS) 2014가 미국의 수도 워싱턴 D.C에 있는 월터 E.워싱턴 컨벤션 센터에서
진행됩니다.&amp;#8203;&amp;#8203;
[WCS 2014 공식 홈페이지 (영어)]&amp;#8203;
&amp;#8203;&amp;#8203;
&amp;#8203;
&amp;#8203;
&amp;#8203;
2009년부터 시작된 WCS는 포켓몬스터 시리즈로 진행되는 비디오 게임(VG) 분야와 포켓몬
TCG로 진행되는 카드 게임(TCG) 분야로 나누어서 진행되며, 각 분야는 주니어(2003년 이후
출생) / 시니어(1999년 이후 2002년 이전 출생) / 마스터(1998년 이전 출생) 이렇게 3개
부문으로 나누어 진행됩니다. 
자세.......</description>
  <category>Pokemon News(K)</category>
  <tag>게임,포켓몬,포켓몬스터,WCS2014</tag>
</item>