﻿<?xml version="1.0" encoding="utf-8"?>
<item>
  <title>오메가루비/알파사파이어 8월 정보 공개분 티저 영상</title>
  <link>http://blog.naver.com/riomedevon/220087965017</link>
  <description>  미국 유투브 포켓몬 공식 채널을 통해서 월간 코로코로 코믹 2014년 9월호에서 공개된 내용이
담겨진 티저 영상이 공개되었습니다.&amp;#8203; 
&amp;#8203;
&amp;#8203;
앞서 언급한 대로 대부분이 이미 공개된 내용들인지라 메가진화 장면이나 포켓몬 콘테스트에
대한 내용을 &amp;#8203;생각하며 보시면 됩니다만, 무리배틀이 호연 지방에도 등장한다는 새로운 정보도
포함되어있습니다.&amp;#8203;&amp;#8203;
&amp;#8203;
&amp;#8203;
&amp;#8203;
&amp;#8203;
&amp;#8203;
&amp;#8203;
&amp;#8203;
나무돌이와 대치하고 있는 스크린샷의 장소는마크탕과 꼬마돌로 보아 돌의동굴로 보여지며,
대짱이와 대치하고 있는 곳은 불꽃샛길로 보여집니다. 하지만 대짱이 쪽은 불꽃.......</description>
  <category>Pokemon News(E)</category>
  <tag>게임,포켓몬,포켓몬스터,오메가루비,알파사파이어,무리배틀</tag>
</item>