﻿<?xml version="1.0" encoding="utf-8"?>
<item>
  <title>새로운 메가진화 : 메가다부니와 메가야도란 공개!</title>
  <link>http://blog.naver.com/riomedevon/220089917189</link>
  <description>  &amp;#8203; 오메가루비/알파사파이어의 이번달 정보 공개는 앞에서 공개된 것이 끝인줄 알았습니다만,
공개할 것들이 더 있었던 모양입니다. 오메가루비/알파사파이어 한국 공식 홈페이지에서만
유일하게 새로운 포켓몬들의 메가진화를 공개했습니다. 원래는 이번 주 주말 정도에 공개될
내용이 한국에서실수로 공개된 것으로 보여집니다.&amp;#8203;
&amp;#8203;
때문에 이 메가진화 포켓몬들의 소개 페이지는 현재 정상적인 경로로는 볼 수 없고 주소
입력창에서 입력하셔야만 확인하실 수 있습니다. 19시 35분 현재 들어갈 수 없습니다.
&amp;#8203;
메가다부니 : http://pokemonkorea.co.kr/?inc=special_site-oras-sub03_05_09 (폐쇄)
메.......</description>
  <category>Pokemon News(K)</category>
  <tag>게임,포켓몬,포켓몬스터,야도란,다부니</tag>
</item>