﻿<?xml version="1.0" encoding="utf-8"?>
<item>
  <title>오메가루비/알파사파이어 이번 달 공개 정보 분석</title>
  <link>http://blog.naver.com/riomedevon/220090240742</link>
  <description>  원래는 공식 홈페이지에 올라온 정보 관련 포스트를 분석 방식으로 쓰려고 했습니다만, 이전
정보들과 다르게 이미지가 많은 지라 그렇게 쓸 수가 없었습니다. 그래서 분석은 따로 포스트를
작성하여 올리게 되었습니다.
&amp;#8203;
&amp;#8203;
&amp;#8203;
&amp;#8203;- 공식 홈페이지가 갱신되기 전 주말에포켓몬 콘테스트에 대해 적었던 적이 있었습니다.
간단하게 정리하자면 이미 포켓몬 콘테스트를 발전시킨 형태가 4세대에서 슈퍼 포켓몬
콘테스트라는 이름으로 보여졌던 만큼 오메가루비/알파사파이어에서 포켓몬 콘테스트는
그렇게 크게 바뀌지 않을 것이다는 내용이었습니다.
일단 이름은 '포켓몬 콘테스트 라이브!'&amp;#8203;로 느낌표.......</description>
  <category>Pokemon Theme </category>
  <tag>게임,포켓몬,포켓몬스터,오메가루비,알파사파이어,콘테스트</tag>
</item>