﻿<?xml version="1.0" encoding="utf-8"?>
<item>
  <title>오메가루비/알파사파이어의 호연 도감이 확정?</title>
  <link>http://blog.naver.com/riomedevon/220088023709</link>
  <description>  &amp;#8203; 어제(10일) 밤, 오메가루비/알파사파이어 미국 공식 홈페이지에서 갱신된 정보들 중에서
눈치채기 힘들지만 확정된 정보가 하나 있어서 간단히 소개해보고자 합니다.
&amp;#8203;
&amp;#8203;
&amp;#8203;  
&amp;#8203;
위 스크린샷들은 포켓몬 콘테스트에 대해 소개하는 내용 중에서 가져온 것입니다. 자세히 보면
밀로틱(Mliotic)과 피카츄(Pikachu), 그리고 보만다(Salamence)의 도감 번호(Dex No.)를
확인해볼 수 있는데, 이 번호가 루비/사파이어 및 에메랄드에서 쓰이던 호연 도감 번호와
다릅니다.
&amp;#8203;
 
&amp;#8203;
&amp;#8203;
&amp;#8203;위 사진이 바로 루비/사파이어/에메랄드에서의 도감 번호인데, 이를 통해서 밀로틱은 도.......</description>
  <category>Pokemon Theme </category>
  <tag>게임,포켓몬,포켓몬스터,오메가루비,알파사파이어,호연도감</tag>
</item>