﻿<?xml version="1.0" encoding="utf-8"?>
<item>
  <title>WCS 2014에서 메가야도란 공식 공개!</title>
  <link>http://blog.naver.com/riomedevon/220094112681</link>
  <description>  &amp;#8203;
&amp;#8203;
한국 시간으로 오늘(16일), 미국 워싱턴에서 진행된 포켓몬 월드 챔피언십(WCS) 2014
개막식에서 &amp;#8203;포켓몬스터 시리즈의 디렉터, 마스다 준이치씨가 직접 야도란의 메가진화 형태인
메가야도란을 공개하였습니다. 공개 직후 Youtube의 북미 포켓몬 채널을 통해 메가야도란의
영상이 공개되었습니다.
&amp;#8203; &amp;#8203;
지난 14일 독일 Gamecoms에서 공식 공개되었던 메가다부니와 마찬가지로, 12일에
포켓몬코리아에서 실수로 공개해버리는 바람에 김이 많이 빠진 공개가 되었습니다만, 이것으로
메가다부니와 메가야도란이 모두 공식적으로 공개하게 되었습니다.
&amp;#8203;
&amp;#8203;
</description>
  <category>Pokemon News(E)</category>
  <tag>게임,포켓몬,포켓몬스터,야도란,메가야도란,WCS2014</tag>
</item>