﻿<?xml version="1.0" encoding="utf-8"?>
<item>
  <title>영화관 지라치를 불편하게 바라보게 하는 4가지 요소</title>
  <link>http://blog.naver.com/riomedevon/220092359233</link>
  <description>  &amp;#8203;
&amp;#8203;
&amp;#8203; 6기 극장판 '아름다운 소원의 별 지라치'가 13일에 개봉되었습니다. 그리고 이 극장판을 보면 지난 4월의 올레tv 리자몽에 이어 두번째 시리얼 코드 배포 포켓몬이 되는 지라치를 받을 수
있습니다.&amp;#8203; 매년 개봉되는 포켓몬스터 극장판에서 지라치와 같은 환상의 포켓몬이배포되어
온 건 포켓몬스터의 마케팅 전략 중 하나이기도 하니 그리 어색한 일이 아닙니다.
&amp;#8203;
하지만, 이 영화관 지라치를 바라보는 유저들의 시선은 조금 묘합니다. 많은 요소들이 얽히고
섞여 심하면 '있어서는 안되는 포켓몬'까지도 평가받고 있기 때문입니다. 어떻게 해서 이런
평가까지 받게 되어버렸는지 몇 가지 요.......</description>
  <category>Pokemon Theme </category>
  <tag>게임,포켓몬,포켓몬스터,지라치</tag>
</item>