﻿<?xml version="1.0" encoding="utf-8"?>
<item>
  <title>독일 Gamescon 2014에서 메가다부니가 공식 공개!</title>
  <link>http://blog.naver.com/riomedevon/220093453165</link>
  <description>  &amp;#8203;
&amp;#8203;
한국 시간으로 지난 14일, 독일 쾰른에서 열리고 있는 Gamescom 2014에서&amp;#8203;게임프리크의
디렉터 마스다 준이치씨의 특별 영상을 통해서 오메가루비/알파사파이어에서 등장하게 될
다부니의 메가진화 형태인, 메가다부니가 공개되었습니다. 공개 이후 Youtube 북미 포켓몬
채널에서 메가다부니와 관련된 영상이 업로드되었습니다.
&amp;#8203;
&amp;#8203;
&amp;#8203;
원래 여기에서의 공개가 최초 공개가 되어야 합니다만, 이번 달 오메가루비/알파사파이어
정보가 일본과 한국 공식 홈페이지에 업데이트되었던 지난 12일에 한국 공식 홈페이지에서
실수로 메가다부니에 대한 정보가 공개되어버리는 바람에[관련 포스.......</description>
  <category>Pokemon News(E)</category>
  <tag>게임,포켓몬,포켓몬스터,다부니,메가진화,메가다부니</tag>
</item>