﻿<?xml version="1.0" encoding="utf-8"?>
<item>
  <title>PGL 레이팅 배틀 시즌 6 스페셜 배틀 참가 금지 포켓몬 발표</title>
  <link>http://blog.naver.com/riomedevon/220091366729</link>
  <description>  &amp;#8203;
&amp;#8203;
지난 5월에 '앞으로의 레이팅배틀ㆍ스페셜의 레귤레이션에 대한 안내'를 통해서 '포켓몬 랭킹
상위 포켓몬 사용 불가의 더블배틀'를 고시한 레이팅 배틀 시즌 6의 스페셜 배틀. 그러면서
기준이 되는 포켓몬 랭킹 상위 포켓몬은 시즌 1부터 시즌 4 더블 배틀 부문 최종 랭킹과 시즌 5
더블 배틀 부문 중간 랭킹에 들어간 포켓몬이라고 발표한 바 있습니다.
&amp;#8203;
발표 후 3개월이 지나 시즌 5(7월 14일 ~ 9월 8일)가 한창 진행 중인 지난 13일, 포켓몬 글로벌
링크(PGL)를 통해서 시즌 6의 스페셜 배틀에서 제외되는 포켓몬 목록이 발표되었습니다.
&amp;#8203;
[ 레이팅배틀 &amp;lt;시즌6&amp;gt;스페셜 배틀의 룰에 대하.......</description>
  <category>Pokemon News(K)</category>
  <tag>게임,포켓몬,포켓몬스터,PGL</tag>
</item>