﻿<?xml version="1.0" encoding="utf-8"?>
<item>
  <title>라인 레인저스하고 라인 캐릭터 대형 쿠션과 문화상품권 받자!</title>
  <link>http://blog.naver.com/yspray4u/220063558517</link>
  <description>포켓 메이플스토리의 소식과 함께 다시금 활기를 찾아가는 카페 매니저이자요즘 닉네임 스틸을 잘 당하는 네이버 파워 블로거무적용팔입니다.CBT 날짜 기다리시면서 지루한 시간을 달래고자 전세계 2,000만 다운로드를 눈앞에 두고 있는 라인 레인저스의 카페 이벤트를 진행합니다.[이벤트 경품]라인 캐릭터 대형 쿠션 2명, 문화상품권 5천원 10명[참여 방법]라인 레인저스를 다운 받고, 10스테이지까지 클리어 한 인증샷을 무적용팔의 카페 이벤트 게시판에 업로드 한다.[이벤트 기간]2014년 07월 17일 ~ 07월 30일게임 다운로드 주소: http://me2.do/Gfib50uh 이벤트 게시판 주소: http://me2.do/xzCnrt0o(이거시 바로 위엄 돋는 라인 캐릭터 쿠.......</description>
  <category>이벤트</category>
  <tag>게임,라인레인저스,라인캐릭터상품,라인캐릭터인형,문화상품권이벤트,라인캐릭터쿠션</tag>
</item>