﻿<?xml version="1.0" encoding="utf-8"?>
<item>
  <title>오메가루비/알파사파이어 한국 공식 홈페이지 갱신(8월 12일자)</title>
  <link>http://blog.naver.com/riomedevon/220089542954</link>
  <description>  &amp;#8203;
&amp;#8203;
오메가루비/알파사파이어 발매 발표 이후 3개월째가 되는 8월에 세번째 정보가 오늘(12일),
공식 홈페이지에 올라왔습니다. 일요일에 갱신된 미국과 유럽에 비하면 늦기는 합니다만,
한글판 스크린샷으로 새로운 정보를 확인해볼 수 있다는 점이 메리트일 것입니다. 어떠한
내용이 올라왔는지 자세히 알아보도록 하겠습니다.
&amp;#8203;
&amp;#8203;
◎ 새로운 메가진화 포켓몬들
6월의 메가나무킹과 메가대짱이, 메가깜까미, 메가디안시, 7월의 메가메타그로스에 이어서&amp;#8203;
8월에도 메가진화 포켓몬이 3종 공개되었습니다.
&amp;#8203;
&amp;#8203;
&amp;#8203;
- 메가파비코리
3세대에서 등장한 파비코리의 메가진화형으.......</description>
  <category>Pokemon News(K)</category>
  <tag>게임,포켓몬,포켓몬스터,오메가루비,알파사파이어,콘테스트,메가진화,메탕</tag>
</item>