﻿<?xml version="1.0" encoding="utf-8"?>
<item>
  <title>월간 코로코로 코믹 2014년 9월호 공개 내용(1차 수정)</title>
  <link>http://blog.naver.com/riomedevon/220085769726</link>
  <description>  &amp;#8203; 월간 코로코로 코믹 2014년 9월호의 일본 내 발매일을 1주일 정도 남겨두고 있는 가운데,
벌써부터 월간 코로코로 코믹의 내용이 공개되었습니다. 현재 공개된 내용은 메가진화와
피카츄입니다.&amp;#8203;
&amp;#8203;
&amp;#8203;◎ 새로운 메가진화 포켓몬
오메가루비/알파사파이어 발표 이후 메가진화가 꾸준히 공개되고 있는 가운데 지난 달의
메가메타그로스에 이어서이번 달에 공개된 새로운 메가진화 포켓몬은 메가파비코리,
메가이어롭, 메가보만다입니다.
&amp;#8203;
&amp;#8203;
&amp;#8203;
메가파비코리
타입 : 드래곤/비행 -&amp;gt; 드래곤/페어리
특성 : 자연회복ㆍ날씨부정(DW) -&amp;gt; 페어리스킨&amp;#8203;
키 : 1.1m -&amp;gt; 1.5m /.......</description>
  <category>Pokemon News(J)</category>
  <tag>게임,포켓몬,포켓몬스터,오메가루비,알파사파이어,파비코리,이어롭,보만다,피카츄</tag>
</item>