﻿<?xml version="1.0" encoding="utf-8"?>
<item>
  <title>포켓몬 콘테스트 in OR/AS - '얼마나 달라져야 하는가'에 대하여</title>
  <link>http://blog.naver.com/riomedevon/220087207336</link>
  <description> 
&amp;#8203;
&amp;#8203;
&amp;#8203;
이번 월간 코로코로 코믹 2014년 9월호에서 공개된 오메가루비/알파사파이어 관련 정보
중에서 가장 큰 화제를 불러일으킨 건 새로운 메가진화 포켓몬이었을 겁니다. 15년 만에추가된
18번째 타입 페어리 타입 등장 이후 유저들이 꿈꾸던 환상의 드래곤 킬러 조합 -드래곤/페어리
조합의 등장을알린 메가파비코리, 메가뮤츠X처럼 격투 타입이 추가되고정반대의 이미지를
만들어낸 메가&amp;#8203;이어롭, 그리고 600족 포켓몬 중 4번째로 메가진화를 얻게 된 메가보만다까지.
&amp;#8203;
&amp;#8203;
&amp;#8203;
하지만 개인적으로는 이번 달 공개된 정보 중 제작사 쪽에서 가장 중점을 둔 건 메가진화가
아니라 포켓몬.......</description>
  <category>Pokemon Theme </category>
  <tag>게임,포켓몬,포켓몬스터,콘테스트</tag>
</item>