﻿<?xml version="1.0" encoding="utf-8"?>
<item>
  <title>6기 극장판 배포 지라치 정보 1차 공개!</title>
  <link>http://blog.naver.com/riomedevon/220074250047</link>
  <description>  &amp;#8203;
&amp;#8203;
포켓몬스터 6기 극장판 '아름다운 소원의 별 지라치'의 개봉일이 8월 14일(목)로 확정된
가운데 오늘(28일), 포켓몬스터 X/Y로 배포되는 환상의 포켓몬 지라치에 대한 1차 정보가
6기 극장판 공식 홈페이지를 통해 공개되었습니다.
&amp;#8203;
&amp;#8203;
&amp;#8203;
&amp;#8203;
'시리얼 넘버 입력'이라는 방식을 통해 배포되는 지라치는 색이 다른(이로치가이) 모습이
아니라 일반 지라치이며,지니고 있는 도구가 용아열매, 레벨은 5, 어버이명은 '소원의 별'
입니다. 프레셔스볼과 클래식리본도 있습니다. 가장 중요하다고 할 수 있는 기술은 이번주
금요일인 8월 1일에 공개될 예정입니다.&amp;#8203; 공개되지 않은 ID No.는.......</description>
  <category>Pokemon News(K)</category>
  <tag>게임,포켓몬,포켓몬스터,지라치</tag>
</item>