﻿<?xml version="1.0" encoding="utf-8"?>
<item>
  <title>루비/사파이어 스토리 공략 : 6. 굴뚝산 정상과 네번째 체육관</title>
  <link>http://blog.naver.com/riomedevon/220085214422</link>
  <description>  2002년 11월 21일 일본에서 발매된 후 정확히 12년 만에 리메이크작으로 돌아오게 되는 루비/
사파이어의 스토리 공략. 여섯번째 포스트는 굴뚝산 정상에서 111번 도로에 있는사막까지의
내용입니다.&amp;#8203; 첫번째 파트는 굴뚝산 정상, 두번째 파트는 데굴데굴산길과 용암마을, 세번째
파트는 네번째 체육관, 그리고 마지막 파트는 111번 도로의 사막과 관련된내용이 담겨져
있습니다.&amp;#8203;
&amp;#8203;
* 여섯번째 포스트의 첫번째 파트는 원래 다섯번째 포스트 마지막 파트였습니다만 포스트
내용이 너무 길어지게 되어이쪽으로 옮기게 &amp;#8203;되었습니다.
===================================================================&amp;#.......</description>
  <category>Story : R/S</category>
  <tag>게임,포켓몬,포켓몬스터,루비,사파이어,스토리</tag>
</item>