﻿<?xml version="1.0" encoding="utf-8"?>
<item>
  <title>포켓몬 17기 극장판, 겨울 국내 개봉 결정!(수정)</title>
  <link>http://blog.naver.com/riomedevon/220082783094</link>
  <description>  &amp;#8203;
&amp;#8203;
오늘(5일) 서울 용산 CGV에서 진행된 6기 극장판 '아름다운 소원의 별 지라치' 시사회 종료 후
공개된 특별 영상에 따르면, 최신 극장판인 17기 극장판 '파괴의 고치와 디안시'가 올해
겨울에 개봉된다고 합니다. (위 이미지는 일본판) 현재 가제(假題)로 '파괴의 포켓몬'이라
공개된 것으로 보아 국내 제목은 '파괴의 포켓몬과 디안시'가 될 것으로 보여집니다. 동시
개봉되었던 단편 '피카츄 이건 무슨 열쇠?' 역시 같이 공개됩니다.
&amp;#8203;
17기 극장판 '파괴의 고치와 디안시'는일본에서 7월 19일에 개봉되었으며, 특별전매권 특전
포켓몬으로는 인기투표로 선발된 다크라이가, 영화관 배포 포켓몬으로는 주.......</description>
  <category>Pokemon News(K)</category>
  <tag>게임,포켓몬,포켓몬스터,디안시,만화·애니</tag>
</item>