﻿<?xml version="1.0" encoding="utf-8"?>
<item>
  <title>몬스터길들이기 수영복 이벤트 던전 업데이트 영상</title>
  <link>http://blog.naver.com/yspray4u/220063468706</link>
  <description>(몬스터길들이기 뜨거운 해변가 이벤트 던전 플레이 영상)얼마전 세븐나이츠의 수영복 코스츔 업데이트 도발에 대한 응답일까?몬스터길들이기도 수영복을 겨냥한 해변 이벤트 던전 업데이트를 시행하였다. (물론 도발에 넘어가서 이런 업데이트를 했다고 생각되지는 않는다.)(어떤 게임이든 수영복은 진리입니다~ 언제나 전개는 기승전수영복!!)(여름 맞이 업데이트로 생성된 해변가 이벤트 던전...전투 자체의 재미는 그닥...)본 이벤트 던전에서는 새로운 이벤트 비키니 몬스터와 착용해도 비키니 코스츔이 안되는 비키니 장비 등을 획득할 수 있으나, 전투 자체의 재미는 기존의 이벤트 던전이나 현재 모험 던전들에 비해서 낮다는 것은 함정.......</description>
  <category>몬스터길들이기</category>
  <tag>몬스터길들이기,게임,몬스터길들이기수영복업데이트,몬스터길들이기수영복던전,몬스터길들이기해변가모험모드,몬길</tag>
</item>