﻿<?xml version="1.0" encoding="utf-8"?>
<item>
  <title>6기 극장판 관련 배포 지라치의 기술 공개!</title>
  <link>http://blog.naver.com/riomedevon/220079087253</link>
  <description> 
&amp;#8203; &amp;#8203;
8월 14일(목)로 개봉을 확정짓고 시사회 당첨자까지 공개된 6기 극장판&amp;#8203; '아름다운 소원의 별
지라치'. 6기 극장판과 관련되어 배포될 지라치의 스펙이 지난 월요일, 기술을 제외한 대부분의
정보가 공개되었고, 오늘, 기술 공개를 끝으로 모두 공개되었습니다.
&amp;#8203;
&amp;#8203;
&amp;#8203;
배우고 있는 기술은 희망사항 / 염동력 / 잠자기 / 치유소원입니다. 치유소원을 제외한나머지 기술들은 지라치가 레벨 10일 때 배우고 있는 기술들이며(희망사항, 염동력 - 레벨 1,
잠자기 - 레벨 5) 레벨 10에 배우게 되는 스피드스타 대신 레벨 50에 배우는 치유소원을
배우고 있습니다. 배워야할 레벨보다 빨리 배우.......</description>
  <category>Pokemon News(K)</category>
  <tag>게임,포켓몬,포켓몬스터,지라치</tag>
</item>