﻿<?xml version="1.0" encoding="utf-8"?>
<item>
  <title>볼모양의 비비용 배포에 대하여</title>
  <link>http://blog.naver.com/riomedevon/220085161753</link>
  <description>  &amp;#8203;
&amp;#8203;
&amp;#8203; 2013년 10월에 발매된포켓몬스터 X/Y에서 새로 등장하는 포켓몬 중에는 비비용이라고 하는
나비 포켓몬이 있습니다.&amp;#8203; 포켓몬 중에 비비용 같은 나비 포켓몬이 없었던 건 아니지만(버터플,
뷰티플라이 등) 비비용의 날개 무늬는 하나만 있는 것이 아니라서 20개나 됩니다.
&amp;#8203;
&amp;#8203;
&amp;#8203;
그 중에서 위의 &amp;#8203;18개는 게임 내에서 통신 교환을 통해 모을 수 있는 것이지만, 남은 2개는 통신
교환으로는 모을 수 없습니다. 이 2개는 포켓몬스터 브랜드를 총괄하는 포켓몬 컴퍼니에서
배포하는 이벤트를 통해서만 입수할 수 있습니다.
&amp;#8203;
&amp;#8203;
&amp;#8203;
남은 2개 중 하나인 '팬.......</description>
  <category>Pokemon Theme </category>
  <tag>게임,포켓몬,포켓몬스터,비비용</tag>
</item>