﻿<?xml version="1.0" encoding="utf-8"?>
<item>
  <title>6기 극장판 관련 지라치 배포 방법 공개!</title>
  <link>http://blog.naver.com/riomedevon/220081801563</link>
  <description>  &amp;#8203;
&amp;#8203;
국내 개봉까지열흘 정도 남겨둔여섯번째 극장판 '아름다운 소원의 별 지라치'. 그 극장판과 
관련하여배포되는 환상의 포켓몬 지라치의 스펙이 지난 주 공개된 가운데, 오늘(4일) 공식
홈페이지를 통해 입수 방법이 공개되었습니다.
&amp;#8203;
&amp;#8203;
&amp;#8203;
지라치를 받는 방법은 기존의 무선 통신이나 적외선 통신, 인터넷 통신(Wi-Fi 통신)과 다른
시리얼 코드 입력 방식을 사용합니다. 지난 4월에 진행된 올레 tv&amp;#8203; 리자몽 이벤트로 해보신
분들도 있으시겠지만, 극장판과 관련해서 시리얼 코드 입력 방식이 진행되는 건 국내에서는
처음이며, 일본판에서는 현재 개봉 중인 17기 극장판 '파괴의 고치와.......</description>
  <category>Pokemon News(K)</category>
  <tag>게임,포켓몬,포켓몬스터,지라치,시리얼코드</tag>
</item>