﻿<?xml version="1.0" encoding="utf-8"?>
<item>
  <title>루비/사파이어 스토리 공략 : 4. 잿빛시티와 세번째 체육관</title>
  <link>http://blog.naver.com/riomedevon/220078060458</link>
  <description>  2002년 11월 21일 일본에서 발매된 후 정확히 12년 만에 리메이크작으로 돌아오게 되는 루비/
사파이어의 스토리 공략. 네번째 포스트는 잿빛시티에서 보라시티에 있는 세번째 체육관에서
배지를 획득하기까지의 내용을 담고 있습니다. 첫번째 파트는 잿빛시티에서의 마그마단/
아쿠아단 &amp;#8203;관련 이벤트, 두번째 파트는 103번 도로와 110번 도로, 세번째 파트는 보라시티,
마지막 파트는&amp;#8203; 세번째 체육관 도전에 대한 내용입니다.
&amp;#8203;
&amp;#8203;====================================================================
&amp;#8203;
&amp;#8203; 
&amp;#8203;
무로마을의 부두에 있는 하기 노인에게 말을 걸어'잿빛(カイナ)'을 선택.......</description>
  <category>Story : R/S</category>
  <tag>게임,포켓몬,포켓몬스터,루비,사파이어,스토리</tag>
</item>