﻿<?xml version="1.0" encoding="utf-8"?>
<item>
  <title>루비/사파이어 스토리 공략 : 5. 잔디마을과 유성의폭포</title>
  <link>http://blog.naver.com/riomedevon/220083021421</link>
  <description> 
&amp;#8203;
&amp;#8203; 2002년 11월 21일 일본에서 발매된 후 정확히 12년 만에 리메이크작으로 돌아오게 되는 루비/
사파이어의 스토리 공략. 다섯번째 포스트는 잔디마을에서&amp;#8203; 굴뚝산 정상까지의 내용입니다.
첫번째 파트는 잔디마을과 금잔터널, 두번째 파트는 111번 도로와 112번 도로, 불꽃샛길,
세번째 파트는 &amp;#8203;113번 도로와 단풍마을, 그리고 마지막 파트는114번 도로와 유성의폭포,
115번 도로까지의 내용이 담겨져 있습니다.
&amp;#8203;
＊ 굴뚝산 정상에서의 이벤트에 대해 다루었던 마지막 파트&amp;#8203;는 다음 포스트로 이동했습니다.&amp;#8203;
====================================================================
.......</description>
  <category>Story : R/S</category>
  <tag>게임,포켓몬,포켓몬스터,루비,사파이어,스토리</tag>
</item>