﻿<?xml version="1.0" encoding="utf-8"?>
<item>
  <title>6기 극장판 '아름다운 소원의 별 지라치' 국내 개봉일 결정!</title>
  <link>http://blog.naver.com/riomedevon/220066307671</link>
  <description>  &amp;#8203;
&amp;#8203;
&amp;#8203;
&amp;#8203;
환상의 포켓몬 중 하나인 지라치의 X/Y 배포를 예고하고 있는 6기 극장판 '아름다운 소원의
별 지라치'의 국내 개봉일이 메인 예고편 영상을 통해서 확정되었습니다. 영상 말미에 공개된
개봉일은 2014년 8월 14일(목)로 광복절 연휴와 연계되어 개봉됩니다.
&amp;#8203;
&amp;#8203;
&amp;#8203;
또한, 지라치 선물 외에 포켓몬 영화 스페셜 카드 선물이 있다는 사실이 공개되었습니다. 현재
영화 공식 홈페이지&amp;#8203;에 있는 '선물 정보'란의 서브 메뉴 중 공개되지 않은 것 하나가 이 스페셜
카드에 대한 것일 가능성이 높아졌습니다.
&amp;#8203;
6기 극장판은 약 11년 전인 2003년 여름에 일본에서 개.......</description>
  <category>Pokemon News(K)</category>
  <tag>게임,만화·애니,포켓몬,포켓몬스터,지라치</tag>
</item>