﻿<?xml version="1.0" encoding="utf-8"?>
<item>
  <title>오메가루비/알파사파이어 한국 공식 홈페이지 갱신(7월 15일자)</title>
  <link>http://blog.naver.com/riomedevon/220060812143</link>
  <description>  
&amp;#8203;
한국 시간으로 오늘(15일) 0시를 전후해서 미국 및 유럽 쪽 공식 홈페이지를 시작으로, 한국과
일본의 공식 홈페이지에서도 월간 코로코로 코믹 2014년 8월호에서 발표된 내용이 올라오게
되었습니다. 이미 정리된 내용일 수 있겠습니다만, 홈페이지 캡처샷으로 보다 깔끔한 화질과
함께 한글판 스크린샷을 토대로 다시 한번 정리해보도록 하겠습니다.
&amp;#8203;
&amp;#8203;
◎ 메타그로스의 메가진화, 메가메타그로스&amp;#8203;
&amp;#8203;
&amp;#8203;
&amp;#8203;
오메가루비/알파사파이어 정보 공개 시 주인공 및 마그마단/아쿠아단과 함께 소개되었던
인물이 바로 성호입니다. 성호가 루비/사파이어처럼 리그 챔피언인지 아니면 에.......</description>
  <category>Pokemon News(K)</category>
  <tag>게임,포켓몬,포켓몬스터,오메가루비,알파사파이어,메가메타그로스</tag>
</item>