﻿<?xml version="1.0" encoding="utf-8"?>
<item>
  <title>이번에 도착한 포켓몬센터 상품 리뷰(정상 버전)</title>
  <link>http://blog.naver.com/riomedevon/220062526944</link>
  <description>  &amp;#8203;
&amp;#8203;
지난 6월 말에 포켓몬스터 일본 공식 홈페이지에서 새로운 정보를 살펴보던 중에 pokemon
time이라는 걸 보게 되었습니다. pokemon time은 디자인팀 'play set products'와 콜라보를
통해서 만든 상품으로서 7월 12일부터 7탄 상품이 발매된다는 내용이었습니다.
&amp;#8203;
&amp;#8203;
&amp;#8203;
그런데 7탄&amp;#8203;에 포함된 포켓몬 중에 다꼬리가 포함되어 있었던 겁니다. 다꼬리를 좋아하기는
했지만, 관련&amp;#8203; 상품이 잘 나오지 않아서 아쉬워하던 찰나에 이렇게 관련 상품이 나오게 되어서
망설임없이 구매를 바로 결정하게 되었습니다.
&amp;#8203;
사실 포켓몬센터에서 나오는 상품 중 일부는나중에 아마존 저팬.......</description>
  <category>Pokemon Play</category>
  <tag>게임,포켓몬,포켓몬스터,포켓몬센터,다꼬리</tag>
</item>