﻿<?xml version="1.0" encoding="utf-8"?>
<item>
  <title>17기 극장판 관련 배포 포켓몬 정리</title>
  <link>http://blog.naver.com/riomedevon/220064758009</link>
  <description>  &amp;#8203;
&amp;#8203;
X/Y를 기반으로 하는 첫 극장판이 되는17번째 극장판공개가 엊그제 같은데, 내일(19일)
일본에서 '파괴의 고치와 디안시'가 정식 개봉됩니다. 이번 극장판 역시 예매권의 일종인
특별전매권 특전과 17기 극장판을 상영하는 영화관에서 배포되는 상영 극장 배포 포켓몬,
이렇게 2종이 17기 극장판과 관련되어 배포됩니다.
한국에서는 예년과 마찬가지로 겨울 개봉이 유력시되며, 극장판과 관련된 포켓몬들 또한
그때 배포될 가능성이 높은 만큼, 거의 비슷한 스펙이 될포켓몬들이 어떤 스펙과 의미를
가지고 있는지 다시 한번 정리해보도록 하겠습니다.&amp;#8203;
&amp;#8203;
&amp;#8203;
&amp;#8203;
&amp;#8203;
- 특별전매권 특.......</description>
  <category>Pokemon Theme </category>
  <tag>게임,포켓몬,포켓몬스터,디안시,다크라이</tag>
</item>