﻿<?xml version="1.0" encoding="utf-8"?>
<item>
  <title>루비/사파이어 스토리 공략 : 2. 등화시티와 첫번째 체육관</title>
  <link>http://blog.naver.com/riomedevon/220066468848</link>
  <description>  2002년 11월 21일 일본에서 발매된 후 정확히 12년만에 리메이크작으로 돌아오게 되는 루비/
사파이어의 스토리 공략. 두번째 포스트는 등화시티 도착에서 첫번째 배지 획득까지의 내용을
담고 있습니다.&amp;#8203; 첫번째 파트는 등화시티, 두번째 파트는 104번 도로와 등화숲, 세번째 파트는
등화시티와 116번 도로, 그리고 네번째 파트는 등화시티 체육관 도전에 대한 내용입니다.&amp;#8203;
&amp;#8203;
===================================================================&amp;#8203;=
&amp;#8203;
&amp;#8203;
&amp;#8203;
&amp;#8203; 등화시티는 미로마을이나 고도마을처럼 '마을'이 아니라'시티'가 붙은 만큼 큰 곳입니다.
하지만 스토리 초반이라서.......</description>
  <category>Story : R/S</category>
  <tag>게임,포켓몬,포켓몬스터,루비,사파이어,스토리공략</tag>
</item>