﻿<?xml version="1.0" encoding="utf-8"?>
<item>
  <title>포켓 메이플스토리 추가 정보 및 CBT 모집 이벤트 안내</title>
  <link>http://blog.naver.com/yspray4u/220063034482</link>
  <description>메이플스토리 Live 2가 포켓 메이플스토리 for Kakao로 출시된다는 소식 이후, 유저분들이 오해하는 한가지가 있어서, 영상과 함께 추가 소식을 들고 왔습니다.가장 큰 오해 중 하나는 기존의 필드형 사냥이 아닌 인스턴트 던전형 사냥만 지원한다 .였는데...이전 포스팅 내용과 댓글에도 말씀 드렸지만, 이번 포켓 메이플스토리 for Kakao는 기존 필드형 사냥 + 인스턴트 던전 사냥입니다.(기존 메이플스토리 Live 처럼 캐릭터 별 스토리도 있고...)(마을도 있고...)(필드 전투도 있고...)(자동 전투도 있고...ㄷㄷ)그 인스턴트 사냥은 유저들과 실시간 파티로 최대 4인이 함께 플레이 할 수 있는 던전이구요.각 던전은 입장 제한 레벨이 있으며.......</description>
  <category>메이플스토리</category>
  <tag>게임,포켓메이플스토리,메이플스토리,메이플스토리Live2,모바일메이플스토리,메이플,메라,메라2,포켓메이플스토리forKakao,포켓메이플스토리CBT</tag>
</item>