﻿<?xml version="1.0" encoding="utf-8"?>
<item>
  <title>루비/사파이어 스토리 공략 : 3. 두번째 체육관과 성호</title>
  <link>http://blog.naver.com/riomedevon/220072965703</link>
  <description>  &amp;#8203; 2002년 11월 21일 일본에서 발매된 후 정확히 12년 만에 리메이크작으로 돌아오게 되는 루비/
사파이어의 스토리 공략. 세번째 포스트는 데본코퍼레이션 이벤트부터 성호와의 만남까지의
내용을 담고 있습니다. 첫번째 파트는 데본코퍼레이션 관련 이벤트, 두번째 파트는 무로마을과
바위동굴, 세번째 파트는무로마을 체육관, 마지막 파트는 성호와의 만남입니다.&amp;#8203;
&amp;#8203;
==================================================================&amp;#8203;== &amp;#8203; 
&amp;#8203;
이전 포스트에서 언급한 대로 첫번째 체육관에서 배지를 획득한 후에 체육관을 나와서 왼쪽에
있는 데본 코퍼레이션 쪽으로 이동하다보면 이.......</description>
  <category>Story : R/S</category>
  <tag>게임,포켓몬,포켓몬스터,루비,사파이어,스토리,성호</tag>
</item>