﻿<?xml version="1.0" encoding="utf-8"?>
<item>
  <title>환상의 포켓몬, 디안시를 만나다!</title>
  <link>http://blog.naver.com/riomedevon/220069931047</link>
  <description>  &amp;#8203;
&amp;#8203;
지난주 토요일에 일본에서 개봉한 17기 극장판 '파괴의 고치와 디안시'. 그 극장판의 주역
포켓몬인 환상의 포켓몬 디안시를 오늘 입수하였습니다. 예전 같았으면일본 쪽 게시판에서
직접 구해보려고 할텐데, 나이가 들다보니그럴 여유가 없어져국내에서 극장판이 개봉하게
되면 그때 입수해볼까 생각하고 있었습니다만, 삼오십오님께서 교환해주셔서개봉 직후라는
적절한시기에 입수할 수 있게되었습니다.
&amp;#8203;
이 자리를 빌어서 다시 한번 감사의 말씀을 드리겠고, 감사가 부족한 것 같아서 교환해주신
디안시를 소재로열심히 한번 써보았습니다. 지난 2012년에 케르디오와 메로엣타를 처음
입수했을 때도비.......</description>
  <category>Pokemon Play</category>
  <tag>게임,포켓몬,포켓몬스터,X,Y,디안시,마나피,피오네</tag>
</item>