﻿<?xml version="1.0" encoding="utf-8"?>
<item>
  <title>인터넷 대회 '피카츄 대회중(チュウ)' 개최 결정!</title>
  <link>http://blog.naver.com/riomedevon/220071511667</link>
  <description>  &amp;#8203;
&amp;#8203;
일본에서 개최될 예정인 '피카츄 대량발생중! at 요코하마 미나토미라이'('중(中)'을 일본어로
읽으면 '츄(チュウ)'가 되어 앞 단어의'피카츄'와 끝의 글자가 같아지게 된다)와 함께 인터넷
대회가 개최가 결정&amp;#8203;되었습니다. 그 이름도 '피카츄 대회중(チュウ)!'으로 피카츄가 반드시 
참가해야 하는 대회입니다.
&amp;#8203;
배틀 방식은 트리플 배틀로, 6세대 환경 하의 인터넷 &amp;#8203;대회 중 최초로 트리플 배틀을 채택한
대회입니다. 이로서 포켓몬 글로벌 링크(PGL)에서 채택한 네가지 배틀(싱글배틀 / 더블배틀 /
트리플배틀 / 로테이션배틀)로 최소 한 번씩 대회가 열리게 되었습니다.    
.......</description>
  <category>Pokemon News(J)</category>
  <tag>게임,포켓몬,포켓몬스터,피카츄,PGL</tag>
</item>