﻿<?xml version="1.0" encoding="utf-8"?>
<item>
  <title>루비/사파이어 스토리 공략 : 1. 모험의 시작</title>
  <link>http://blog.naver.com/riomedevon/220063693234</link>
  <description>  &amp;#8203; 
&amp;#8203;
&amp;#8203; 본 블로그 '미오시티의 작은 도서관'에서 올리는 포켓몬스터 시리즈스토리 공략, 그 열번째
타이틀은 지금의 포켓몬스터 시리즈를 완성시켰다고 해도 과언이 아닌 3세대 포켓몬스터 루비/
사파이어입니다.
&amp;#8203;
그동안 재공략을 포함해서 많은 버전의 스토리 공략&amp;#8203;을 작성하였는데, 루비/사파이어와 같은
무대인 호연 지방을 배경으로 하는에메랄드를 두번째 스토리 공략으로 다룬 적이 있었습니다.
호연 지방을 다루는 스토리 공략으로 루비/사파이어가 아니라에메랄드를 한건 에메랄드에서
루비에서만 등장하는 그란돈과 사파이어에서만 등장하는 가이오가를 모두 포획할 수 있으므로
에.......</description>
  <category>Story : R/S</category>
  <tag>게임,포켓몬,포켓몬스터,루비,사파이어</tag>
</item>