﻿<?xml version="1.0" encoding="utf-8"?>
<item>
  <title>크리티카: 혼돈의 서막 - 높은 완성도와 함께 적절한 타이밍에 출시한 모바일 ARPG</title>
  <link>http://blog.naver.com/yspray4u/220061410410</link>
  <description>게임명크리티카: 혼돈의 서막평점 및 간단 평높은 완성도와 함께 이 장르가 가장 유행할 적절한 타이밍에 출시된 게임.이번 모바일 게임이 온라인 원작의 인기와 매출을 추월할 것을 조심스레 확신해 본다.다운로드구글플레이: http://me2.do/FsfKp8OH앱스토어: http://me2.do/5ZDvplrE
[무적용팔의 여름 휴가 현금 지원 블로그 이벤트 바로가기]&amp;#8203;무적용팔과 더욱 친해지기  </description>
  <category>안드로이드게임</category>
  <tag>게임,크리티카:혼돈의서막,크리티카,크리티카모바일,모바일크리티카,모바일ARPG</tag>
</item>