﻿<?xml version="1.0" encoding="utf-8"?>
<item>
  <title>앞으로 진행될 인터넷 대회 변경 내용</title>
  <link>http://blog.naver.com/riomedevon/220057764132</link>
  <description>  지난 &amp;#8203;5월 오메가루비/알파사파이어의 발매가 발표된 후 웹사이트 포켓몬 글로벌 링크(PGL)에
올라왔던 '앞으로 진행될 인터넷 대회&amp;#8203;'에서 변경된 내용이 있음을 어제(11일) 공식 홈페이지를
통해서 공개했습니다. &amp;#8203;
&amp;#8203;
변경되는 내용이 있는 대회는 시기상 오메가루비/알파사파이어 발매 직전에 개최될 '할로윈
파티'&amp;#8203;로서, 기존에는 단순히 펌킨인이 반드시 포함되어 있어야하는 조건이었지만, 이번 변경을
통해서 펌킨인(특대 사이즈&amp;#8203;)을 가지고 있어야 하는 조건이 추가되었습니다.
&amp;#8203;
&amp;#8203;
&amp;#8203;
펌킨인의 진화 전형태인 호바귀는X/Y의 16번 도로&amp;#8203;에서만 출현하는데.......</description>
  <category>Pokemon News(K)</category>
  <tag>게임,포켓몬,포켓몬스터,X,Y,펌킨인,호바귀</tag>
</item>