﻿<?xml version="1.0" encoding="utf-8"?>
<item>
  <title>오메가루비/알파사파이어의 '슈퍼비밀기지', 원작으로 파고들어보기</title>
  <link>http://blog.naver.com/riomedevon/220055445603</link>
  <description>   오늘 공개된 오메가루비/알파사파이어의 슈퍼비밀기지에 대해서 포스트를 통해서 어느 정도
분석해보았습니다만, 보다 자세한 이해를 위해서는 역시 원작을 살펴볼 필요가 있을 겁니다.
언어의 장벽이나 닌텐도 DS Lite가 없어서 원작을 못해보신 유저들이나오래 전에 플레이하여
기억이 가물가물하신 분들, 혹은 해보기는 해보았지만 비밀기지는 해보지 못한 유저들을 위해
비밀기지에 대해서 간단히 소개해보고자 합니다. &amp;#8203;
&amp;#8203;
&amp;#8203;
오메가루비/알파사파이어의 원작인 루비/사파이어(및 에메랄드)에서의 비밀기지는 배틀 만이
아니라 다른 요소로 자신을 표현하는,사실상 시리즈 최초의 요소이기도 합니다. .......</description>
  <category>Pokemon Theme </category>
  <tag>게임,포켓몬,포켓몬스터,비밀기지,루비,사파이어,에메랄드,오메가루비,알파사파이어</tag>
</item>