﻿<?xml version="1.0" encoding="utf-8"?>
<item>
  <title>월간 코로코로 코믹 2014년 8월호 - 메가메타그로스 공개!</title>
  <link>http://blog.naver.com/riomedevon/220056628520</link>
  <description>  &amp;#8203;
&amp;#8203;
오는 15일, 일본에서 발매될 예정인 월간 코로코로코믹 2014년 8월호를 통해서 메타그로스의
메가진화형인 메가메타그로스가 공개되었습니다. 메가진화한 메타그로스는 네 개의 커다란
발이 몸 앞으로 이동하고 뒤에 작은 발 2개가 새로 생긴 모습입니다.그리고 유저들의 예상대로&amp;#8203;
성호는 메가진화에 필요한 키스톤이 옷깃에 끼어져 있었으며, 자신의 에이스 포켓몬인
메타그로스가 메가메타그로스로 메가진화하게 됩니다.
&amp;#8203;
그리고 에메랄드가 아니라 루비/사파이어 그대로 성호가 리그 챔피언으로 등장하게 되는
것도 밝혀졌습니다.&amp;#8203; 이럴 경우 루네시티에 있는 마지막 체육관 관장은 에메랄.......</description>
  <category>Pokemon News(J)</category>
  <tag>게임,포켓몬,포켓몬스터,코로코로코믹,오메가루비,알파사파이어,메타그로스,성호</tag>
</item>