﻿<?xml version="1.0" encoding="utf-8"?>
<item>
  <title>한글판에서의 환상의 포켓몬 배포 정리(2014년 7월 기준)</title>
  <link>http://blog.naver.com/riomedevon/220053493516</link>
  <description> 
&amp;#8203;
2008년 '포켓몬스터 DP 디아루가/펄기아'를발매한 이후 포켓몬스터 시리즈의 한글판은
꾸준히 발매되어왔습니다. 그 결과 5세대에서는 게임과 연동되는 웹사이트 포켓몬 글로벌
링크의 7개 언어판 중 하나에 속하게 되었고, 6세대인 포켓몬스터 X/Y에서는 동시 발매 지역
중 하나가 되고게임 시작 시 선택할 수 있는 7개 언어판으로 선택되는 등세계와의 간격을
좁혀가고 있습니다.
&amp;#8203;
&amp;#8203;
&amp;#8203;
3세대 소프트가 한글판으로 나오지 않았기 때문에 한국에서만 배포된 포켓몬은 많지 않기는
하지만, 게임 내에서 인정하는 전국도감의 완성이 아닌 환상의 포켓몬까지 포함된, 전국도감의
온전한 완성을 목표로 하.......</description>
  <category>Pokemon Theme </category>
  <tag>게임,포켓몬,포켓몬스터,환상의포켓몬</tag>
</item>