﻿<?xml version="1.0" encoding="utf-8"?>
<item>
  <title>일본 포켓몬센터에서 볼 모양의 비비용 배포 결정!</title>
  <link>http://blog.naver.com/riomedevon/220057174230</link>
  <description>  얼마 전 GTS에서 교환된 포켓몬 수가 1억 마리를 돌파하여 팬시한 모양의 비비용 전세계
동시 배포 이벤트가 진행 중인 가운데, 지난 6월 프랑스 파리에서만 배포되었던 볼 모양의
비비용도 일본에서도 입수할 수 있게 되었습니다.
&amp;#8203;
&amp;#8203;
&amp;#8203;
일본 포켓몬 센터 8곳(삿포로, 토호쿠, 도쿄, 도쿄베이, 요코하마, 오사카, 나고야, 후쿠오카)과
고베에서 진행되는 '포켓몬센터 여름 축제 in &amp;#8203;다이마루고베(大丸神&amp;#25144;)'에서는 2014년 8월 1일
(금)부터 2014년 8월 31일(일)까지 볼모양의 비비용을 받을 수 있습니다. (단, 여름 축제는
18일(월)까지만 받을 수 있음)
&amp;#8203;
&amp;#8203;
&amp;#8203;
이번에 배포.......</description>
  <category>Pokemon News(J)</category>
  <tag>게임,포켓몬,포켓몬스터,비비용,포켓몬센터,X,Y</tag>
</item>