﻿<?xml version="1.0" encoding="utf-8"?>
<item>
  <title>월간 코로코로 코믹 2014년 8월호 - 메가디안시의 특성</title>
  <link>http://blog.naver.com/riomedevon/220058119436</link>
  <description>  일본 내 개봉일(7월 19일)까지 1주일 남은 17기 극장판 '파괴의 고치와 디안시'. 이 영화를
상영하는 극장에서 배포되는 환상의 포켓몬 디안시가 메가진화한 형태인 메가디안시의 특성이
이번 월간 코로코로 코믹 2014년 8월호(7월 15일 발매)&amp;#8203;를 통해서 공개되었습니다.
&amp;#8203;
&amp;#8203;
&amp;#8203;
공개된 메가디안시의 특성은 바로 '매직미러(マジックミラ&amp;#12540;)'입니다.&amp;#8203; 메가진화 전의 특성은
클리어바디였으니 디안시를 상대로 능력치를 하락시키거나(클리어바디) 안좋은 효과를 가진
변화계 기술을 사용한다거나(매직미러) 할 수 없게 되었습니다. 그리고 메가진화를 통해서
스피드가 대폭 증가한다고 합니다........</description>
  <category>Pokemon News(J)</category>
  <tag>게임,포켓몬,포켓몬스터,디안시,메가디안시,매직미러</tag>
</item>