﻿<?xml version="1.0" encoding="utf-8"?>
<item>
  <title>오메가루비/알파사파이어 한국 공식 홈페이지 갱신(7월 9일자) 및 분석</title>
  <link>http://blog.naver.com/riomedevon/220054847777</link>
  <description>  &amp;#8203;
&amp;#8203;
오늘(9일) 아침, 포켓몬코리아를 비롯한 각국 오메가루비/알파사파이어 공식 홈페이지를 통해
오메가루비/알파사파이어에 대한 새로운 &amp;#8203;정보가 공개되었습니다. 월간 코로코로 코믹 2014년
8월호(7월 15일&amp;#8203; 발매) 발매와 어떤 정보가 공개되었는지 확인해보시기 바랍니다.
&amp;#8203;
&amp;#8203;
&amp;#8203;
&amp;#8203;
이번에 공개된 정보는 '슈퍼비밀기지'입니다. 비밀기지하면 신오 지방 지하의 지하통로에서
드릴로 만들었던게 생각나시는 분이 있으실텐데, 비밀기지가 시리즈에서 처음 등장한 건
오메가루비/알파사파이어의 원작인 루비/사파이어였습니다. 스토리 도중에 입수할 수 있는
기술머신 43 비밀.......</description>
  <category>Pokemon News(K)</category>
  <tag>게임,포켓몬,포켓몬스터,오메가루비,알파사파이어,비밀기지</tag>
</item>