﻿<?xml version="1.0" encoding="utf-8"?>
<item>
  <title>일본 포켓몬센터 토호쿠에서 색이 다른 지라치 배포 결정!</title>
  <link>http://blog.naver.com/riomedevon/220057199136</link>
  <description>  한국에서는 음력 칠석(8월 2일)이 있는 8월에 환상의 포켓몬 중 하나인 지라치가 등장하는
6기 극장판 '아름다운 소원의 별 지라치'가 개봉하면서 지라치 배포를 준비 중인 가운데,&amp;#8203;
일본 포켓몬센터 토호쿠에서는 색이 다른 지라치를 배포하는 이벤트가 진행됩니다. &amp;#8203;
&amp;#8203;
8월 1일(금)부터&amp;#8203; 8월 8일(금)까지 포켓몬센터 토호쿠에서만 진행되는 '포켓몬 타나바타(七夕)
마츠리' 개최를 기념하여 배포되는 색이 다른 지라치는 레벨 10이며, 프레셔스볼에 담겨져
있습니다. 배우고 있는 기술은 희망사항&amp;#8203; / 스피드스타 / 치유소원 / 문포스로, 치유소원은
레벨 50 때 배우는 기술이지만, 문포스는 일반.......</description>
  <category>Pokemon News(J)</category>
  <tag>게임,포켓몬,포켓몬스터,지라치</tag>
</item>