﻿<?xml version="1.0" encoding="utf-8"?>
<item>
  <title>월간 코로코로 코믹 2014년 8월호 - 피카츄, 박사, 등장인물</title>
  <link>http://blog.naver.com/riomedevon/220057766095</link>
  <description>  메타그로스의 메가진화 형태인 메가메타그로스&amp;#8203;가 먼저 공개된 가운데, 오는 15일 일본에서
발매될 예정인 월간 코로코로 코믹 2014년 8월호에서 포켓몬스터 시리즈의 신작, 오메가루비/
알파사파이어에 대한 내용이 속속 공개되고 있습니다.
&amp;#8203;
&amp;#8203;
◎ 피카츄의 새로운 모습 등장?
&amp;#8203;
&amp;#8203;
&amp;#8203;
첫 등장 이후 유저들에게나 일반인들에게나 포켓몬스터를 상징하는 포켓몬으로 인정받고 있는
피카츄. 이번 월간 코로코로 코믹 2014년 8월호에서 가장 눈길을 끄는 건 그 피카츄의 5가지
모습일 것입니다.        
아이돌 피카츄
닥터 피카츄
마스크드 피카츄
&amp;#8203; 
.......</description>
  <category>Pokemon News(J)</category>
  <tag>게임,포켓몬,포켓몬스터,코로코로코믹,피카츄,털보박사,포켓몬도감,사천왕,체육관관장</tag>
</item>