﻿<?xml version="1.0" encoding="utf-8"?>
<item>
  <title>오메가루비/알파사파이어 7월 정보 공개분 티저 영상</title>
  <link>http://blog.naver.com/riomedevon/220060453543</link>
  <description>  미국 유투브 포켓몬 공식 채널(링크)을 통해 지난 9일 공식 홈페이지와 월간 코로코로 코믹을
통해 공개된&amp;#8203; 정보들이 담겨진 공식 티저 영상이 공개되었습니다.  &amp;#8203;
대부분의 정보는 월간 코로코로 코믹에서 공개된 정보와 같습니다만, 체육관 안이나 대결 전
장면은 새로 공개되는 것이기에 캡처해보았으니 간단한 설명과 함께 참고해보시기 바랍니다. &amp;#8203;
&amp;#8203;
가장 처음 들어가볼 수 있지만 순서상으로는 다섯번째 체육관인 등화시티&amp;#8203; 체육관.
원작 루비/사파이어와 동일하게두 문 중 하나를 선택하여전진하는 방식인듯.
&amp;#8203;
&amp;#8203;
&amp;#8203;
&amp;#8203;
&amp;#8203;
&amp;#8203;주인공의 아버지.......</description>
  <category>Pokemon News(E)</category>
  <tag>게임,포켓몬,포켓몬스터,오메가루비,알파사파이어</tag>
</item>