﻿<?xml version="1.0" encoding="utf-8"?>
<item>
  <title>[140818] 구포역 (부제:한국복귀첫출사 및 ITX-새마을과 첫 조우)</title>
  <link>http://kimhr91.blog.me/220096028415</link>
  <description>◎ 6개월간의 유럽에서 생활을 마무리하고 한국에 온 지 거의 3일만에 나선 첫 출사. 사실 한국에 온 뒤 바로 다음날 ITX-새마을과 조우를 위해 출사준비를 했지만 시차적응으로 한동안 고생하고 오늘을 기준으로 완전히 극복해고자 아예 잠도안자고 버티기로 해서 우선 오전은 구포역에서 그동안 보지못했던 코레일 차량들과 짧은 조우를 가졌다. 짧지도 그렇다고 긴것도 아닌 6개월동안 생각보다 많이 한국철도가 변한걸 느꼈는데, 우선 구 새마을호의 멸종과 ITX-새마을의 등장(물론 부산지방에서...), 또한 6개월전 과 비교해 눈에띄게 감축된 화물열차 운행빈도 등으로 여러모로 부산에서 철덕질이란 참 재미없는(?)일이 되어가는 것 같았다.......</description>
  <category>Picture</category>
  <tag>Picture</tag>
</item>