﻿<?xml version="1.0" encoding="utf-8"?>
<item>
  <title>'팬시한 모양의 비비용' 배포 이벤트 일정 공개!</title>
  <link>http://blog.naver.com/riomedevon/220053172076</link>
  <description>  한국 시간으로 오늘(7일) 오전, GTS에서 교환된 포켓몬의 수가 1억 마리를 돌파하면서 지난
5월 말에 공지되었던 팬시한 모양의 비비용 배포 이벤트가 저녁에 바로 공개되었습니다. &amp;#8203;
&amp;#8203;
배포 기간은 7월 8일(화)부터 7월 31일(목)까지이며, &amp;#8203;많은 유저들이 받기 쉬운 배포 방법인
인터넷 통신(Wi-Fi 통신)을 통해서 배포됩니다.&amp;#8203; 또한, 언어판에 상관없이 인터넷 통신을
통해서 받으실 수 있습니다.&amp;#8203;
&amp;#8203;
&amp;#8203;
&amp;#8203;
이번에 배포되는 '팬시한 모양의 비비용'&amp;#8203;의 스펙은 위와 같습니다. 배우고 있는 기술 중에서
손에손잡기를 제외한 나머지 기술은 일반적으로 배울 수 있는 기술.......</description>
  <category>Pokemon News(K)</category>
  <tag>게임,포켓몬,포켓몬스터,비비용,X,Y,GTS</tag>
</item>