﻿<?xml version="1.0" encoding="utf-8"?>
<item>
  <title>몬스터길들이기 7성 나래 플레이 영상 및 7성 등급표</title>
  <link>http://blog.naver.com/yspray4u/220061319506</link>
  <description>(영상 촬영을 위해 계정을 대여해 주신 요시키 님께 감사 드립니다.)6성 미나가 너무 좋았던 탓일까?7성 미나에 해당되는 나래가 등장했을 때 많은 유저들은 미나가 7성이 되더니 쓰렉미나가 되었다. 라는 격한 표현들의 사용까지 아끼지 않을 정도로 7성 나래에 대한 악평들이 난무하였다.하지만, 정말로 7성 나래는 7성 중 하급에 속할까?그 질문에 대한 답은6성 궁극강화 미나와 7성 노강 나래와의 비교 영상에서 확인할 수 있었다.7성 나래 VS 6성 궁극강화 미나 6-12 모험 모드 플레이 영상7성 나래 VS 6성 궁극강화 미나 보스 대전 플레이 영상7성 나래 VS 6성 궁극강화 미나 팀 대전 플레이 영상결론은 썩어도 준치이다.6성 미나가 최상급.......</description>
  <category>몬스터길들이기</category>
  <tag>게임,몬스터길들이기,몬길,몬스터길들이기7성,몬길7성,7성미나,몬스터길들이기7성나래,몬길7성등급표</tag>
</item>