﻿<?xml version="1.0" encoding="utf-8"?>
<item>
  <title>[영국][140719] 7월 영국철도사진들 ~ 3</title>
  <link>http://kimhr91.blog.me/220065732060</link>
  <description>◎ 점점 마지막을 향해 달려가는 영국철도 사진시리즈...▣ London Underground - Picadilly Line▣▣ London Underground - Bakerloo Line▣▣ Virgin - Class 390 - 004▣▣ London Midland - Class 350-237▣▣ London Midland - Class 222-???▣▣ Freightliner - Class 90-046▣▣ Virgin - Class 390-042▣▣ London Midland - Class 321-314▣▣ Virgin - Class 390-???▣▣ Virgin - Class 390-016▣▣ Virgin - Class 222-???▣▣ Virgin - Class 390-013▣▣ London Midland - Class 350-117▣▣ First Great Western - Class 57-316 / London Midland - Class 350-117▣▣ FirstGreat Western- Class 27-???▣▣ Virgin - Class 390-0.......</description>
  <category>Pictures</category>
  <tag>UK-Train,사진</tag>
</item>