﻿<?xml version="1.0" encoding="utf-8"?>
<item>
  <title>[140821~24] 수도권 출사 (부제 : 8101호 견인 새마을호)</title>
  <link>http://kimhr91.blog.me/220102431621</link>
  <description>◎ 9월부터 학원이 시작하는관계로 약 2주정도 남은 8월의 남은날들을 그간 공백기간동안 보거나 혹은 뵙지 못했던 모든 지인들을 만나기로 결정했다. 그래서 우선 인천으로 올라와 약 5일정도 머무르며 과친구들,동아리친구들,철덕패밀리들을 만나게 됬는데, 만난다고 아침부터 만나는게 아니라 저녁부터 저녁식사와 소주를 함께 마시는게 성인들의 놀이법(?)이니, 오전중에는 이곳저곳을 돌아다니며 그간 담지못했던 한국철도의 일상을 촬영하기로 했다.▣ 311X43 용산-동인천▣&amp;#8203;▣ S1X16 양주-인천▣&amp;#8203;&amp;#8203;▣ #3334 제천조-인천▣&amp;#8203;&amp;#8203;▣ 311X94 용산-동인천▣&amp;#8203;&amp;#8203;▣ #H1131 수색-용산▣&amp;#8203;&amp;#8203;▣ #1.......</description>
  <category>Picture</category>
  <tag>TrainPicture,사진</tag>
</item>