﻿<?xml version="1.0" encoding="utf-8"?>
<item>
  <title>[프랑스][140802] 프랑스 파리 철도사진들 ~ 1</title>
  <link>http://kimhr91.blog.me/220094901417</link>
  <description>◎ 일단 한국 돌아왔습니다. 영국에서 일정 마무리하고 마지막으로 파리,베를린,로마 3도시를 돌고 한국으로 돌아왔는데 우선 7월중순에 다녀온 비엔나,뭔헨 관련포스팅은 추후 올리기로 하고 두번째로 방문한 파리에서 철도사진들 먼저 올립니다. 두번째 방문이라 그런지 저번방문때 촬영하지 못한 차종에 집중했는데 사실 정작 철도관련은 하루만 투자하고 나머지나날은 한인민박 친구들과 여행다니느라 예전만큼 많은 사진은 촬영하지 못했네요. ^^▣ SNCF - TGV POS-4413▣▣ SNCF - TGV Duplex-727▣▣ SNCF - VRT▣▣ SNCF - TGV Sud Est-60▣▣ SNCF/RATP -Z 20500-156▣▣ SNCF - TGV Duplex-241▣▣ SNCF/RATP - Z 8800-07C▣▣ SNCF - .......</description>
  <category>Pictures</category>
  <tag>EUTrain</tag>
</item>