﻿<?xml version="1.0" encoding="utf-8"?>
<item>
  <title>[영국][140721] 7월 영국철도사진들 ~ 4</title>
  <link>http://kimhr91.blog.me/220075867301</link>
  <description>◎ 요사이 잠깐 여행좀 하고 온다고 블로그 포스팅이 많이 미뤄졌습니다. ㅠㅠ▣ First Capital Connect - Class 377-505▣▣ First Capital Connect - Class 377-508▣▣ First Capital Connect - Class 319-001▣▣ Southeastern - Class 465-024▣▣Southeastern - Class 465-238▣▣ Southeastern - Class 465-033▣▣ Southeastern - Class 376-021▣▣ The Great Anglia - Class 90-008▣▣ The Great Anglia - Class 317-507▣▣ The Great Anglia - Class 82-139(무동력차)▣▣ The Great Anglia - Class 90-005▣▣ The Great Anglia - Class 90-006▣▣ The Great Anglia - Class 360-114▣▣ The Great Anglia - Class 321-331▣▣ Th.......</description>
  <category>Pictures</category>
  <tag>UKTrain</tag>
</item>