﻿<?xml version="1.0" encoding="utf-8"?>
<item>
  <title>[오스트리아][140720~26] 오스트리아 빈(비엔나) 철도사진들 ~ 1</title>
  <link>http://kimhr91.blog.me/220105719376</link>
  <description>◎ 7월말 오스트리아 빈(비엔나)아 독일 뮌헨을 여행했던 당시 중간중간에 촬영한 유럽철도편 ~ 오스트리아 편 제1부. 빈이란 도시가 생각보다 규모가 작지만 거의 4일정도 머무느라 의외로 많이 오스트리아 철도에 대한 모습을 담아 낼 수 있었다.▣OBB - 4020-226-4▣▣CAT - RH 1016-014▣▣OBB - RH 1116-201 / 80-90-701▣▣OBB - RH 1142-647-5▣▣OBB - RH 1144-298▣▣ WestBahn- 4010-106▣▣OBB - 80-90-701▣▣OBB - RH 1144-257▣▣OBB - RH 1016-029▣▣ DB - ICE-T-??? ▣▣OBB - RH 1116-244▣▣OBB - RH 2070-082▣▣OBB - RH 1116-222▣▣OBB - RH 1116-260▣▣OBB - RH 1144-200▣▣OBB - RH 1116-057▣▣OBB - RH 1116-042▣.......</description>
  <category>Pictures</category>
  <tag>EUTrain,사진</tag>
</item>