﻿<?xml version="1.0" encoding="utf-8"?>
<item>
  <title>[오스트리아] 오스트리아 고속열차 ~ 레일젯(Rail Jet)</title>
  <link>http://kimhr91.blog.me/220102719571</link>
  <description>◎ 유럽의 좀 유명하다 싶은 나라를 방문하면 거의 볼 수 있는 유명한 탈 것 중 하나로 바로 '고속열차(HST)'를 예로 들 수 있을 것이다. 기존 철도망을 넘어 중,장거리 구간에서 비행기와 대적할 수 있는 경쟁력을 갖출 교통수단으로 유일하며 특히 유럽에서 '도시간이동'에 가장 간편한 방법으로 손꼽힌다는 장점이 부각되어 있어 고속열차는 거주민인 유럽인들에겐 물론이고 유럽관광객들에게도 큰 인기를 누리고 있다. 다르게 말하면 참 돈이 되는 사업(?으로 볼 수 있어 때문에 각 나라별로 자국 고속열차를 소유 및 관리하고 있는데, 흔히 우리는 독일 ICE(이체)나 프랑스 TGV 및 영불해저터널을 오가는 유로스타(EuroStar)를 대표적으로 잘.......</description>
  <category>Europe Train</category>
  <tag>EUTrain,사진</tag>
</item>