﻿<?xml version="1.0" encoding="utf-8"?>
<item>
  <title>[프랑스] TGV 종류에 관해서...</title>
  <link>http://kimhr91.blog.me/220094239287</link>
  <description>◎
 TGV.. 떼제베.. 굳이 본인같은 철도동호인이 아니더라도 이 TGV 고속열차의 존재감은 남녀노소 누구나 다 안다. 그만큼 
TGV는 동호인들에게 한정된 지식이 아닌, 다르게 말하면 철도역사 뿐 아니라 세계역사에 한 획을 그은 하나의 '작품'으로 볼 수 
있을 정도다. 특히 이 TGV 열차는 한국철도와도 밀접한 관계가 있으며, 한국최초의 고속열차 KTX-1이 바로 이 TGV를 
모태로 탄생했다는 사실 역시 굳이 동호인이 아닌 일반적인 한국인들도 인식하고 있다는점에서 얼마나 TGV의 유명세가 막강한지 체감할 수 있을정도이니 말이다. 이런 TGV는 1980년대 프랑스 동남선이 개통된 이래 거의 30여년의 꽤 긴 세월동안 프랑스 곳곳을 누벼왔.......</description>
  <category>Europe Train</category>
  <tag>EUTrain,사진</tag>
</item>