﻿<?xml version="1.0" encoding="utf-8"?>
<item>
  <title>[프랑스][140802] 프랑스 파리 철도사진들 ~ 2</title>
  <link>http://kimhr91.blog.me/220095130705</link>
  <description>▣ EuroStar - TGV TMST-3304▣▣ SNCF - TGV Sud Est-78▣▣ SNCF - BB 22000-234▣▣ SNCF - TGV Sud Est-92▣▣ EuroStar - TGV TMST-3103▣▣ SNCF - BB 15000-62▣▣ SNCF - TGV PBKA-4345▣▣ SNCF - TGV PBKA-4301▣▣ SNCF - TGV PBA-4536▣▣ EuroStar - TGV TMST-3205▣▣ SNCF - TGV TMST-3203,3204▣▣ SNCF - TGV Sud Est-92,90▣▣ SNCF - TGV TMST-3303▣▣ EuroStar - TGV TMST-3205,3206▣▣ SNCF/RATP - Z 22500-331▣▣ SNCF - TGV Reseau-551▣▣ DB - ICE3-4685▣▣ TGV/ICE▣▣ SNCF - BB 17000-64▣▣ SNCF - CC 72100-130▣▣ SNCF - Z 26500-137▣▣ SNCF - TGV Euro Duplex-4704▣▣ SNCF - TGV Reseau-541▣▣ SNCF -.......</description>
  <category>Pictures</category>
  <tag>EUTrain</tag>
</item>