﻿<?xml version="1.0" encoding="utf-8"?>
<item>
  <title>[스페인][140618~23] 스페인 마드리드 철도사진들 ~ 3 (마드리드지하철,광역전철,트램편)</title>
  <link>http://kimhr91.blog.me/220046387969</link>
  <description>◎ 저번편에 이어 올리는 마드리드 철도사진 마지막편. 이번에는 마드리드 시내 곳곳의 지하철사진과 주요 철도역에서 촬영한 마드리드 Cercanias(광역급행전철)들을 중심으로 사진들을 모아봤다. 앞서 올린 두 포스팅과 달리 이번포스팅은 사실상 지하철위주이고 그닥 크게 설명한 부분이 없기에 별도 설명은 생략하기로 하겠다.▣ Renfe - SCivia-504 ▣▣ Renfe - S447-014 ▣▣ Renfe - SCivia-569 ▣▣ Renfe - S447-081 ▣▣ Renfe - S447-129 ▣▣ TAM - S2000 ▣▣ TAM - S2000B ▣▣ TAM - S7000 ▣▣ TAM - S3000 ▣▣ TAM - S5000 ▣▣ TAM - S5000 ▣▣ TAM - S6000 ▣▣ Renfe - S450-014 ▣▣ Renfe - SCivia-035 ▣▣ Renfe - S44.......</description>
  <category>Pictures</category>
  <tag>UKTrain,사진</tag>
</item>