﻿<?xml version="1.0" encoding="utf-8"?>
<item>
  <title>[140608] 이스트본역(Eastbounre)에서 촬영한 증기기관차,디젤기관차 견인 관광열차</title>
  <link>http://kimhr91.blog.me/220025525602</link>
  <description>◎ 최근 영국에서 만난 한인들과 잦은 모임을 가지면서 많은 한국인들을 알게되었다. 그중에는 나처럼 영국으로 어학연수를 온 사람들이나 영국에서 대학원을 준비하는 사람 그리고 아예 영국에서 거주하는 사람 등 참 다양한 부류의 사람들을 만나게 되었는데, 역시 나이대가 비슷하고 목적이 비슷한 분
들과 많이 친해지게 되어 자주 맥주집이나 함께 여행도 다니면서 많은 정보도 공유하는 사이로 성장하게 되었다. 그 중 내가 철도에 
관심이 많다는걸 안 한 형님께서 옆동네 브라이턴(Brighton)으로 가던도중 동네기차역에 신기한 기차가 대기중이란 소식을 나에게
 던져주시면서 이 소리에 곧바로 해변가에서 동네형님과
 함께하던 일.......</description>
  <category>Pictures</category>
  <tag>UKTrain,사진</tag>
</item>