﻿<?xml version="1.0" encoding="utf-8"?>
<item>
  <title>[스페인] 스페인 침대열차 Estrella Costa에 대해서...</title>
  <link>http://kimhr91.blog.me/220051568829</link>
  <description>◎ 스페인을 대표하는 두 도시인 마드리드와 바로셀로나. 위 두 도시는 한국에서 유럽을 여행하는 이들에게 가장 방문하고 싶은 도시중 항상 열손가락 안에 드는 동시에 유럽축구에 열광하는 한국의 젊은이들에게 각각 '레알마드리드,'FC바로셀로나'로 한번즘 꼭 방문하고 싶은 축구의 성지로 꼽힐 정도로 유명한 곳들이다. 때문에 스페인을 방문하는 여행객들은 거의 필수적으로 위 두 도시를 방문하는 편인데, 여기서 한가지 문제는 마드리드와 바로셀로나가 그렇게 서로 가까운 거리에 위치한 게 아니라서 두 도시간을 오가는데만 거의 반나절이 걸린다는 일반적이면서도 잘인지하지 못하는 사실이 숨어있다는 점이다. 물론 한국의 KTX같은 AV.......</description>
  <category>Europe Train</category>
  <tag>EUTrain,사진</tag>
</item>