﻿<?xml version="1.0" encoding="utf-8"?>
<item>
  <title>[영국] 영국철도 살펴보기.11 ~ 영국여객열차의 주력 디젤기관차 ~ Class 43</title>
  <link>http://kimhr91.blog.me/220031538754</link>
  <description>▣ First Great Western - Class 43-???▣◎ 한번즘이라도 영국철도에 잠시 관심을 가져본 적이 있다면 사진과 같은 동차를 본 적이 잇을것이다. 전,후 기관차가 배치되어 있고 단순히 겉만 본다면 객차와 도색이나 크기가 일체화 되어있어 일반 동차형 기관차같지만, 정식차종명은 Class 43 즉 일반 기관차에 사용되는 두자리 숫자로 표기되어 단독으로 다른객차들을 견인해서 운행한다고 쳐도 전혀 어색하지 않아 그 정체를 더욱 궁금하게 만든다. 본론으로 들어가면 이 기관차는 한번즘 해외철도에 관심있다면 들어본 Inter City 125 동차로 현대 영국철도의 고속화를 이륙한, 영국이 내세우는 한때 최고의 디젤기관차이다.▣ First Great Wes.......</description>
  <category>영국철도알아보기</category>
  <tag>UKTrain,사진</tag>
</item>