﻿<?xml version="1.0" encoding="utf-8"?>
<item>
  <title>[140706] 7월 영국철도사진들 ~ 1</title>
  <link>http://kimhr91.blog.me/220053448998</link>
  <description>◎ 어느듯 2014년도 7월이라는 영역에 도달했다. 1년의 절반을 채웠다는 게 일반적인 생각이겠지만 이번달이 사실상 영국거주 마지막달이라 점점 기차 뿐 아니라 다양한 사진남기기에 열중하느라 촬영한 사진에 비해 블로그포스팅 진도가 점점 느려지는 것 같다. 아마 대다수 사진들과 그에 맞는 포스팅들은 한국가서도 계속 이어질 듯?▣ Southern - Class 171-727 ▣◎ 런던으로 가기위해 이스트본역(Eastbourne Station)에서 촬영한 Class 171 디젤동차. 2량1편성의 참 조촐한 편성과 디젤동차란 정체성이 꼭 NDC동차와 걸맞지만 외형이나 구동음은 NDC의 그 웅장성에 절대 비할바 못하다.▣ Gatwick Express - Class 442-??? ▣▣ London DLR.......</description>
  <category>Pictures</category>
  <tag>UKTrain</tag>
</item>