﻿<?xml version="1.0" encoding="utf-8"?>
<item>
  <title>[140710.17] 7월 영국철도사진들 ~ 2</title>
  <link>http://kimhr91.blog.me/220063864776</link>
  <description>▣ Gatwick Express - Class 442-419▣▣ Southern - Class 377-439▣▣ Gatwick Express - Class 442-414▣▣ First Capital Connect - Class 319-460▣▣ First Capital Connect - Class 377-503,509▣▣ Gatwick Express - Class 442-401▣▣ First Capital Connect - Class 319-013▣▣ East coast - Class 92-216▣▣ London Underground - Metropolitan Line▣▣ London Underground - Jubily Line▣▣ London Underground - Central Line▣▣ London Underground - Metropolitan Line▣▣ Clilten Railways - Class 168-004▣▣ London Underground - Metropolitan Line▣▣ Clilten Railways - Class 165-018▣▣ Clilten Railways - Cla.......</description>
  <category>Pictures</category>
  <tag>UKTrain</tag>
</item>