﻿<?xml version="1.0" encoding="utf-8"?>
<item>
  <title>[스페인][140618~23] 스페인 마드리드 철도사진들 ~ 2 (차말틴역편)</title>
  <link>http://kimhr91.blog.me/220045314787</link>
  <description>◎ 2편에에 이어 올리는 마드리드에서 촬영한 열차사진들... 이번에는 마드리드 북부의 중심역인 차말틴(Chamartin)역 에서 촬영 여객열차 사진들을 모아보았다. 차말틴역은 아토차역과 달리 개찰구가 없어 승강장을 마음대로 오갈 수 있는 구조인데, 특히 마드리드로 오가는 여객열차들이 거의 다 모이는구간이라 마드리드에서 여유시간이 나는대로 차말틴역에서 열차사진촬영에 집중을 가했다.▣ Renfe - Talgo S334-028 ▣◎ 우선 처음만나볼 열차는 디젤기관차가 견인하는 Talgo등급 열차가 되시겠다. 저번 포스트에서 언급했듯 Talgo는 8량의 객차가 관절대차로 인해 1편성으로 고정되어 있는 형태이며 행정상 위치는 한국으로 치면 무궁화.......</description>
  <category>Pictures</category>
  <tag>EUTrain</tag>
</item>