﻿<?xml version="1.0" encoding="utf-8"?>
<item>
  <title>[스페인][140618~23] 스페인 마드리드 철도사진들 ~ 1 (아토차역편)</title>
  <link>http://kimhr91.blog.me/220044107867</link>
  <description>◎ 사람이 떠날때가 되면 점점 못한것이 더 많이 보인다고 하던가? 그래서인지 항상 떠나기전 아쉬움보단 무언가 더 할수있었음을 후회하는 여운이 더욱 많이 남는다고 한다. 말 그대로 본인도 이제 사실상 1달정도면 유럽생활을 마무리하고 한국을 돌아가게 되서 이런 문구가 참 많이 와닿는다. 남들에 비하면 그래도 좀 많이 돌아다녀왔다고 자부할 수 있지만 넓은 세상 6개월이란 시간속에, 그것도 학업과 한정된 재정을 안고 돌아다녀봐야 얼마나 볼 수 있겠는가? 그래서 최대한 굵직한 곳만 찾아다니면서 관광겸 철도사진모으기 형태로 돌아다녔는데, 사실 생각보다 두마리토끼를 잡기에 한정된시간속에 최대한 해야하는 부담감이 있어 남들.......</description>
  <category>Pictures</category>
  <tag>EUTrain,사진</tag>
</item>