﻿<?xml version="1.0" encoding="utf-8"?>
<item>
  <title>[영국] 영국철도 살펴보기.10 ~ 런던지하철의 스크린도어</title>
  <link>http://kimhr91.blog.me/220027717307</link>
  <description>▣ 런던지하철의 일상적인 모습▣◎외국인들이 한국(특히 서울)을 방문하면 가장 인상적이라 언급하는것이 바로 지하철 스크린도어이다. 항상 사고위험이 도사리고 있는 지하철의 취약점을 한번에 해결할 수 있는 최선의 방지책이기에 그 누구도 지하철을 안전히 탈 수 있다는 최고의 장점을 가진 스크린도어.한국 뿐 아니라 전세계적으로 스크린도어는 활용되고 있지만비싼 설치비용 때문에 서울만큼 대부분 지하철역에 스크린도어를 설치한 곳은 찾아 볼 수 없다. 헌데 런던에 사는 한인들 중 몇몇 사람들은 나한테 이런 질문을 했다."그럼 왜 미국이나 영국등 선진국 지하철에는 왜 스크린도어를 설치하지않나요? 경제적으로도 우리보다 훨신.......</description>
  <category>영국철도알아보기</category>
  <tag>UKTrain,사진</tag>
</item>