﻿<?xml version="1.0" encoding="utf-8"?>
<item>
  <title>[영국] 영국철도 살펴보기.12 ~ 런던의 공항철도들....</title>
  <link>http://kimhr91.blog.me/220058611950</link>
  <description>◎ 섬나라 영국의 수도 런던. 섬나란 성격답게 영국은 해외로 나가기 위해선 반드시 비행기나 배를 이용해야 했는데 때문에 런던은 세계최대의 항공수요가 있는 도시로 급부상하기 매우 적합했다. 그 예시로 800만 인구의 런던에는 무려 5개의 국제공항이 있다는것을 예로 들 수 있는데, 2000만 서울,경기 지역에도 사실상 국제공항은 인천,김포 2개인 반면 런던 수도권을 포함해봐야 1000만 인구의 런던권에서 무려 5개의 공항을 운영한다는 사실을 통해 얼마나 런던이 항공수요가 많은지 실감할 수 있을 것이다. 때문에 저가항공이나 일반비행기로 런던을 이용하기 위해선 반드시 어느공항에서 출발 및 도착하는지 그리고 어떻게 런던시내로 진.......</description>
  <category>영국철도알아보기</category>
  <tag>UKTrain,사진</tag>
</item>