﻿<?xml version="1.0" encoding="utf-8"?>
<item>
  <title>몬스터길들이기 7성 합성 미카 플레이 영상 및 등급표</title>
  <link>http://blog.naver.com/yspray4u/220056548929</link>
  <description>(몬스터길들이기 7성 미카 종합 영상 - 촬영과 분석을 위해 계정을 대여해 주신 요시키 님께 감사 드립니다.)7성 신캐이자, 일러스트에서도 당당히 가운데 자리를 차지하고 있어서 무조건 상타라고 생각하게 만드는 미카.실제로 45% 팀 전체 힐과 강력해 보이는 팀 버프 패시브 스킬은 매우 매력적으로 보인다.하지만, 유리몸에 공격력 자체가 물총급인 미카는 팀대전에서는 누구보다 빨리 눕는 캐릭터이자, 모험모드에서는 혼자 6-12도 못 도는 허약 체질임이 확인되었다.소문들로 인하여 미카가 아직도 상타라고 인지하고 계신 분이 있다면, 나중에 미카를 얻었을 때, 또는 지금 미카가 있다고 기뻐하지 말고, 어서 다음 7성을 뽑는 노가다를 하.......</description>
  <category>몬스터길들이기</category>
  <tag>게임,몬스터길들이기,몬길,몬스터길들이기7성,몬스터길들이기7성미카,몬스터길들이기7성등급표,몬길7성,몬스터길들이기공략</tag>
</item>