﻿<?xml version="1.0" encoding="utf-8"?>
<item>
  <title>[영국] 영국철도 살펴보기.9 ~ 영국고속열차 자블린(Javelin)에 대해서...</title>
  <link>http://kimhr91.blog.me/220018730168</link>
  <description>◎ 철도가 비교적 잘 확충된 국가들을 조금 살펴보면 각각 나라를 대표할만한 고속열차들이 꼭 한개정도는 있다. 우선 한국의 KTX-산천이나 이미 세계최초의 상업용 고속철도를 이륙해낸 일본의 신칸센, 그리고 유럽에선 백과사전에서 필수적으로 볼 수 있는 프랑스 TGV나 독일의 ICE 및 스페인 AVE등.. 도시간을 연결하기만 했던 과거와 달리 이젠 굽어진곳은 펼치고 그리고 그 펼친곳엔 고속화를 이륙하는 추세에 따라 고속열차의 필요성은 과거에 비해 더욱 대두대고 있다. 때문에 철도기술이 덜 발달된 나라에선 이미 활용화된 타국의 고속열차를 수입해오고 또한 일찍이 고속열차를 개발했던 나라들은 더 빠르고 더 편리한 고속열차개발에 너.......</description>
  <category>영국철도알아보기</category>
  <tag>UKTrain,사진</tag>
</item>