﻿<?xml version="1.0" encoding="utf-8"?>
<item>
  <title>[프랑스][140521~25] 프랑스 파리 철도사진들 ~ 2</title>
  <link>http://kimhr91.blog.me/220011834752</link>
  <description>1편에 이어 계속...(1편보기 :http://kimhr91.blog.me/220011443585)▣RATP - Citadis 402-313▣◎둘째날 숙소에서 출발전 촬영한 파리트램T3노선. 2020년경 수원이나 창원에서도 이런트램을 볼 수 있을까?▣ SNCF -TGVReseau-502▣◎트램을 타고 8호선으로 갈아타기위해 가던차 루트상 샤티온차량기지를 지나는터라 대기중인 TGV Reseau 1편성을 촬영하고 본격적으로 프랑스철도 사냥에 들어간다.▣ SNCF - BB 7200-185▣◎처음 방문한곳은 파리의 7개 기차역중 하나인 베르시역(Gare de Bercy). 베르시역은 특이하게 TGV를 취급하지 않는역이고 일반열차만 볼 수 있는곳이라 TGV에 가려진 프랑스철도의 진면목을 볼 수 있었다.▣ SNCF - Z 2060.......</description>
  <category>Pictures</category>
  <tag>EUTrain,사진</tag>
</item>