﻿<?xml version="1.0" encoding="utf-8"?>
<item>
  <title>[영국] 가장 최근에 지어진 런던터미널역 ~ 런던 메릴본역(London Marylebone Station)</title>
  <link>http://kimhr91.blog.me/90195662457</link>
  <description>▣ 런던 메릴본역(London Maryebone Station)▣◎ 여태것 필자는 여러 런던의 주요 시,종착역들에 대해 많은 포스트를 올렸다. 여기서 우리는 대부분 런던의 굵직한 시,종착역들이 매우 오래전 지어졌다는점, 그리고 그 시기 대략 19세기(1800년대)였다는 데에서 과연 철도의 발상지 영국이란걸 깨달을 수 있었다. 그렇다면 이들 런던의 시,종착역 중 가장 최근에 지어진 역은 무슨역이며 또한 언제 지어졌을까? 그 답은 바로 이번에 소개할 런던 메릴본역이 쥐고 있다.▣ 런던 메릴본역(London Maryebone Station) 대합실 ▣◎주로 버밍엄(Birmingham)방면으로 가는 열차들이 모이는 메릴본역은 패딩턴역(Paddington)과 유스턴(Euston)이란 두 거.......</description>
  <category>Station</category>
  <tag>UKTrain,사진</tag>
</item>