﻿<?xml version="1.0" encoding="utf-8"?>
<item>
  <title>[프랑스][140521~25] 프랑스 파리 철도사진들 ~ 3</title>
  <link>http://kimhr91.blog.me/220012906485</link>
  <description>2편에 이어 계속...(2편보기 :http://kimhr91.blog.me/220011834752)▣ SNCF - BB 7200-47 ▣◎마지막날 일정은 숙소에서 가장 가까운 파리리옹역에서 시작했다. 우선 리옹역에 도착하자마자 7번승강장에서 한창 승객들을 맞이하고있던 BB 7200호대 견인 TER열차를 만날 수 있었다.▣ SNCF - ???? ▣◎ 특이하게 끝부분은 TER일반객차를 개조한 운전객차(?)가 붙어있다. 리옹역에서 출발하는 객차형 열차는 대부분 꼬리칸에 이런 운전석만 있는 객차가 붙어있어 굳이 다른 파리의 기차역처럼 복편운행을 위해 번거롭게 다른 기관차가 출고하는 일이 거의없다. 참고로 이 열차는 동력차가 아닌 단순히 객차에 운전대만 붙인차량이며 동력은 끝에붙.......</description>
  <category>Pictures</category>
  <tag>EUTrain,사진</tag>
</item>