﻿<?xml version="1.0" encoding="utf-8"?>
<item>
  <title>[140510,11] 5월 영국철도사진들 ~ 4</title>
  <link>http://kimhr91.blog.me/90195651236</link>
  <description>▣ Virgin -Class 390-015▣◎ 이번엔 Euston역에서 출발하는 서부행 열차들을 잡고자 Bakerloo Line의 South Kenton역을 방문했다. 그간 유스턴역에서 일부샷만 촬영할 수 있었던 Virgin Express 전체모습을 담을 수 있어 좋았지만 저 전차대들이 눈에 거슬리는건 어쩔수 없었다.▣ Midland - Class 350-107▣▣ London Underground - Bakerloo Line▣◎ 딱 보고 순간 스쳐간 생각 ~ " 넌 참 억울하게 생겼다. "▣Virgin-Class 390-025▣▣ Southern - Class 377-201▣◎평소에 3궤조 구간만 달리던 Southern사 열차들이 이렇게 가공식 구간을 달리는게 신기하다. 그것도 팬더그래프를 올리고 말이다.▣Virgin-Class 390-076▣▣ Midland - Clas.......</description>
  <category>Pictures</category>
  <tag>UKTrain,사진</tag>
</item>