﻿<?xml version="1.0" encoding="utf-8"?>
<item>
  <title>대륙의 던전앤파이터 중국 매출 2위 스마트폰 게임 - 天天炫斗</title>
  <link>http://blog.naver.com/yspray4u/220055560478</link>
  <description>게임명天天炫斗평점 및 간단 평평점: 4.0 / 5.0점언어의 장벽 따위는 화려한 액션과 그래픽 앞에서 문제가 되지 않는다.높은 수준의 그래픽과 모바일에서 던파급의 액션을 제대로 살린 본 게임은 중국 매출 2위를 게임의 재미로 설명해 준다.&amp;#8203;&amp;#8203;다운로드http://www.baidu.com접속 후 검색창에 天天炫斗 입력하여 다운로드, 게임 진행을 위해서는 중국의 카카오톡인 위쳇을 추가로 깔아야 함중국에서 던파 전투 방식으로 성공을 거두고 한국에서 서비스하여 잠시나마 인기를 얻었던 다크헌터를 기억하는가?
(상: 다크헌터의 오리지널 중국 버전 / 하: 다크헌터의 한국 서비스 버전)던파의 타격감을 잘 살리고, 던파의 도트 느낌까지 잘.......</description>
  <category>안드로이드게임</category>
  <tag>게임,天天炫斗,모바일던파,모바일던전앤파이터,중국던파,중국판던전앤파이터,스마트폰게임던전앤파이터,스마트폰게임,스마트폰액션RPG</tag>
</item>