﻿<?xml version="1.0" encoding="utf-8"?>
<item>
  <title>[영국] 영국철도 살펴보기.8 ~ 영국의 침대열차(Night Riviera,Caledonian Sleeper)</title>
  <link>http://kimhr91.blog.me/220002022234</link>
  <description>▣ First Great Western - Night Riviera▣◎ 유럽기차여행의 낭만 중 하나는 바로 '침대열차'를 이용할 수 있다는 것이다. 달리는 기차안에서 항상 앉아가야되는 고통을 덜고 편히 침대를 이용할 수 있다는 점과 더불어 이동시간과 수면을 한번에 해결할 수 있다는 장점은 확실히 침대열차만이 가지는 최고의 메리트이다. 때문에 일찍이 러시아나 프랑스,독일,일본 등 철도강국들은 여러 다양한 침대열차를 도입해 많은 수익을 올리고 있으며 이곳을 방문한 많은 관광객들도 체계적인 침대열차시스템에 감탄사를 날리곤 한다. 참고로 우리나라도 엄밀히 말해 침대열차가 있긴 하지만 국토가 좁은 한국지리상 정규적으로 활용하지 못하고 '부울경.......</description>
  <category>영국철도알아보기</category>
  <tag>UKTrain,사진</tag>
</item>