﻿<?xml version="1.0" encoding="utf-8"?>
<item>
  <title>[140510,11] 5월 영국철도사진들 ~ 2</title>
  <link>http://kimhr91.blog.me/90195635957</link>
  <description>◎ 어느듯 영국에서 지낸지도 거의 3개월이 되었다. 아무것도 모르는 초짜 외국인에서 이젠 어느듯 생활에도 불편함없고 특히 영국철도가 어떻게 돌아가느냐?에 대한 시스템에 대해 대부분 인식할 수 있다는점에서 여기 정착해도 무방할 정도이다. 물론 한국이 훨신 좋다는건 여전하지만. ^^▣ Great Anglia - Class 90-011 , Clsss 82-132▣◎여튼 그런고로 혼자서 3개월 자축 이벤트를 하고자 런던철도출사를 다시 다녀왔다. 그렇게 우선 Stratford역으로 달려가 마침 정차중인 Class90 견인 Great Anglia사 열차를 촬영하는데 성공. 객차형이지만 운전대가 끝에 달려있는 이런 모습은 비단 영국 뿐 아니라 유럽에서 쉽게 볼 수 있는 모습이다.......</description>
  <category>Pictures</category>
  <tag>UKTrain,사진</tag>
</item>