﻿<?xml version="1.0" encoding="utf-8"?>
<item>
  <title>[140510,11] 5월 영국철도사진들 ~ 3</title>
  <link>http://kimhr91.blog.me/90195645964</link>
  <description>◎ 이전포스팅에 이어 다음날 아침에 일어나 다시 이스트본으로 내려가기전 최대한 이곳저곳을 돌아다니면서 촬영한 사진들... 전날 거의 쪽잠만 자고 돌아다닌터라 아침에 거의 어느동네의 거지꼴이 되어 그냥 내려갈까 말까 엄청 고민했는데 역시 난 철덕은 철덕인가 보다.▣ London Underground - Metropolitan Line▣◎ 새벽비를 맞으며 일단 아침에 도착한곳은 Jubilee Line의 Dollias hill역. 한 구석에 1면2선의 승강장이 있고 남은 2선으로 여객열차가 돌아다녀 구조는 한국의 남영역과 유사하지만 특이하게 외선으로 Metropolitan Line이 나란히 달리게 되어있어 이렇게 2종류의 전철을 볼 수 있다.▣ Chiltern Railways - Class 165-02.......</description>
  <category>Pictures</category>
  <tag>UKTrain,사진</tag>
</item>