﻿<?xml version="1.0" encoding="utf-8"?>
<item>
  <title>[프랑스][140521~25] 프랑스 파리 철도사진들 ~ 1</title>
  <link>http://kimhr91.blog.me/220011443585</link>
  <description>◎ 보통 해외에서 사는데 처음 3개월을 버터내는것이 가장 힘들다고 한다. 언어문제,문화차이 그리고 무엇보다 향수병이 가장 많이 솟아나는 시기라 보통 이 기간에 많은 해외체류 한국인들이 갖가지 고생을 다한다고 하는데 사실 본인도 엄밀히 말해 이를 피해갈 순 없었다. 하지만 이렇게 대부분 다 이겨냈고 어느듯 나도 영국에 거주한 지 3개월이 훌쩍 넘어가 이젠 영국이란 나라가 어떤곳인지 거의 파악이 될 정도로 적응을 끝낸것 같다.(물론 100%는 아니지만...) 여튼 이런 과정을 끝낸것을 자축하고자 자신에게 선물(?)을 준다는 의미로 관광겸 철도답사개념으로 이전부터 기대했던 '프랑스 파리'를 출발하기 4주전 다녀오기로 결정해 미.......</description>
  <category>Pictures</category>
  <tag>EUTrain,사진</tag>
</item>