﻿<?xml version="1.0" encoding="utf-8"?>
<item>
  <title>[140531,0607] 6월 영국철도사진들..</title>
  <link>http://kimhr91.blog.me/220024551585</link>
  <description>&amp;#8203;◎ 5월 중순에 프랑스 파리를 다녀오고 그 뒤로 쭈욱 동네에서 지낸다고 제대로 된 영국철도출사를 잘 나가지 않게 되었다. 그나마 5월말에 아는형님과 도버해협으로 유명한 영국동남부의 작은마을 도버(Dover)를 다녀오면서 틈틈히 영국철도의 모습들을 담아낸것이 전부였고 그러는사이 벌서 2014년도 6월이라는 새로운달을 맞이하고 있었다. 하지만 그런 의미를 부여해도 4월이나 5월초에 촬영한 영국철도의 양이나 질에비해 점점 수준이 떨어지는것 같아 개인적으로도 고민이지만 최근 해외여행쪽에 생활비를 투지하면서 현금관리를 하기위함이니 스스로 위안을 삼고있는 중이다.▣ Southern - Class 377-413 ▣◎ 도버관광을 위해 이.......</description>
  <category>Pictures</category>
  <tag>UKTrain,사진</tag>
</item>