﻿<?xml version="1.0" encoding="utf-8"?>
<item>
  <title>[영국] 영국철도 살펴보기.5 ~ 런던지상전철(London Overground)</title>
  <link>http://kimhr91.blog.me/90194752505</link>
  <description>▣ 런던오버그라운드(London Overground)▣◎ 대도시속을 돌아다니는데 가장 편리한 대중교통으론 역시 지하철을 뽑을 수 있을 것이다. 험난한 교통정체를 격지 않아도 되면서 환승과정만 잘 거친다면 자신이 원하는 목적지에 쉽게 도달할 수 있기에, 지하철은 인구 100만이상 대도시에선 거의 필수적으로 설치하는 최고의 대중교통 시스템이다. 허나 지하철(地下鐵)이란 이름 그래도 캄캄한 지하를 달리는 기차이기에 많은사람들이 지하철을 이용하면 캄캄한 터널만 줄지어 이어지는 밑밑함에 대부분 답답함을 느끼고, 심지어 일부는 차라리 목적지까지 늦더라도 버스와 같은 대중교통을 선호한다고 하니 그닥 철도로서의 매력은 풍부한 편이 아.......</description>
  <category>영국철도알아보기</category>
  <tag>UKTrain,사진</tag>
</item>