﻿<?xml version="1.0" encoding="utf-8"?>
<item>
  <title>[영국] 런던에서 가장 작은 터미널역 ~ 런던 팬처치 스트리트역(London Fenchurch Street Station)</title>
  <link>http://kimhr91.blog.me/90195343851</link>
  <description>▣ 팬처치스트리트역(Fenchurch Street Station)▣◎ 팬처치스트리트역(Fenchurch Street Station)은 런던의 9개 시,종착역 중 주로 런던과 영국동부지역을 오가는 열차들을 이용할 수 있는 곳이다. 보통 거대한 런던의 시종착역 이미지와는 달리 매우 아담한 모습을 하고 있는게 특색이며, 1840년 첫 영업을 개시한 이후 1870년대 지금처럼 11개의 라운드를 가진 아치지붕과 중심부에 시계가 붙여진 형식으로 탈바꿈 했다. 여담으로 본래 이 역 인근에는 '윌리엄마샬(William Marshall)' 이 운영하던 영국최초의 헌 철도책전용 서점이 있었다고 한다.▣ 팬처치스트리트역(Fenchurch Street Station) 인근.. ▣◎아담한 펜처치스트리트역 외관과.......</description>
  <category>Station</category>
  <tag>UKTrain,사진</tag>
</item>