﻿<?xml version="1.0" encoding="utf-8"?>
<item>
  <title>[영국] 과연 국제역(International Station)인가? ~ 스트레이트포드국제역(Stratford International Station)</title>
  <link>http://kimhr91.blog.me/90195260183</link>
  <description>▣ 스트라포드국제역(Stratford International Station)▣◎ 철도가 이미 오래전 놓여진 영국의 특성상 런던의 주요역들이 지어진 시기는 20세기를 넘어 19세기까지 넘어갈 정도로 꽤 오래전 일이다. 런던에서 가장 먼저 등장한 런던브릿지역(London Bridge)역만 해도 1830년대 지어져 나이로만 환산해도 거의 170년이 넘어가니 과연 영국에 비교적 최근에 신설된 역은 어느정도일지 가늠이 안된다. 헌데 사실 불과 5년전에 런던동북부에 신설된 거대한 역이 하나 있다. 바로 스트라포드국제역(Stratford International Station)이다.▣ 스트라포드국제역(Stratford International Station)▣◎헌데 이 스트라포드국제역은 개인적인 배경지식없이.......</description>
  <category>Station</category>
  <tag>UKTrain,사진</tag>
</item>