﻿<?xml version="1.0" encoding="utf-8"?>
<item>
  <title>[영국] 영국철도 살펴보기.7  ~ 영국국립철도박물관(National Railway Museum) - 上</title>
  <link>http://kimhr91.blog.me/90195071492</link>
  <description>▣ 영국 국립철도박물관▣◎ 보통 영국인들을 세계인들의 시각에서 표현할 때, '애국심과 자긍심이 높은 사람'이란 문구가 기입되지 않던 경우를 본적이 없었다. 그만큼 영국인들은 자신들의 문화와 생활,인종에대해 자긍심이 대단하고, 지구역사를 바꾼산업혁명을 일으키면서 또한 세상의 많은 문물들을발명해냈던 화려한 그들의 과거는지금도 어딜가나 자신이 영국인(British)란 사실을 매우 긍지높게 만들어 줄 것 이다. 마침일찍이 철도의 발상지로 유명한 영국이였고 그런 자신들의 조상의 화려한 이력을 세계 널리 알리려는 의도가 있었는지,세계최대의 철도박물관, 영국국립철도박물관(National Railway Museum)이 영국에 있다는 것 자체.......</description>
  <category>영국철도알아보기</category>
  <tag>UKTrain,사진</tag>
</item>