﻿<?xml version="1.0" encoding="utf-8"?>
<item>
  <title>[140427] 4월 영국철도사진들 ~ 4</title>
  <link>http://kimhr91.blog.me/90194950590</link>
  <description>◎ 주말을 맞이해 혼자서 옆동네 루이스(Lewes)에 다녀왔다. 마침 날씨도 흐려 혹시나 비가오지 않을까 걱정했는데 다행히 흐린걸로 끝났다.▣ Southen - Class 377-455 , Ore-Brighton▣▣ Southen - Class 313-203 , Seaford-Lewes▣▣ Southen - Class 313-206 , Brigthon-Lewes▣▣ Southen - Class 171-727 , Brigthon-Ashford International▣▣ Southen - Class 313-206 , Seaford-Brigthon▣▣ Southen - Class 377-125 , Brigthon-Ore▣▣ 이스트본역 인근에서...▣◎ 루이스에서 2시간정도 돌아다니고 다시 이스트본으로 돌아왔다. 생각보다 이른시간에 도착해 그냥 집에 들어가긴 심심해서 인근 과선교에서 정박중인 열차들의 모습이.......</description>
  <category>Pictures</category>
  <tag>UKTrain,사진</tag>
</item>