﻿<?xml version="1.0" encoding="utf-8"?>
<item>
  <title>평온했던 하루</title>
  <link>http://charen.kr/220103494352</link>
  <description>오늘은 출근하지 않고 평온하게 하루를 보냈다. 오후에 중요한 일이 있어 오랜만에 넥타이를 매고 다녀왔다. 일이 잘 끝났다. 내일은 파주로 출근한다.혼자 차를 마실 땐 다구도 단출하다. 내내 목책철관음을 마셨다.저녁엔 백모단(白牡丹)을 마셨다. 올 여름은 백차(白茶)가 있어 즐거웠다. 찻잎의 모양새는 떨어져도 맛은 일품이다. 오랜만에 개완으로 우렸다. 하늘색 푸른 빛이 도는 개완이 마음에 든다. 중국 들어오기 전날 마련도(馬漣道)의 청묘담사(靑描淡寫) 매장을 둘러보다 발견했다. 보자마자 맘에 쏙 들었는데 가격까지 적당하여 살 때부터 무척 만족스러웠다.작은방에 들어서면 차향이 무찔러 덮쳐든다. 킁킁거리며 깊게 심호흡을 한.......</description>
  <category>일상과단상(2014년)</category>
  <tag>취미,일상·생각</tag>
</item>