﻿<?xml version="1.0" encoding="utf-8"?>
<item>
  <title>[영국] 전쟁과 평화를 기억하는 역 ~ 런던 리버풀스트리트역(London Liverpool Street Station)</title>
  <link>http://kimhr91.blog.me/90195553191</link>
  <description>▣ 런던 리버풀스트리트역(London Liverpool Street Station)▣◎ 영국 북,동부와 런던을 오가는 열차들을 이용할 수 있는 리버풀스트리트역은 런던에서 워터루역,빅토리아역에 이어 3번째로 복잡한역이다. 특이하게 다른 런던터미널역들과 달리 역명이 한번 바뀐적이 있는데, 1874년 첫 영업을 개시한 리버풀스트리트역은 지금과 달리 '비숍게이트(Bishopgate)'란 별개의 역명을 사용했다가 1909년 지금처럼 '리버풀스트리트'란 역명을 사용하게 되었다. 또한 본래 역이 지어질당시 여러철도회사들이 급하게 합쳐져 만들어진 'GER'사가 이 역을 인수했는데, 당시 회사는 매우 혼란스러운 경영상태에다가 자금난까지 겹쳐 많은 사람들이 이용하는.......</description>
  <category>Station</category>
  <tag>UKTrain,사진</tag>
</item>