﻿<?xml version="1.0" encoding="utf-8"?>
<item>
  <title>[영국] 영국철도 살펴보기.6 ~ 3궤조(Third Rail)</title>
  <link>http://kimhr91.blog.me/90194815678</link>
  <description>▣ 무언가 복잡해 보이는 선로들....▣◎ 영국의 선로사진들을 보면 무언가 한국에 비해 복잡하다는 느낌이 많이 오간다. 2가닥의 레일이 아닌 레일옆에 또 하나의 궤도가 놓여있어서 인지 선로분기기가 많은 역이나 분기점구간에선 정말 말 그대로 '미로(迷路)'를 보는것 같다. 바로 영국의 철도는 한국과 달리 3궤조 방식으로 전력공급이 이루어지기 때문에, 한국처럼 선로위에 복잡히 얽혀있는 전차선대신 이렇게 3궤조선로들이 복잡히 얽혀있는 모습을 볼 수 있다.▣ 3궤조 레일 ▣◎3궤조방식이란 말 그대로 제3의 레일 즉 전력을 공급하는 별도의 레일을 따로두어 차량의 전극을 여기에 접촉시켜 전력을 얻는방법이다. 보통 3궤조 방식은 대.......</description>
  <category>영국철도알아보기</category>
  <tag>UKTrain,사진</tag>
</item>