﻿<?xml version="1.0" encoding="utf-8"?>
<item>
  <title>6/1 다이아 기준 경부선/호남선/전라선 ITX-새마을 시간표</title>
  <link>http://kimhr91.blog.me/90195015034</link>
  <description>본격적으로 ITX-새마을이 증편되는 6/2 다이아 기준입니다.1. 경부선 (서울-부산,진주)→ 전체적으로 새마을호운행에 비해 운행시격이 줄었지만, 눈에 뛸 만큼 크게 줄지 않았다. 이점이 가장 실망스러운점→ 경부선 새마을호 열번이 #1001~#1010 을 사용했지만, 경부선 ITX-새마을은 #1051~#1060을 사용함. 참고로 이 열번은 과거 '동대구-부전'간 동해남부선 새마을호 열번→ 서울-부산 간 특급 itx-새마을 (서울-영등포-수원-대전-구미-동대구-구포-부산) 시간표는 아직 미수록◎ 하행(서울,영등포,수원 → 부산,진주)#1051#1053#1055#1081#1057#1059서울08:4311:0411:5019:1420:1020:50영등포08:5311:1412:0019:2720:2021:00수원09:1411:3512.......</description>
  <category>일상생활</category>
  <tag>Train</tag>
</item>