﻿<?xml version="1.0" encoding="utf-8"?>
<item>
  <title>[영국] 영국철도 살펴보기.7  ~ 영국국립철도박물관(National Railway Museum) - 下</title>
  <link>http://kimhr91.blog.me/90195282060</link>
  <description>※ 런던철도박물관 1부 :http://kimhr91.blog.me/90195071492▶ Great Hall▣ Great Hall▣◎ NRM의 가장 하이라이트인 'Great Hall'. 이전에 방문한 'Station Hall'은 증기기관차만 볼 수 있는 반면 Great Hall은 증기기관차를 포함해 디젤기관차 및 전기기관차도 구경할 수 있다. 또한 세계적으로 이름을 날렸던 유명한 기차들을 실차도 볼 수 있어 다른전시관은 안가더라도 꼭 이곳만큼은 방문하도록 하자.▣ Great Hall▣◎'Great Hall'은 전차대를 중심으로 기관차들이 모여있다. 이 전차대는 일정시간마다 360도 씩 회전하는게 압권이며 비정규적으로 전차대에 있는 기관차를 교체하기도 한다.▣ Aerolite ▣◎유명 철도시뮬레이션 게임 'T.......</description>
  <category>영국철도알아보기</category>
  <tag>UKTrain,사진</tag>
</item>