﻿<?xml version="1.0" encoding="utf-8"?>
<item>
  <title>[140502,03] 5월 영국철도사진들 ~ 1</title>
  <link>http://kimhr91.blog.me/90195232366</link>
  <description>◎ 영국에선 5월 첫째주 월요일을 '5월의 날(May Day)'라 하여 국가 공휴일로 지정되어 있다. 때문에 이날은 직장인들이나 학생들이 모두 휴식을 즐기며 특히 '금-토-일-월' 약 4일간의 긴 연휴이기에 이 시즌만 되면 철도든 버스든 모두 여행,나들이객들에 의해 매진행렬을 이룬다고 한다. 그런 may-day 휴무를 본인도 태어나서 처음 맞이하게 됬지만 정작 별다른 계획을 염두하지 않아 약 1박2일간 런던 이곳저곳을 돌면서 그간 접하지 못했던 새로운 회사의 열차들을 만나보기로 했다.▣ East Midland - Class 222-201▣◎ 우선 처음 방문한곳은 유로스타 시종착역으로 유명한 세인트판크라스국제역(St Pancras International Station). 유로.......</description>
  <category>Pictures</category>
  <tag>UKTrain,사진</tag>
</item>