﻿<?xml version="1.0" encoding="utf-8"?>
<item>
  <title>[영국] 영국철도 살펴보기.4 ~ 런던경전철(London DLR)</title>
  <link>http://kimhr91.blog.me/90194462455</link>
  <description>▣ 런던 도클랜드 경전철(London Dockland Light Railway)▣◎ 런던의 대중교통수단은 크게 4가지이다. 우선 런던을 상징하는것으로도 유명한 붉은색 바탕의 2층버스, 그리고 대도시에는 필수적으로 놓여있는 지하철(Underground)과 다음에 소개할 지상전철(Overground). 마지막으로 이번포스팅에서 소개할 런던도클랜드경전철(London Dockland Light Railway)로 크게 나눌 수 있다. 사실 버스를 제외하곤 전부 '철도'라는 범주에 속하는지라 굳이 이것들을 구분할 필요가 있는가에 대해 의문을 제기할 법한데, 개인적으로 이 해답을 풀고자 많은 검색사이트를 뒤져봤지만 납득할만한 대답은 찾을 수 없었다. 여튼 이번에 소개할도클랜드경전철(이.......</description>
  <category>영국철도알아보기</category>
  <tag>UKTrain,사진</tag>
</item>