﻿<?xml version="1.0" encoding="utf-8"?>
<item>
  <title>[140418~21] 4월 영국철도사진들 ~ 2</title>
  <link>http://kimhr91.blog.me/90194581449</link>
  <description>◎ 저번시간에 이어 올리는 부활절연휴기간 영국철도 출사사진 모음들.. 3일차에는 영국에 들어 온 후 처음으로 장거리여행을 떠나게 되었는데 목적지는 바로 영국국립철도박물관으로 유명한 요크(Yrok). 여튼 요크로 가는 열차는 킹스크로스역에서 스코틀랜드 에든버러까지 가지는 초장거리열차를 타야되고 오전9시경 이 열차가 킹스크로스역을 떠나 아침7시부터 일어나 부랴부랴 요크로 떠날 준비를 하느라 참 정신이 없었던것 같다.▣ East Coast - Class 82-223 ▣◎출발시간 1시간전 미리 킹스크로스역에 도착했는데 마침 본인이 타고 갈 East-Coast사 열차가 승강장에 대기중이였다. 다만 아쉬운 건 기관차 전두부에 서 있는 더 막대기가 얼.......</description>
  <category>Pictures</category>
  <tag>UKTrain,사진</tag>
</item>