﻿<?xml version="1.0" encoding="utf-8"?>
<item>
  <title>[영국] 런던지상전철도 함께 출발하는 역 ~ 런던 유스턴역(London Euston Station)</title>
  <link>http://kimhr91.blog.me/90193440090</link>
  <description>▣ 런던 유스턴역(London Euston Station)▣◎ 런던 킹스크로스역과 세인트판크라스국제역에서 도보로 10분거리에 있는 런던 유스턴역은 워터루역에 이어 런던에서 두번째로 넓은 면적을 자랑하는 거대한 철도역이다. 유스턴역의 역사는 1837년 '런던-버밍엄(Brimingham)'간 구간이 개통하면서 시작되었고 이후 1960년 근대적인 스타일로 재건축하면서 지금의 모습을 갖추게 되었다. 역명 '유스턴(Euston)'은 과거 영국의 주요 귀족인 '그래프턴 공작(Dukes of the Grafton)' 의 종가인 유스턴홀(Euston hall)이 이곳에 위치해 이것을 본 따 지은이름이며 귀족소유의 땅이였던 만큼 역이 지어질당시에는 거의 들판밖에 없었다고 한다.▣ 유스턴스.......</description>
  <category>Station</category>
  <tag>UKTrain,사진</tag>
</item>