﻿<?xml version="1.0" encoding="utf-8"?>
<item>
  <title>[영국] 런던최초의 기차역 ~ 런던브릿지역(London Bridge Station)</title>
  <link>http://kimhr91.blog.me/90194647417</link>
  <description>▣ 런던브릿지역(London Bridge Staiton)▣◎ 런던브릿지역(London Bridge Station)은 런던을 대표하는 9개 시종착역은 아니지만 런던을 대표하는 역으로 여기기엔 부족함이 없는 중요한 역이다. 런던 동남부에 위치하며 인근에는 런던을 대표하는 대표 랜드마크인 타워브릿지(Tower Bridge)와 역명 런던브릿지(London Bridge)가 위치한다. 다른시점에서 보면 인근에 다리(bridge)와 관련된 명소들이 많다는걸 알 수 있겠다.▣ 런던브릿지역(London Bridge Staiton) 구 대합실 ▣◎런던브릿지역(London Bridge Station)은 1836년 12월 '런던-그리니치(Greenwich)'간 철도가 개통하면서 런던의 시,종착역으로 영업을 개시한다. 역사로 따지면 2014.......</description>
  <category>Station</category>
  <tag>UKTrain,사진</tag>
</item>