﻿<?xml version="1.0" encoding="utf-8"?>
<item>
  <title>[영국] 영국철도 살펴보기.3 ~ 버튼식 출입문</title>
  <link>http://kimhr91.blog.me/90193550253</link>
  <description>▣ Class 377-415▣◎승강장에서 기다리던 열차가 도착 한 후 이 열차를 타기 위해선 무엇을 해야할까? 당연히 출입문이 열리길 기다리고 출입문이 열린 뒤 타는게 정석이다. 참 단순하고도 당연한 이러한 사실을 굳이 다시 번복해봐야 큰 의미가 있을지 의문감을 품을 수 있겠다. 허나 이는 재미있게도 영국에선 조금 이색적인 모습으로 보일 수 있는 사실을 부정할 수 없다. 무슨소리이냐고? 바로 영국에서 기차를 타기위해선 한국처럼 단순히 문이 열리길 기다리는게 아니라 열차출입문에 있는 개폐버튼을 눌러 탑승하는 방식이기에 처음 영국을 방문한 한국인들에겐 참 낯선장면으로 받아들여 진다는 것이다.▣ Class 377-415 출입문 및 버튼.......</description>
  <category>영국철도알아보기</category>
  <tag>UKTrain,사진</tag>
</item>