﻿<?xml version="1.0" encoding="utf-8"?>
<item>
  <title>빅토리아역 대형스크린에서 본 세월호 소식...</title>
  <link>http://kimhr91.blog.me/90194457798</link>
  <description>◎ "S Korea ferry captain blamed , President says actions were 'Tantamount to murder'" 직역하자면 "한국페리선장을 탓하다. 대통령은 '살인이나 마찬가지인 행동'이라 언급했다." 부활절 연휴를 맞이해 런던,요크등 주요 관광지를 관광하고 다시 집으로 돌아가던 도중 빅토리아역 전광판에서 세월호 사고 관련 소식을 접할 수 있었다. 이렇게 멀리 떨어진 이국땅에서도 한국에 일어난 비극적인 사건에 모두 관심과 무사안녕을 바라는 이들을 많이 볼 수 있었다. 심지어 아직도 BBC 1면에는 세월호사건이 실려있을 정도이니 이런 비참한 큰 사건 앞에선 남도 없나 보다. 실날같은 기적을 바라며 먼 이국땅에서 나도 조용히 기도해본다.14.04.......</description>
  <category>Europe Story</category>
  <tag>UKStory</tag>
</item>