﻿<?xml version="1.0" encoding="utf-8"?>
<item>
  <title>[영국] 아울렛매장과 함께있는 역 ~ 윈저&amp;이톤 중앙역(Windsor&amp;Eton Central Station)</title>
  <link>http://kimhr91.blog.me/90193987071</link>
  <description>▣ 윈저&amp;amp;에톤 중앙역(Windsor&amp;amp;Eton Central Station)▣◎ '아울렛매장'이란 개념은 아직 한국에선 생소한 시장(Market)이다. 일단은 백화점이긴 백화점인데 일반백화점처럼 거대한 하나의 빌딩에 점포들이 들어선 것이 아니고 재래시장처럼 가게들이 지정된 골목마다 개별로 들어서 있는 형태로서 사실 유럽(이탈리아)에서 만들어진 쇼핑센터 개념이라 한다. 이런 아울렛매장이 들어서려면 일단 부지가 넓어야 되니 우리나라처럼 좁은나라에선 크게 성행하긴 힘든형태지만 그래도 부산시 기장군에 대표적인 '기장아울렛'등 조금씩 한국에서도 그 영향력이 넓어가니 아마 몇년만 지나면 서울이나 대도시에선 쉽게 볼 수 있을 것이다.▣ 윈.......</description>
  <category>Station</category>
  <tag>UKTrain,사진</tag>
</item>