﻿<?xml version="1.0" encoding="utf-8"?>
<item>
  <title>[140418~21] 4월 영국철도사진들 ~ 3</title>
  <link>http://kimhr91.blog.me/90194638459</link>
  <description>◎ 길었는지 짧았는지 가늠하기 어려웠던 부활절 연휴의 마지막날. 그냥 이스트본(Eastbourne)으로 돌아가기 심심해서 아침일찍 숙소에서 나와 채링크로스(Charing Cross)와 런던브릿지(London Birdge),워터루(Waterloo)일대를 돌아다니며 아주 일상적인 영국철도사진을 담기로 했다. 이 일대는 전부 SouthEastern사가 관리하는 구역이라 이날 하루동안 본 SouthEastern사 소속 열차들 평생 다 보고 온 기분이다.▣ SouthEastern - Class 375-706▣◎ Class 377과 판박이인 Class 375. 사실 도색까지 Southern사의 특유 청록색으로 맞췃다면 번호없이 구분하기 힘든 모습을 지니고 있다. 여튼 첫번째 방문지는 런던에서 가장 오래된 역으로 유명.......</description>
  <category>Pictures</category>
  <tag>UKTrain,사진</tag>
</item>