﻿<?xml version="1.0" encoding="utf-8"?>
<item>
  <title>[140418~21] 4월 영국철도사진들 ~ 1</title>
  <link>http://kimhr91.blog.me/90194524277</link>
  <description>◎ 한국과 달리 영국에선 '부활절'이란 행사를 국가지정공휴일로 지정될 정도로 매우 중요하게 여긴다. 보통 부활절 전으로 약 일주일정도 회사나 학교는 공휴일을 맞이하게 되는데, 때문에 영국인들에게 부활절이란 우리나라의 추석이나 설날에 버금갈정도로 중요한 날들이다. 다만 한국과 달리 이 연휴기간에 대부분 영국인들은 고향에 내려가기보단 여가생활 혹은 여행을 즐기는것이 보통이라 귀경길정체와 같은 일들은 찾아볼 수 없어 상대적으로 복잡함은 덜한편이다. 마침 본인이 다니는 어학원도 금,월요일을 쉬기로 해 총 4일간의 연휴를 받게 되었는데이런 기회를 틈타영국의 중심 런던과 그간 방문하고싶었던 철도박물관으로 유명한 요.......</description>
  <category>Pictures</category>
  <tag>UKTRAIN,사진</tag>
</item>