﻿<?xml version="1.0" encoding="utf-8"?>
<item>
  <title>[영국] 작지만 복잡한 역 ~ 런던 채링크로스역(London Charing Cross Station)</title>
  <link>http://kimhr91.blog.me/90194522882</link>
  <description>▣ 런던 채링크로스역(London Charing Cross Station)▣◎ 템즈강을 마주하고 있는 채링크로스역은 런던의 9개 주요 시종착역 중 하나로 주로 영국 동남부지역으로 향하는 열차들이 들어오는 역이다. 다만 런던의 주요 종착역들 중 채링크로스역은 규모가 작은편이라 그렇게 '크다는'느낌은 없지만 작은역임에도 불구하고 런던에서 5번째로 많은 승객들이 이용하는역이라 그런지 적어도 '복잡함'면에선 다른역들에 비해 절대 뒤쳐지지 않는다. 역명 채링크로스(Charing Cross)는 역 인근에 위치한 5거리 '채링크로스(Charing Cross)'에서 본 따왔으며, 채링크로스(Charing Cross)는 한 때 런던의 중심부를 자처했던 곳이자 지금도 런던의 도로원.......</description>
  <category>Station</category>
  <tag>UKTrain,사진</tag>
</item>