﻿<?xml version="1.0" encoding="utf-8"?>
<item>
  <title>우리 집 흔한 휴일 풍경</title>
  <link>http://charen.kr/220102211390</link>
  <description>우리 집의 흔한 휴일 풍경.딸은 공부하고 아내는 일하고 나는 놀고.가끔 딸과 놀아주고..딸은 알아서 제 공부하고,아내는 밀린 일하고,나는 노트북 켜놓고 차 마시며 빈둥거리는 중.이래서 휴일이 좋다.지난달에도 이번 달에도 조금씩 책장을 비운다.책을 버리고 차를 채운다. 어제 200여권을 솎아냈다.대학 때 열독했던 책들인데, 더는 읽을 일이 없을 듯하다옛날 책 정리하다 책갈피로 사용하던 노란 지하철 승차권을 발견했다.그땐 그랬지. 지하철 기본 구간 200원.어제 오후에 코엑스 유아교육전에 다녀왔다. 집에 오니 중국에서 부친 짐들이 도착해 있었다. 열 개가 넘는 박스에는 북경에 살 때 쓰던 차와 다구, 책과 생활용품들이 담겨 있.......</description>
  <category>일상과단상(2014년)</category>
  <tag>취미,일상·생각</tag>
</item>