﻿<?xml version="1.0" encoding="utf-8"?>
<item>
  <title>나보다 아범이 더 아픈거 같아?</title>
  <link>http://blog.naver.com/man9855/220083480666</link>
  <description> 
예정대로라면 오늘쯤은 주 중 산행일인데 실제로는 그러지를 못하고 있네요.
지난 주 수요일이니깐. 
산행사고를 당한지 1주일이 됐는데 일상의 리듬이 하루아침에 달라져 버렸습니다.
웃을 때도 그렇지만,특히 기침을 할라치면갈비뼈가 얼마나 고통스러운지요. 
그 때마다 그부위를 제까닥 눌러줘야만한답니다.
따지고 보면 모든게 다 안전불감증의 자업자득인데 어디에다 하소연 할 수도 없는 노릇이고. 쯧~.
&amp;#8203;그저 '세월이여 빨리 가다오' 입니다요.
&amp;#8203;
&amp;#8203;
&amp;#8203;
그러나 저러나
엎친데 덮친 격으로....   
&amp;#8203;
시골에 홀로계신어머니가 건강이 좋지않다고 연락이 왔네요.
몇년 전 부터 신장질환.......</description>
  <category>가족이야기</category>
  <tag>쪽침대,새우잠</tag>
</item>