﻿<?xml version="1.0" encoding="utf-8"?>
<item>
  <title>[140426] 이스트본역에서 촬영한 시운전열차</title>
  <link>http://kimhr91.blog.me/90193129606</link>
  <description>◎주말을 맞이해 늘 하던 런던관광을 위해 동네기차역인 이스트본역(EastBourne Station)을 평소처럼 방문했다. 이스트본역의 역구조나 여객운용특성상 흔히들 생각하는 기관차가 객차들을 주렁주렁 끌고가는 모습을 기대하기란 거의 어렵고 지하철과 비슷한 동차형 열차들만 돌아다니니 이젠 개인적으로 식상할 때도 된 것 같다. 그 만큼 나도 이동네에 거의 적응이 다 된건가? 그렇게 익숙해졌기에 한편으론 색다른게 들어오면 금방 눈치채고 '뭐지?'란 느낌을 순간적으로 느낄 수 있는데 그러한 감각(?)을 런던을 가기위해 아무생각없이 방문한 이스트본역에서 이루어져서 더욱 인상에 짙었던 것 같다. 바로 우연히 이스트본역에서 마주친 화.......</description>
  <category>Pictures</category>
  <tag>UKTrain,사진</tag>
</item>