﻿<?xml version="1.0" encoding="utf-8"?>
<item>
  <title>병상일지</title>
  <link>http://blog.naver.com/man9855/220097644196</link>
  <description>  &amp;#8203;
 ㅇ 병 원 명 : K병원(서울 종로구 새문안로)
 ㅇ 입원 기간: 2014. 8.4~8.18(14박 15일)
ㅇ 병 원 비 : 총 1,166,180원
 진료비 : 832,505원, 간병비 350,000원 별도(일 70,000원X5일)
&amp;#8203;
&amp;#8203;
&amp;#8203; 지난 월요일(8/18)모친께서 병원에 입원하신지 보름만에 퇴원을 하셨다.
입원해 있던 전기간을 남의 손을 빌지않고간병했어야만 자식된 도리인데 막판 5일간을 간병인을 투입한게죄스럽게 되었다.
퇴원은 했다지만 앞으로가 더 큰문제네요. 
1주일에3일간은 병원으로 가서 4시간씩이나 걸리는 혈액투석을, 그것도 평생동안 받아야만 한다는데.... 팔순고령이라 거동이 불편하니병원으로모시는 보호자 1명은.......</description>
  <category>가족이야기</category>
  <tag>모친퇴원</tag>
</item>