﻿<?xml version="1.0" encoding="utf-8"?>
<item>
  <title>[중국여행] 태항산 천하폭포</title>
  <link>http://blog.naver.com/man9855/220105708506</link>
  <description> 
중국여행!! 세 번째 이야기
&amp;#8203;
지난 시간에는 태항산의통천협과 태항협곡을 보여드렸는데 
오늘은 팔리구 천하폭포와 직벽엘리베이터를 소개할까 한다   천하폭포(天下瀑布)
&amp;#8203;
중국이 워낙 큰땅덩어리다 보니 유명한 산들이 많이 있지만대표급 명산을 표현할 때는 이렇게들 얘기한다고 한다.
태산(泰山)은 웅장함. 화산(華山)은 험난함, 구채구(九寨溝)는 유유함, 황산(黃山)은 청수(淸秀)함이라고...
그렇다면 태항산(太行山)은&amp;#8203; 뭐라고 할까?
지난 시간에도 말씀드린바 있지만태항의 혼(魂)이라고 한다.&amp;#8203; &amp;#8203;
&amp;#8203;
&amp;#8203;
&amp;#8203;   입구의 모습이다 이곳에 들어서면구.......</description>
  <category>해외여행</category>
  <tag>태항산,팔리구,천하폭포,직벽엘리베이터</tag>
</item>