﻿<?xml version="1.0" encoding="utf-8"?>
<item>
  <title>[중국여행] 남태항산 통천협(通天峽)</title>
  <link>http://blog.naver.com/man9855/220100040185</link>
  <description> 
진정한 산꾼이라면 해외에 나가서도 산을 타는게 정석인데.
어찌할꺼나?... 1년에 한 번쯤은 못 이기는척 하고가족의 뜻에 따라 순응해야만 했다.
이 모든게 다~ 가정의 평화를 위해서다... ㅜ
2014년 4박 5일간의 중국여행.
무더위를 피하고자계곡(협곡)트레킹개념의 여행이었는데 그냥 넘어가면 섭섭할테고
여러 여행지 중에서도 압축해서3~4회 정도로 여행후기로 올려볼까 한다.
오늘은 첫 번째의 시간으로 태항산에서도 남부지방의'통천협'에 관한 얘기가 되겠다.
&amp;#8203;
&amp;#8203;
&amp;#8203;
&amp;#8203;
&amp;#8203;
통천협(통할通 하늘天 골짜기峽) 
2014. 8.14&amp;#8203;
※사진은 통천협의 상단부인 선인봉의 모습
&amp;#8203; &amp;#820.......</description>
  <category>해외여행</category>
  <tag>중국,통천협</tag>
</item>