﻿<?xml version="1.0" encoding="utf-8"?>
<item>
  <title>[중국여행] 중국의 그랜드캐넌 태항대협곡(太行大峽谷) </title>
  <link>http://blog.naver.com/man9855/220101414885</link>
  <description>  
중국여행!! 두 번째 이야기.
통천협에이어 오늘은 두 번째 시간으로 태항대협곡에관한 얘기다.
&amp;#8203;
&amp;#8203;
&amp;#8203;
&amp;#8203;
&amp;#8203;
태항대협곡(太行大峽谷) 
※ 사진은 협곡 중에서 '이룡희주'의 모습임
&amp;#8203;
&amp;#8203;
여러 협곡 중에서도 도화협곡은 태항산에서 가장아름다운 골자기이며 엄동설한에도 복숭아 꽃이 피는 곳이라 하여 이름이 유래되었다.&amp;#8203;
수 억만년전 지질형성 중에 유수의 침식으로 인하여 홍암석이 씻겨서 나타난 깊은 골짜기로 협곡은 맑은 물로 폭포를 이루고 있으며 때로는 연못이 어우러져 있어 마치 한폭의 그림을 보는 것과도같은 곳이다. 주요 볼거리로는 황룡담, 비룡협, 함주, 이룡.......</description>
  <category>해외여행</category>
  <tag>중국,그랜드캐넌,태항대협곡</tag>
</item>