﻿<?xml version="1.0" encoding="utf-8"?>
<item>
  <title>집 떠나면 개고생</title>
  <link>http://blog.naver.com/man9855/220095228122</link>
  <description>  
사진은 중국의 태항산에서 남부지방인 통천협(通天峽)의 정상 선인봉입니다 &amp;#8203; 1997년 싱가폴, 인도네시아를 필두로가족과 함께해외여행을 시작한지가 엊그저께 같은데 벌써열 번째가 되네요.
금년에는 중국의 태항산과 천계산으로다녀왔는데중국여행은통산 다섯 번째가 되는 셈.
누구나 같은 마음이겠지만 외국여행은 미지의 세계에 대한 접근이라 떠날 때 부터 마음이 설레이게 마련이지요
그렇지만
막상 현지에 도착하는 순간 부터 제일 먼저 먹거리에 대한 애로사항 부터부닥치게 되는데
늘어난 여행 횟수만큼이나그런 문제점들은극복할 수가 있었지만이번 여행에서는 이동거리에 질려버렸네요.
공항에서 관광지 까.......</description>
  <category>소소한 일상 · 생각</category>
  <tag>집떠나면개고생</tag>
</item>