﻿<?xml version="1.0" encoding="utf-8"?>
<item>
  <title>블방 잠시 비웁니다. 다녀와서 뵈어요!!</title>
  <link>http://blog.naver.com/man9855/220090161015</link>
  <description>  
&amp;#8203;
해마다 이맘 때 쯤이면 박여사와 함께 바다건너 여행을 떠나곤 하는데.
금년에도 예외없이 일을 그렇게 추진했었다.
매달20여만 원씩, 
친· 인척들이 1년동안 여행경비를 모아 함께 떠나는 여행인데.
여행경비를 여행사에다 입금 시킨지 불과 며칠 만에 덜커덕~ 
마른하늘에 날벼락도 유분수지.
팔순노모의 갑작스런 입원으로 일이 단단히 꼬여버린다.
  예약금이고 뭐고 간에여행을 취소하는게 자식된 도리지만. 
이번 여행의 리더격인 박여사가 빠질 수가 없기에혼자 다녀오라고 하니 박여사가 내심 불편해 하고.
그렇다고 사하라가 박여사의 대타로 떠나기는 더더욱 그렇다.
생각할 수록알토란 같은 250마넌이라.......</description>
  <category>소소한 일상 · 생각</category>
  <tag>다녀와서뵈어요.</tag>
</item>