﻿<?xml version="1.0" encoding="utf-8"?>
<item>
  <title>미지의 능선!! 수락산(638m) 소리바위를 찾아서...</title>
  <link>http://blog.naver.com/man9855/220103957801</link>
  <description> 
건강을 지키기 위해서는 여러가지의 방법이 있겠지만 몇년 전부터그런 생각을 했었다.
헬스클럽이고 골프고 다 필요가 없다. 1주일에 두번 정도만 산에 오르면 되지않겠나...
그렇게나름대로의 철칙을 정하고서실천을 하고 있는데최근의 사정은 그렇지가 못하다.
지난달산행부주의로 갈비뼈가 골절된데다 설상가상으로 팔순노모의 입원.
이런저런 사정으로이달 들어 산에 댕겨온 날은 불미스럽게도 딱한번 뿐이더라는...ㅜ.
더 이상 미뤘다가는안되겠다는 생각에서 오늘은 아예 작심하고 산으로 든다.&amp;#8203; &amp;#8203;  &amp;#8203; 
2014년 예순 여섯 번째 산행이야기
수락산(서울시 노원구, 경기도 의정부 ·남양주시)
&amp;#8203;
&amp;#8.......</description>
  <category>일반산행기</category>
  <tag>수락산,금류폭포,은류폭포,옥류폭포,소리바위능선,개울골능선,내원암</tag>
</item>