﻿<?xml version="1.0" encoding="utf-8"?>
<item>
  <title>중국 생활을 정리하다</title>
  <link>http://charen.kr/220101950242</link>
  <description>2014년 8월 17일 일요일어제 오후에 너무 걸었더니 초저녁에 곯아떨어졌다. 새벽 3시, 알람 소리가 요란하여 눈을 떴으나 내 알람 소리가 아니라 화재경보기 소리였다. 호텔 2층 화재경보기가 요란스레 울리고 있었다. 문을 열어 소리나는 곳을 보니 화재가 난 것 같지는 않다. 근 40 여분 정도 지나서야 소리가 멈췄다. 그런데 이 와중에 화재경보기 소리를 뚫고 우렁차게 울리는 옆집 투숙객의 코 고는 소리는 또 뭔가? 경보기 소리는 멈췄지만 옆집 아저씨 코 고는 소리는 여전하다.어제 오전에 잠깐 사무실에 나갔다가 점심 무렵 버스를 타고 이화원(&amp;#39056;和&amp;#22253;)에 갔다. 실은 이화원에 갈 생각이 전혀 없었다. 무작정 아무 버스나 타.......</description>
  <category>일상과단상(2014년)</category>
  <tag>취미,일상·생각</tag>
</item>