﻿<?xml version="1.0" encoding="utf-8"?>
<item>
  <title>관악산(안양운동장능선~육봉~불성사능선-안양유원지)</title>
  <link>http://blog.naver.com/man9855/220087940831</link>
  <description> 
오랫만에산행을 하게 되었다
안전사고를 당한지 열흘 정도가지나가지만 아직 까지도 그 악몽에서 헤어나지를 못하고 있는 실정이다.
몸은 그런대로 움직이며 생활에는 불편함을 느낄 수가 없는데도의사샘님 께서는정반대의 의견을 내 놓는다.
"갈비뼈가 아직 붙지를 않았으니 산에 가시면 안됩니다"... 라고. ㅜ
"예. 알겠습니다"... 대답은 그렇게 했지만 몸은 이미 산에 가 있더라는 그런 말씀이죠. ㅜ
&amp;#8203; 
&amp;#8203;  &amp;#8203;
&amp;#8203;2014년도예순다섯번째산행이야기 
관악산(경기도안양시, 과천시)
&amp;#8203;
&amp;#8203;
&amp;#8203;
&amp;#8203;
&amp;#8203;
&amp;#8203;
관악산(갓冠 큰산岳 뫼山)
※ 사진은 운동장능선에서 바라본.......</description>
  <category>일반산행기</category>
  <tag>관악산,관악산산림욕장,운동장능선,불성사능선,서울대수목원,안양유원지</tag>
</item>