﻿<?xml version="1.0" encoding="utf-8"?>
<item>
  <title>내년 부터는 엄청 바빠요</title>
  <link>http://blog.naver.com/man9855/220071112064</link>
  <description>  
이제는 혼자서도 잘 놀아요!!
&amp;#8203;
&amp;#8203;
(1)&amp;#8203;
&amp;#8203;
금년 봄에초등학교에입학한 사하라의 외손자입니다.
&amp;#8203;
출가한 딸렘이 지척에 살고 있어 주말이면 어김없이놀러를 오는데. 이녀석이 성장하면서 외할아버지께 불평불만을 달고 살았지요.
그렇게 된이유는"함께 놀아주지 않는다"는 것 이었습니다.
내 이럴줄 알았으면 미리 부터 할아버지 공부나 해둘 걸 그랬나요.
그것도 모르고서 다리의힘만 믿고산으로만 다녔으니.&amp;#8203;.. ㅜ
&amp;#8203;이제는 많이 자랐는지 혼자서도 척척 알아서 논답니다. 
그건 그렇다 치고. 이녀석이요 저보고 그럽니다.
&amp;#65279; 자기도 "내년 부터는 엄청 바쁘게 생겼.......</description>
  <category>가족이야기</category>
  <tag>내년부터는엄청바빠요.</tag>
</item>