﻿<?xml version="1.0" encoding="utf-8"?>
<item>
  <title>피서산행!! 관악산 암반천계곡을 아시나요?</title>
  <link>http://blog.naver.com/man9855/220075620052</link>
  <description> 
지성이면 감천이라고... 
사하라가 그토록 애원했던 비가 중부지방에서도연이틀 내려줬다. 그야말로 꿀맛 같은단비였는데.
그 비로인하여 가뭄은 다소나마 해소가 되었지만날씨라는 거시기는 겨우 하루정도 맑은날을 보여주드니만 언제 그랬냐는 듯 도루아미타불이 되고 말았다. 30도를 웃도는 무더위에다 뿌연하늘로 말이다. &amp;#8203;
이럴 때는 달리 방안이 없다. 원정산행보다는 더위를 피하는게상책일거 같아 계곡을 찾아들었다. 서울 관악구민도 잘 모르는암반천계곡. 우리 이웃님들은 아실랑가요?... ㅎ
&amp;#8203; 
 
2014년도예순세번째산행이야기  관악산 암반계곡개천&amp;#8203;~수영장능선
&amp;#8203;
&amp;#8203;
&amp;#8203; &amp;#8.......</description>
  <category>일반산행기</category>
  <tag>관악산,암번계곡개천,559봉하단,관악문,신선대,수영장능선</tag>
</item>