﻿<?xml version="1.0" encoding="utf-8"?>
<item>
  <title>관악산(632m) 문원폭포-연주암-제3깔딱고개-서울공대</title>
  <link>http://blog.naver.com/man9855/220073868785</link>
  <description> 
&amp;lt;프롤로그&amp;gt;
지난금요일.친구와 후배 그리고사하라.세 명이서 함께 식사를 하면서 약속 하나를하게된다. 
내일 오후(토요일)에 문원폭포를 구경하는걸로... 날씨가 좋으면 보너스로연주대 까지가 보자고 말이다.
근데,
이튿날 전화를 해보니 두명 다 약속이나 한 듯이 부도를 내고 말았다. 이런 우-C.
친구넘은 미안했던지 전화기 전원을 아예 끄놓은 상태이고, 후배녀석은 비가 올거 같다면서 살짝 꼬리를 내린다. 사정이 그렇다면 상대방이 먼저 전화를 걸기 전에미리 알려줄일이지...두명이서동시에 그러면나는 뭐야?. 졸지에 낙동강 오리알 신세가되고 말았다.
약속!! 
그야말로 신성한 것인데 하려면심사숙고해서 할것이며, .......</description>
  <category>일반산행기</category>
  <tag>관악산,문원폭포,일명사지는선,영주암,제3깔딱고개,서울공대</tag>
</item>