﻿<?xml version="1.0" encoding="utf-8"?>
<item>
  <title>[경기도 광명] 서독산,가학산,구름산 연계산행</title>
  <link>http://blog.naver.com/man9855/220061702257</link>
  <description> 
&amp;#8203;지난 주말에는 경기도 가평군에 위치한 칼봉산을 올랐는데등산 재미라고는 별로 느끼지를 못했다.
연무로 인하여 잔뜩 흐린 날씨에다 등산로에서는 물론 4개봉의 정상에서도 조망권이 꽉막힌 그런 산이었다. 그것 뿐이랴? 1박2일이라는 방송을 통해유명세를탓던 경반게곡의 수량마져도 미미했던게 그 원인일 것이다. 
해서,다음날의 날씨는어제보다는 좋지않겠나?싶었는데 막상아침이 되고보니 어제와 별반 다를게 없다. 이런걸 핑계로 일요산행을 접고 하루쯤 쉬려고 하는데박여사의일침!!. 
"놀아도 산에가서 놀다 옵시다요"&amp;#8203;
&amp;#8203; &amp;#8203;
2014년도쉰아홉 번째산행이야기
서독산, 가학산, 구름산 연계산행
&amp;#820.......</description>
  <category>일반산행기</category>
  <tag>서독산,가학산,구름산</tag>
</item>