﻿<?xml version="1.0" encoding="utf-8"?>
<item>
  <title>관악산 문원폭포(2014. 7.26)</title>
  <link>http://blog.naver.com/man9855/220072786726</link>
  <description> 
마른장마가 계속되던 중부지방에 드디어 연속해서 이틀동안 비가내렸다
관악산문원폭포의 수량이 어느 정도인지? 
주말 오후시간대를 이용,한번 찾아가 봤다
&amp;#8203;
&amp;#8203; &amp;#8203;
&amp;#8203;
&amp;#8203;
&amp;#8203;문원폭포
경기도 과천시 중앙동&amp;#8203;  &amp;#8203;   
   
문원폭포(동영상) 
 
 
 
 
 
 
 
 
 
  문원하(下)폭포
&amp;#8203;
&amp;#8203;     ※ 찾아가는 길
 정부과천청사역(4호선) 7번출구→ 기술표준원앞→ 관악산 육봉가는 길
 (기술표준원에서 약 1,2Km에 위치함)  사하라 블방을 찾아주신 이웃님 감사합니다. 머무시는 동안도 행복하세요!!
&amp;#8203;   .......</description>
  <category>국내여행 · 구경</category>
  <tag>관악산,문원폭포</tag>
</item>