﻿<?xml version="1.0" encoding="utf-8"?>
<item>
  <title>[경기도 가평] 송이봉,깃대봉,매봉,칼봉산 연계산행</title>
  <link>http://blog.naver.com/man9855/220059374944</link>
  <description>  2014년도쉰 여덟 번째산행이야기
(경기도 가평) 송이봉, 깃대봉, 매봉, 칼봉산 연계산행
한국의 산하 인기명산 300(칼봉산)&amp;#65279; 
&amp;#8203; &amp;#8203;  &amp;#8203;
칼봉산은 경기도 가평군 가평읍에 위치한 899.8m 높이의 산이다
경반리에서 수락폭포까지 이어지는 깊고 깨끗한 경반계곡이 자리하고 있어 여름철 가족 피서겸 산행지로 좋은 곳이다. 
산행은 골짜기로 계속 들어가 경반리에서부터 시작해 경반분교(폐교)를 지나 경반사가 나오고 다시 회목교개에서 서쪽으로 올라가면 매봉과 깃대봉 등이 있다(자료출저:대한민국 구석구석).
&amp;#8203;
&amp;#8203;
&amp;#8203;
&amp;#8203;
&amp;#8203; &amp;#8203;
&amp;#8203;
&amp;#8203;
&amp;#8203.......</description>
  <category>일반산행기</category>
  <tag>칼봉산,송이봉,깃대봉,매봉</tag>
</item>