﻿<?xml version="1.0" encoding="utf-8"?>
<item>
  <title>소무의도 무의바다누리길</title>
  <link>http://blog.naver.com/man9855/220066496897</link>
  <description> 
최근 중부지방의 날씨를 보면마른장마가 계속되고 있다.
30도를 웃도는 삼복더위에다하루종일 찌푸린 날씨는가만히 있어도 땀이나고 짜증을 불러오기에 딱인데, 그렇다고 산에 가봤자 조망도 시원찮아 산행재미는 반감이 되곤한다.
그래서 오늘은 산행이라기 보다는 바닷길을 한번 걸어보고 싶은 마음에서 소무의도를 찾아봤다.  2014년도예순 번째산행이야기
소무의도 바다누리길
&amp;#8203;
&amp;#8203;
&amp;#8203;
&amp;#8203; 소무의도(小舞衣島)
※ 사진은 샘꾸미버스정류장에서 바라본 모습임
&amp;#8203;
&amp;#8203;
&amp;#8203;
인천광역시 중구 무이리. 면적 &amp;#8203;1.22㎢, 해안선 길이는 2.5km이다. 
1999년 12월 말 현재 43세대에 90.......</description>
  <category>일반산행기</category>
  <tag>소무의도,바다누리길,잠진도선착장</tag>
</item>