﻿<?xml version="1.0" encoding="utf-8"?>
<item>
  <title>내 육신도 하루빨리 오늘의 날씨처럼 좋았졌으면....ㅜ</title>
  <link>http://blog.naver.com/man9855/220079919752</link>
  <description> 
2014년 8월 2일(토요일) 아침 6시경 이었습니다.
창밖을 내다보니 날씨가 얼마나 쾌청했던지요. 지체없이아파트 옥상으로 달려가 보았습니다.
개인적인 생각이기는 하지만 금년들어 최고로 좋은날씨가 아닌가 싶은데요
&amp;#8203;
&amp;#8203;
&amp;#8203;
&amp;#8203;
&amp;#8203; (파노라마) 관악산, 삼성산, 호암산, 수락산 여러 산을각기 당겨서 보면 이렇게 펼쳐집니다
↓&amp;#8203;   &amp;#8203;
관악산(서울시 관악구, 경기도 안양시, 과천시)   
&amp;#8203;
삼성산(서울시 관악구, 경기도 안양시). 호암산(서울시 시흥구)
&amp;#8203;
&amp;#8203;  
수리산(경기도 군포시.안양시, 안산시)
&amp;#8203;
&amp;#8203;
&amp;#8203;
&amp;#820.......</description>
  <category>소소한 일상 · 생각</category>
  <tag>근신중.</tag>
</item>