﻿<?xml version="1.0" encoding="utf-8"?>
<item>
  <title> 짜릿한 암릉의 묘미, 용조봉, 신선봉(경기도 양평)</title>
  <link>http://blog.naver.com/man9855/220077329821</link>
  <description> 
 2014년도예순네번째산행이야기 
(경기도 양평) 용조봉, 신선봉
&amp;#8203;
&amp;#8203;
&amp;#8203;
&amp;#8203;
&amp;#8203;
용조봉(&amp;#8203;용龍 성曺 봉우리峰)
&amp;#8203;  
경기도 양평군 용문면에 위치한 용조봉은 높이가 631ｍ이다(표지석에는 635m로 표기). 
용문산(1,157m) 동쪽, 중원산(780m) 서쪽에 솟아 있다. 용문산에 가려져 널리 알려지지 않았지만 깊이가 ４㎞나 되는 협곡 용계와 조계가 있어 여름철 피서지로 적합하다. 등산로는 신점리의 용계와 조계가 만나는 지점에서 시작하여 왼쪽 능선으로 정상까지 이어진다(자료출처:두산백과)
&amp;#8203;
&amp;#8203;
&amp;#8203; 
&amp;#8203;
&amp;#8203;
&amp;#8203;
&amp;#8203; 
동선도(빨강색 : 시.......</description>
  <category>일반산행기</category>
  <tag>용조봉,신선봉,조계골계곡,용문사관광단지</tag>
</item>