﻿<?xml version="1.0" encoding="utf-8"?>
<item>
  <title>양평4산(도일봉,싸리봉,단월봉,중원산) 연계산행</title>
  <link>http://blog.naver.com/man9855/220069078808</link>
  <description> 
&amp;#65279;연일 날씨는 무덥기만 하고하늘은 잔뜩 찌푸린 날씨.
최근 중부지방의 날씨가 이렇다 보니 산행을 해봤자 재미도 반감되고 그래서인지 슬슬 꾀가나기 시작하는데...조망도 없는데산에가면 뭐할꼬. ㅎ그래서인지 산이라는 존재가마음에서 자꾸만 멀어져 가는느낌을 지울 수가 없다.
근데, 
마른장마가 계속되던중부지방에사막의 오아시스 같은 빅뉴스가 있다.
화요일 저녁 부터 주말 까지 1주일 내내 비가 온다는 예보가 있네요. 기상청을 구라청이라며 일기예보를 잘 믿지않는 사하라이지만이번만큼은 무한신뢰를 보낸다. 기상청이 우리동네에 있다고 해서 그런거는 절대로 아니고... ㅎ.
비가온다는 핑계로유야무야 넘어갈뻔 한.......</description>
  <category>일반산행기</category>
  <tag>중원산,도일봉,싸리봉,단월산</tag>
</item>