﻿<?xml version="1.0" encoding="utf-8"?>
<item>
  <title>중국 법인을 청산하다 (2)</title>
  <link>http://charen.kr/220101940046</link>
  <description>2014年8月12日 星期二，&amp;#28165;算 第七天今天上午因&amp;#20026;退&amp;#32844;金的&amp;#38382;&amp;#39064;有了一次波折。就中&amp;#22269;&amp;#21171;&amp;#21160;合同法&amp;#24403;中&amp;#28165;算退&amp;#32844;金&amp;#26102;的工&amp;#36164;基准，&amp;#26597;&amp;#25214;了相&amp;#20851;的&amp;#26465;例，到底是&amp;#24212;&amp;#21457;工&amp;#36164;&amp;#36824;是&amp;#23454;&amp;#21457;工&amp;#36164;。律&amp;#24072;咨&amp;#35810;其他同事的&amp;#32467;果是&amp;#23454;&amp;#21457;工&amp;#36164;。&amp;#23454;&amp;#21457;工&amp;#36164;指的是&amp;#25187;&amp;#31246;后的&amp;#23454;&amp;#38469;收入。&amp;#23545;此，&amp;#36130;&amp;#21153;在中&amp;#22269;的&amp;#32593;站上&amp;#25214;到了相&amp;#24212;的法律&amp;#26465;例，指出&amp;#24212;&amp;#21457;工&amp;#36164;&amp;#21363;指&amp;#25187;&amp;#31246;前.......</description>
  <category>일상과단상(2014년)</category>
  <tag>취미,일상·생각</tag>
</item>