﻿<?xml version="1.0" encoding="utf-8"?>
<item>
  <title>가평, 양평 3산(소구니산, 유명산, 어비산) 연계산행</title>
  <link>http://blog.naver.com/man9855/220034909301</link>
  <description> 
전국적으로 가뭄이 극심한 편이다.
남부 일부지방에서는 비가어느정도 내려 그나마 다행이기는하다지만 수도권 주변 산을보노라면 계곡의 물흐름이 끊어진지가 이미 오래되었고 그나마 조금 깊다는 소(沼)도 물이 말라산소부족 현상으로 물고기들이 입을 뻥끗거리며 하늘만 쳐다보고 있는 그런 실정이더라.
해서 사하라의 생각은 그렇다.
산에는가지 못해도좋으니깐 비나흡족하게 내려줬으면...혹여 이렇게 얘기한다고 말이 씨가 될라나...ㅜ. 장마전선이 북상할 에정이라고하니내가 살고있는 주변을 한번쯤은 돌아볼 일이다.
오늘은 양평과 가평 위치한3산 연계산행을 하기위해 배낭을 들춰맸다. 꿈도 야무락지게 멋진 조망을 기대하면서.......</description>
  <category>일반산행기</category>
  <tag>소구니산,유명산,어비산,농다치고개</tag>
</item>