﻿<?xml version="1.0" encoding="utf-8"?>
<item>
  <title>북한산 보현봉 기(氣)받이 산행(제1편)</title>
  <link>http://blog.naver.com/man9855/220041939057</link>
  <description> 
세상 살아가면서 여러사람과 부데끼다 보면필연적으로 뒤따르는게'인연'일텐데
획기적인 의술발달로 재수가 없게되면 100살 까지도 살아야한다고 하니좋은인연은 많이 만들 수록우리네 인생도 한층더 윤택해 지고심신의 건강도 챙길 수 있는지름길이 아닐까 싶습니다.
'좋게 맺어진 인연!! 끝까지잘 어어가자'는게 필자의 인생철학에 한 부분이기도 한데... 
여기 산행으로맺어진절친 한분이 계신다, 오늘은 그 분의 초청으로 삼각산!! 동반산행은 이번이 세 번째가 된다.
&amp;#8203; &amp;#8203;
&amp;#8203;
&amp;#8203;
2014년도쉰 두번째산행이야기
북한산 (서울시 종로구)&amp;#8203;
산림청 선정 100대명산, &amp;#8203;인기명산 제 9위.
&amp;#8203;.......</description>
  <category>일반산행기</category>
  <tag>북한산,보현봉</tag>
</item>