﻿<?xml version="1.0" encoding="utf-8"?>
<item>
  <title>양자산(710m),앵자봉(667m) 연계산행</title>
  <link>http://blog.naver.com/man9855/220053416156</link>
  <description> 
2014년도쉰 여섯 번째산행이야기
양자산, 앵자봉 연계산행 한국의 산하 300명산(앵자봉) &amp;#8203; 신년벽두에 들어서면서 '올 한해는&amp;#8203; 미답지 위주로산행을 하여 산에 대한 견문을 최대한 넓혀보자'는 생각을 했었다.
그렇게 되다 보니 자연적으로 원거리산행은 배제가 되고수도권의 주변산들이 자꾸만 물망에 오르게되는데... 아시다시피 수도권 주변산은고산이 아니다 보니 육산위주의 산행이많아졌는데비례해서 산행재미가 조금씩 떨어지는 것도 기정사실이다. 
달리 대안이 없어 여러산을 연계산행을 하던가... 아니면 산행거리를 늘려보는데...
산으로 떠나는 여행!. 
오늘은 집에서 약 80Km의떨어진경기도 양자산과.......</description>
  <category>일반산행기</category>
  <tag>양자산,앵자봉등산지도,하품2리,앵자봉</tag>
</item>