﻿<?xml version="1.0" encoding="utf-8"?>
<item>
  <title>도봉산(여성봉, 오봉) 가족산행</title>
  <link>http://blog.naver.com/man9855/220032800500</link>
  <description> 
무슨 일이든지 처음단계가상당히 중요합니다.
새롭게 장만한&amp;#8203; 중등산화! 
길들이기를해야겠다는 생각을 하고있는데때마침 동반산행을하자는 지인의 요청이 있어 북한산을 가려던당초계획을 바꿔도봉산의 여성봉과 오봉으로 향합니다.
&amp;#8203;
&amp;#8203;
&amp;#8203;
2014년 마흔아홉 번째 산행이야기
도봉산(여성봉, 오봉) &amp;#8203;
&amp;#8203;
&amp;#8203;
&amp;#8203;
도봉산&amp;#8203;(길道 봉우리峰 뫼山)
※ 사진은 오봉(五峰)의 모습임
&amp;#8203;
&amp;#8203;
&amp;#8203;서울특별시 도봉구와 경기도 양주군 장흥면, 의정부시 호원동에 걸쳐 있는 도봉산은 북한산국립공원의 일부로서 산 전체가 하나의 커다란 화강암으로 이루어져 있으며, 절.......</description>
  <category>일반산행기</category>
  <tag>도봉산,송추계곡,오봉탐방지원센터,여성봉,오봉,송추폭포,송추분소</tag>
</item>