﻿<?xml version="1.0" encoding="utf-8"?>
<item>
  <title>북한산 보현봉 기(氣)받이 산행(제2편)</title>
  <link>http://blog.naver.com/man9855/220043248414</link>
  <description> 
2014년도 쉰 두번째 산행이야기
북한산 보현봉기(氣)받이 산행(제2편)
&amp;#8203;
&amp;#8203;
&amp;#8203;
  &amp;#8203;북한산(북녘北 한수漢 뫼山)
※ 사진은 사자봉에서 바라본보현봉(普賢峰)의 모습&amp;#8203;&amp;#8203;&amp;#65279;&amp;#65279;
&amp;#8203;
지난 시간에는 사자능선들머리에서부터 보현봉 정상 까지를 산행후기로 올렸는데 
이번에는그 후속편으로서 보현봉 정상에서 부터 문수봉으로 이어지는 비봉능선을 얘기하고자합니다.
&amp;#8203;
바빠서 1편을 못 보신 이웃님은이곳 부터 다녀오시기 바랍니다.
제1편 바로가기
↓&amp;#8203;
 &amp;#8203;http://blog.naver.com/man9855/220041939057
&amp;#8203;
&amp;#8203;
&amp;#8203;
&amp;#8203;
&amp;#8203;
&amp;#8203.......</description>
  <category>일반산행기</category>
  <tag>북한산,보현봉,대남문,문수봉,통천문,승가봉,관봉,비봉,향로봉,사모바위.선림공원지킴터</tag>
</item>