﻿<?xml version="1.0" encoding="utf-8"?>
<item>
  <title>관악산(632m) 버섯능선에서 팔봉능선 까지</title>
  <link>http://blog.naver.com/man9855/220038641224</link>
  <description> 
어제(6.21)는24절기 중에서도하지(夏至)였다. 
년 중, 낮의 길이가 가장 길기도 하지만&amp;#8203; 옛 속담에 '하지를 지나 열흘이면 구름장마다 바다'라고 했다.무슨 말인고 하니하지가 지난 다음에는 곧바로 장마가 시작되며비례해서 들쭉날쭉하는 날씨 때문에그만큼 비가 잦아진는얘기가 되겠다.
&amp;#8203;산행하는일요일. 
이 날의 일기예보도어김없이오후시간대에는 우산그림으로나란히어깨동무를 하고 있었는데, 대안으로 집에서 가장 가까운 관악산으로 오르기로 한다. 오늘은 근 1년만에 팔봉능선을 찾아보는게주 포인터. &amp;#8203;
&amp;#8203;
&amp;#8203;
2014년도쉰 한번째산행이야기
관악산(서울시 관악구, 경기도 안양시)&amp;#8203;
산.......</description>
  <category>일반산행기</category>
  <tag>관악산,버섯능선,팔봉능선,서울대학교수목원,안양예술공원</tag>
</item>