﻿<?xml version="1.0" encoding="utf-8"?>
<item>
  <title>[경기도 양주] 불곡산(佛谷山) 기암전시장을 찾아서... </title>
  <link>http://blog.naver.com/man9855/220045646656</link>
  <description> 
지지난 주 일요일. 
도봉산 오봉능선 산행시여동생내외가처음으로 참석하게 되었는데하나같이 반응들이 좋았다네요.그래서오늘은두 번째로추진하는 산행.근데 많은 인원이움직이다 보면 단점도 있기 마련이다,안전을 최우선시 해야 하는데다 한번 갔던 산도어김없이 재탕(?)해야한다는게 바로 그 것. 거기에다 느림보산행 까지...모든걸 차치하고서라도 느림보산행 만큼은사하라의 체질이 아닌데 말이다... ㅜ.
하지만 어쩔것이냐? 
가족의 평화가 곧 나라의 평화라고 하니이 한몸을 아낌없이 불사르기로 했다는...ㅜ. 어떻게 얘기하다보니 거창한 말이 되었네요. ㅎ 
오늘은경기도 양주에 위치한 기암전시장의 현장.불곡산에 오릅니다.
.......</description>
  <category>일반산행기</category>
  <tag>불곡산,불곡산등산지도,양주역,상봉,상투봉,임꺽정봉,악어바위</tag>
</item>