﻿<?xml version="1.0" encoding="utf-8"?>
<item>
  <title>중국 법인을 청산하다 (1)</title>
  <link>http://charen.kr/220101923835</link>
  <description>2014年8月7日，公司&amp;#28165;算第二天&amp;#32463;&amp;#36807;&amp;#20004;天的&amp;#26102;&amp;#38388;梳理了&amp;#20538;&amp;#26435;和&amp;#20538;&amp;#21153;&amp;#20851;系，&amp;#30830;定了可以向本社打回的金&amp;#39069;。律&amp;#24072;&amp;#36153;、&amp;#21592;工&amp;#36180;&amp;#20607;金&amp;#36824;有其余所需的&amp;#36153;用之外，剩余的金&amp;#39069;&amp;#23558;全部打回&amp;#38889;&amp;#22269;。打回去的金&amp;#39069;要比律&amp;#24072;想的要少些。因&amp;#20026;&amp;#28165;算流程和退&amp;#32844;金的&amp;#38382;&amp;#39064;，律&amp;#24072;和&amp;#36130;&amp;#21153;有了些&amp;#20914;突。我也向律&amp;#24072;&amp;#20960;次表示&amp;#23545;于剩下的&amp;#21592;工，一定要&amp;#36827;行&amp;#34917;&amp;#20607;。除了法律&amp;#35268;定的金&amp;#39069;以外，我的想法是&amp;#36824;要.......</description>
  <category>일상과단상(2014년)</category>
  <tag>취미,일상·생각</tag>
</item>