﻿<?xml version="1.0" encoding="utf-8"?>
<item>
  <title>관악산 육봉!! 하늘이 맑아 좋았던 날.</title>
  <link>http://blog.naver.com/man9855/220050806148</link>
  <description> 
지난 주말에는 불곡산. 
그저께는 중미산, 삼태봉,통방산을 올랐지만그 때마다날씨가 받쳐주질 않아 등산재미가 반감된게 사실이다. 이렇듯 최근의날씨를 보면계속해서 좋지못한 상태인데... 하지만 오늘 상황은 크게달랐다.
쨍하고 맑은 날에다 뭉게구름 까지 두둥실.... 보상심리 차원에서 하던 일을 멈추고 관악산으로 향했다. 
 
2014년도쉰 다섯 번째산행이야기
관악산 육봉(경기도 과천시)&amp;#8203; 산림청 선정 100대명산/ 한국의 산하 인기명산 제 9위&amp;#8203;
&amp;#8203;
&amp;#8203;
&amp;#8203;
&amp;#8203;
&amp;#8203;
관악산(벼슬官 큰산岳 뫼山)
&amp;#8203;
정부과천청사역(4호선) 7번 출구를 빠져나와 관악산을 바라본다
&amp;#8203;
.......</description>
  <category>일반산행기</category>
  <tag>관악산,육봉,문원폭포,운동장능선,관악산산림욕장</tag>
</item>