﻿<?xml version="1.0" encoding="utf-8"?>
<item>
  <title>인천 계양산, 중구봉, 천마산 연계산행</title>
  <link>http://blog.naver.com/man9855/220056818920</link>
  <description>  인천에 살고있는 친구가 여러 명이 있는데
만날 때마다그들로 부터이따금씩 이런 질문을받곤한다. "김형! 인천에 계양산은 가봤소?"라고... 
그럴 때마다 달리 할 말은 없고해서"물론 가봤지. 근데 높지도 않은 동네뒷산인데 뭐 자랑거리라도 있소?"라고 얼버무리곤 했는데, 이실직고컨데 사하라는현재 까지 계양산은 미답지였다는.... 
그래서 언제 한번은 가봐야지 했는데오늘서야 기회가 생겼다.인천에 볼일을 기화로계양산탐방을 우선순위로 잡아봤다.
&amp;#8203;
&amp;#8203; 2014년도쉰일곱 번째산행이야기
계양산, 중구봉, 철마산연계산행 한국의 산하 인기명산 144위(계양산)
&amp;#8203;
&amp;#8203;
&amp;#8203; &amp;#8203;
&amp;#8203;.......</description>
  <category>일반산행기</category>
  <tag>인천계양산.중구봉,천마산.</tag>
</item>