﻿<?xml version="1.0" encoding="utf-8"?>
<item>
  <title>중미산,삼태봉,통방산 연계산행</title>
  <link>http://blog.naver.com/man9855/220049125659</link>
  <description> 
국민학교(초등학교) 시절. 
선생님 께서날씨에 관해 열강하신 적이 있는데기억을 더듬어 보면이렇게 된다.
"영국이라는 나라는 우리나라와는 달리맑은날이 별로 없어서햇볕이라도 나는 날이면훌러덩 옷을 벗고 일광욕을 즐기는 나라"라고 말씀하셨다.
"그라마 우리나라는 왜? 좋은 날이 많은겁니꺼?"라고&amp;#8203; 질문을 드렸드니. 1차산업이 어떻고 2차산업이 어떻고...한참동안 설명해 주셨는데 이를 압축해 본다면 '공장이 많이 생기고 잘 살게되면그마만큼 공기가 탁해져 맑은 날을 볼기회가 적어진다'고...
사하라왈. 
"맑은 날을많이 못봐도 좋으니 우리나라도영국처럼 잘 살았으면 좋겠습니다"라고 했던 적이 있는데 지금 생각해 보.......</description>
  <category>일반산행기</category>
  <tag>서너치고개,중미산,삼태봉,통방산,가마소</tag>
</item>