﻿<?xml version="1.0" encoding="utf-8"?>
<item>
  <title>등산화</title>
  <link>http://blog.naver.com/man9855/220031427629</link>
  <description>  
&amp;#8203;
2011년 1월 부터 2012년 9월 까지 1년 9개월을 함께했던 녀석이다.
당시구입가격이 23만 원. 출격횟수는 약 160회.&amp;#8203;
너는 분명 사하라에게 혹사당한건 사실이지만 입이 열 개라도 할 말이 없을 것이다
전국100대명산이라는 곳을원없이 구경시켜 줬잖니?
그뿐이랴?
우리나라에서도 최고봉이라는 백두산 까지도 말이야...ㅎ
&amp;#8203; &amp;#8203;     2014. 6. 15일부로인계인수를 하는녀석들이다.
&amp;#8203;
왼쪽은 블렉야크 2012년 10월 부터2014년 6월초까지 약 1년 7개월을 함께했으며,
당시 구매가격은 29만 원으로 거금이었다(전두환 前대통령 재산과 똑 같은 금액).
강원도 민둥산을 시작으로 출.......</description>
  <category>소소한 일상 · 생각</category>
  <tag>등산화의중요성</tag>
</item>