﻿<?xml version="1.0" encoding="utf-8"?>
<item>
  <title>삼성산(481m) 힐링산행</title>
  <link>http://blog.naver.com/man9855/220010772117</link>
  <description> 
2014년 5월 25일(일요일)
&amp;#8203;
시나브로 계절의 여왕이라는 5월도이제는 막바지로 접어들었다.
모든산들이 푸르른 신록의 절기가 되다보니등산을 하기에는 지금이 최적의 날씨가 이닐까 싶다.&amp;#8203; 
오후에 비소식이 있어 원정으로 잡았던산행계획을 급수정,집에서 가까운 산으로다녀오기로 했는데 아침나절 부터 비가 슬슬 뿌리기 시작한다.등산을 못해도 좋으니비나왕창 내려줬으면 하는 솔직한 바램이다. &amp;#8203; &amp;#8203;
2014년도 마흔 두 번째 산행이야기
삼성산(서울시 관악구, 경기도 안양시)&amp;#8203;
&amp;#8203;
&amp;#8203;
&amp;#8203;
&amp;#8203;
&amp;#8203;
삼성산(석三 성서러울聖 뫼山)
※ 사진은 깃대봉 정상에서...&amp;#82.......</description>
  <category>일반산행기</category>
  <tag>관악산삼성산등산지도,삼성산,깃대봉,얼굴바위,육거리쉽터,서울대수목원</tag>
</item>