﻿<?xml version="1.0" encoding="utf-8"?>
<item>
  <title>용문산 종주산행(가섭봉,장군봉,함왕봉,백운봉,두리봉)</title>
  <link>http://blog.naver.com/man9855/220029079906</link>
  <description>  사하라! 최근의 몸상태가썩 좋지는않은거 같다.
이럴때는걍, 산에서 땀이나 왕창 빼 버리면 자동적으로 해결되지 않겠나 싶어종주산행을 계획해 봤다... 오늘은 이미 한차례 종주해 봤던코스 중에서 역으로올라볼 요량으로 광청(광교~청계산)과 용문산을 머리에올려놓고 저울질 하다가 용문산으로 결정하게 된다.본격적인 무더위가 시작된 만큼 광청보다는 한단계 아래인 용문산. 우리 그곳으로 함께 달려볼까요? &amp;#8203;
&amp;#8203;
2014년도 마흔여덟 번째 산행이야기
용문산 5봉종주(경기도 양평군)
 - 산림청 선정 100대명산
 - 한국의 산하 인기명산 제 28위
&amp;#8203;
&amp;#8203;
&amp;#8203;
&amp;#8203;
&amp;#8203;
용문산(용龍 문門 뫼.......</description>
  <category>종주산행기</category>
  <tag>용문산,용문산등산지도,용문사,마당바위,가섭봉,장군봉,함왕봉,백운봉,두리봉,용문산휴양림</tag>
</item>