﻿<?xml version="1.0" encoding="utf-8"?>
<item>
  <title>도봉산(740m) Y계곡의 짜릿한 맛보기 산행</title>
  <link>http://blog.naver.com/man9855/220025951740</link>
  <description>  2014년도 마흔일곱 번째 산행이야기
도봉산(경기도 의정부시, 서울시 도봉구)
- 산림청선정 한국의 100대명산
- 한국의 산하 인기명산 제 16위&amp;#8203;
&amp;#8203;
&amp;#8203;
&amp;#8203; 도봉산(길道 봉우리峰 뫼山)
※ 사진은 Y계곡 상단부모습임
&amp;#8203; &amp;#8203;
서울특별시 도봉구, 경기도 양주시, 의정부시에 위치한 산으로 높이가 740m이다.
서울 근교의 산으로 북한산과 함께 북한산 국립공원에 포함되어 있으며 교통이 편리하고 산세가 아름답다.
주능선상에는 최고봉인 자운봉을 비롯하여 만장봉, 선인봉, 주봉 등의 암봉과 서쪽으로는 다섯 개의 암봉이 나란히 줄지어 있는 오봉과 그 아래에는 여성봉이있다. 선인봉, 만장.......</description>
  <category>일반산행기</category>
  <tag>도봉산,망월사역,안말공원지킴터,해골바위,포대능선,Y계곡,정상,도봉탐방안내소</tag>
</item>