﻿<?xml version="1.0" encoding="utf-8"?>
<item>
  <title>밀린 일기(8.1~8.7) 북경에 가다</title>
  <link>http://charen.kr/220101916902</link>
  <description>2014년 8월 1일 금요일8월의 첫날, 하늘이 참 푸르다. 그런데 더버 죽겠다.2014년 8월 3일 일요일일주일 동안 캠프를 떠났던 딸이 오늘 돌아왔다. 아내가 종일 분주했다. 딸이 없는 동안 아침 저녁으로 딸의 전화만 기다리던 아내였다. 잠이 부족했던 딸은 조금 전 깊은 잠에 빠져들었고 아내는 누워 TV를 본다. 나는 더 바랄 게 없다.2014년 8월 4일 월요일 (한국에서 중국으로)중국 동진의 명필 왕희지는 하루도 차군(此君, 대나무) 없이는 살 수 없다 했는데 조선의 문신 채신보는 그가 묵는 서헌(西軒, 지방 벼슬아치의 관사)에 큰 대나무가 있어 차군헌(此君軒)이라 이름을 지었다. 나는 중국에서 하루도 차(茶) 없이 살 수 없었으니 내가 묵.......</description>
  <category>일상과단상(2014년)</category>
  <tag>일상·생각</tag>
</item>