﻿<?xml version="1.0" encoding="utf-8"?>
<item>
  <title>설악의 숨은비경!! 용아장성(龍牙長城)</title>
  <link>http://blog.naver.com/man9855/220024573666</link>
  <description> 
&amp;lt;프롤로그&amp;gt;
산꾼이라면 누구나 한번쯤 올라보고 싶어하는설악산의 용아장성!!그 꿈이 현실로 이루어졌다.
&amp;#8203;먼저 용아장성(龍牙長城)이란 뜻 부터 알아보면, 한문표기에서보듯이 용(龍)의 어금니(牙).즉 날카로운 '송곳니'라는뜻으로 그만큼 산세가 날카롭다는 얘기가 되며 이곳은 전문산악인의 리더없이는어느누구도 감히 오를 수가 없는 난공불락의 능선이다.
거의 직벽수준에 가까운여러 암봉들이 차례대로 도열해 있고,그곳에 올라서면 사방으로 펼쳐지는 풍광들로입이 딱 벌어지게 되는 곳이다. 그렇지만 다른 한편으로는등로 곳곳이천리낭떠러지로되어있어 풍광보다는공포심을 자아내기에 딱인데 앗차하면 곧바로 인명사.......</description>
  <category>종주산행기</category>
  <tag>설악산.오색.대청봉.봉정암.용아장성,수렴대피소,영시암,백담사</tag>
</item>