﻿<?xml version="1.0" encoding="utf-8"?>
<item>
  <title>설악산이 숨겨놓은 비경!!  용아장성(2014.6.6)</title>
  <link>http://blog.naver.com/man9855/220022704903</link>
  <description>  
일출
&amp;#8203;
&amp;#8203;   
&amp;#8203;
중청    
공룡능선 쪽 조망      용아장성
&amp;#8203;
&amp;#8203;        
솜다리(에델바이스)  
무박(6.5~6.6) 산행으로 설악산의 용아장성 품에 안기고 왔습니다.
포스팅은 추후에...   
</description>
  <category>일반산행기</category>
  <tag>설악산,용아장성,솜다리</tag>
</item>