﻿<?xml version="1.0" encoding="utf-8"?>
<item>
  <title>택배 왔어요!!(2013년 파워블로그 기념품)</title>
  <link>http://blog.naver.com/man9855/220012409779</link>
  <description> 
딩동♪♪ 딩동~~ 택배왔어요!!.
&amp;#8203;
네이버에서 큰 선물을 보내주셨네요
&amp;#8203;
파워블로그가 되고 보니 얼떨떨한 기분은 아직도 남아있는데
고맙구로 뭐 이런걸 다~~&amp;#8203; &amp;#8203;  &amp;#8203;
&amp;#8203;
&amp;#8203;
&amp;#8203;
&amp;#8203; &amp;#8203;
&amp;lt;크리스탈 기념패, 고급만년필, 20만원상당 마일리지 상품권&amp;gt;
&amp;#8203;     &amp;lt;크리스탈 기념패&amp;gt;  지난 한햇동안함께해 주신이웃님이계셔셔 행복했습니다.
앞으로도 늘 노력하는 자세로 여러분을 뵙겠습니다.
감사합니다.&amp;#8203; 
2014. 5. 28  사하라 올림.  
</description>
  <category>소소한 일상 · 생각</category>
  <tag>2013파블기념품</tag>
</item>