﻿<?xml version="1.0" encoding="utf-8"?>
<item>
  <title>북한산 비봉능선</title>
  <link>http://blog.naver.com/man9855/220019911290</link>
  <description>  2014년 마흔다섯 번째 산행이야기
북한산(경기도 고양군, 서울시 종로구)
&amp;#8203;
&amp;#8203;
&amp;#8203;
&amp;#8203;
&amp;#8203;
북한산(北漢山)
※ 문수봉에서 바라본 비봉능선의 모습
&amp;#8203;
&amp;#8203;
&amp;#8203;
&amp;#8203;
&amp;#8203;
&amp;#8203;
&amp;#8203; 
&amp;lt;북한산 등산지도 3종&amp;gt;
※ 클릭하시면 원본으로 볼 수 있음
&amp;#8203;
&amp;#8203;
&amp;#8203;
&amp;#8203;
&amp;#8203;
&amp;#8203;
&amp;#8203;
&amp;#8203;
&amp;#8203;
&amp;#8203;
동선도(청색라인: 시계방향)
&amp;#8203;
&amp;#8203;
&amp;#8203;
&amp;lt;산행일지&amp;gt;
ㅇ 일시 및 날씨 : 2014. 6, 1(일요일). 흐림/ 연무
ㅇ 어디로 : 북한산
ㅇ 누구랑  : 그녀와 함께
ㅇ 탐방코스
 북한산성탐방지원센터→ 계.......</description>
  <category>일반산행기</category>
  <tag>북한산등산지도,북한산,문수봉,사모바위,승가사,구기탐방안내소</tag>
</item>