﻿<?xml version="1.0" encoding="utf-8"?>
<item>
  <title>천상의 화원!! 고루포기산(1,238m)</title>
  <link>http://blog.naver.com/man9855/220017844968</link>
  <description> 
산이 좋아 산으로 떠나는 여행!!&amp;#8203;  소금산 등정(5/29)에 이어 오늘은 고루포기산에 관한 얘기입니다.
&amp;#8203; &amp;#8203;
&amp;#8203;
&amp;#8203;
2014년도 마흔네 번째 산행이야기 고루포기산(강원도 평창군)&amp;#8203;
&amp;#8203;
&amp;#8203;
&amp;#8203;  &amp;#8203;
고루포기산(~ 山)
&amp;#8203;
&amp;#8203;
&amp;#8203; 강원도 평창군 도암면(道岩面)과 강릉시 왕산면(旺山面) 고루포기마을 사이에 높이가 1,232 m의 산이다(표지석에는 1,238m로 되어있음). 
주변의 발왕산, 제왕산, 능경봉의 명성에 가려서 찾는 이들이 많지 않았던 산이지만 백두대간 상에 솟아 있는 산으로 울창한 숲과 초원지대와 야생화가 조화를 이루고 있어 환상적인.......</description>
  <category>일반산행기</category>
  <tag>고루포기산,능경봉,대관령휴게소,횡계5리,지르메마을,영동고속도로준공비</tag>
</item>