﻿<?xml version="1.0" encoding="utf-8"?>
<item>
  <title>작은 금강산 소금산(강원도 원주)</title>
  <link>http://blog.naver.com/man9855/220015883320</link>
  <description> 
&amp;lt;프롤로그&amp;gt;
지난해12월 경.
1박2일 여정으로 충청권의산으로 여행을다녀온 적이 있는데...
내가 가고싶은 산을 두 번씩이나 번거럽게 찾아갈 필요가 없이 현지에서 1박하면서두 개의산을모두다 보고오자는게컵센트였는데 당시의 느낌으로 이런여행은자주 해봐야겠다는 생각을하게된바이번 여행도동일선상으로 보면 되겠다.
산이 좋아서 산으로 떠나는 여행!!&amp;#8203; 오늘은 1박 2일 중 첫 번째의 날이다. &amp;#8203; &amp;#8203;
2014년도 마흔세 번째 산행이야기
소금산(강원도 원주시)&amp;#8203;
&amp;#8203;
&amp;#8203; 
&amp;#8203;  &amp;#8203;
소금산(작을小 비단錦 뫼山)
&amp;#8203;
&amp;#8203;
&amp;#8203; 강원도 원주시 지정면에 위치.......</description>
  <category>일반산행기</category>
  <tag>소금산,간현관광단지.</tag>
</item>