﻿<?xml version="1.0" encoding="utf-8"?>
<item>
  <title>가평 불기산(600.7m)</title>
  <link>http://blog.naver.com/man9855/220005705295</link>
  <description> 
&amp;lt;프롤로그&amp;gt;
지지난 주 일요일(5/11) 이었습니다.. 
박여사와 수리산을 동반산행하면서리더를 잘못하는 바람에지금까지 착실하게쌓아왔던 점수를 한방에 폭삭 잃어버렸는데 오늘은 실추된 점수를 만회하는봉사모드의 산행을 해야만했습니다.
그래서 산을 선택함에 있어 조금은 신중할 필요가 있기에 산행지가 어디면 좋겠냐?고조심스럽게 의사타진을 해 봤는데 "축서산"이라고 대답하네요. 축서산?? 축령산과 서리산을 말하는 건데.
"축령산은 두 번씩이나 갔다온 산인데&amp;#8203; 하필이면 그곳 입니까?".... 그랬드니만.
서리산의 철쭉꽃도 보고싶지만 봄나물을 본지가 하도 오래되어 이름까지도 잊어버렸다나어쩐다나... ㅜ 그럼 그.......</description>
  <category>일반산행기</category>
  <tag>불기산등산지도,불기산,가평산림조합,가평학생교육원,가평자원순환센터,빗고개</tag>
</item>