﻿<?xml version="1.0" encoding="utf-8"?>
<item>
  <title>충주호 악어섬(2014. 5.10)</title>
  <link>http://blog.naver.com/man9855/90195602476</link>
  <description>  
&amp;#8203;
악어섬(2014. 5.10)&amp;#65279;&amp;#65279;&amp;#65279;&amp;#65279;&amp;#65279;&amp;#65279;&amp;#65279;&amp;#65279;&amp;#65279;&amp;#65279;&amp;#65279;&amp;#65279;&amp;#65279;&amp;#65279;&amp;#65279;&amp;#65279;&amp;#65279;&amp;#65279;&amp;#65279;&amp;#65279;&amp;#65279;&amp;#65279;&amp;#65279;&amp;#65279;&amp;#65279; 
블러그 이웃님들과가은산등산을 마친 후 들려본 곳이다.
&amp;#8203;
&amp;#8203;
&amp;#8203;
&amp;#8203;
&amp;#8203;
&amp;#8203;
&amp;#8203;
&amp;#8203;
&amp;#8203;
&amp;#8203;
휴게소 겸 주차장
&amp;#8203;
이 음식점 주차장에다 주차를 하면 된다(주차비 무료).
식사는 해도 좋고 안해도 그만이고...&amp;#8203;
참고로 식사메뉴는 장어구이, 산채비빔밥, 도토리묵밥 등. 예전에는월악도토리묵밥집으로 되어 있.......</description>
  <category>국내여행 · 구경</category>
  <tag>충주호,악어섬.</tag>
</item>