﻿<?xml version="1.0" encoding="utf-8"?>
<item>
  <title>설악산 서북능선(오색~남교리) 무박종주</title>
  <link>http://blog.naver.com/man9855/220004121293</link>
  <description> 
&amp;lt;프롤로그&amp;gt;
2년 전인가? 항도 부산에서 친구를 따라 어떤모임에간 일이 있었는데,모인사람 여섯 명이하나같이 베테랑 산악인이었다, 그래서인지 화두는 물론이요만남내내산에 관한 얘기를 나누게 되었는데그네들은 100대명산과 백두대간은기본적으로 해치우고종주산행을 밥 먹듯이 하는 전문산꾼들로 기껏해야 100대명산만 마쳤던 사하라는잔뜩 주눅이 들어 애꿏게도 술만홀짝거렸다가상경한 일이 있었다.
당시에그들로 부터들었던 얘기 중에서 귀가 솔깃한내용이 하나 있었는데 그게 무엇인고 하니, 종주산행을 한다면 단일산으로서 3대종주는 기본적으로 마쳐줘야만 진정한 산꾼이라고 할 수 있다고 하더이다.
그 3대종주란게 바로.......</description>
  <category>종주산행기</category>
  <tag>설악산등산지도,설악산,오색,대청봉,끝청,한계령,귀때기청봉,대승령,십이선녀탕,남교리</tag>
</item>