﻿<?xml version="1.0" encoding="utf-8"?>
<item>
  <title>충북 제천의 비경!! 가은산(575m) </title>
  <link>http://blog.naver.com/man9855/90195700746</link>
  <description> 
&amp;lt;프롤로그&amp;gt;
우리 이웃님! 휴일은 잘 보내셨는지요? 
시작에 앞서 이런 질문을드려보고 싶네요. 단독산행과 동반산행의 차이점이라고 한다면무엇이라고 할 수있을까요?
각기다른장단점이 있을테지만저는 이렇게 생각을 합니다.
단독산행은산행페이스를 내 마음대로 조절할 수 있는 잇점이 있지만초도탐방지에서는 산의 특성을 몰라 수박 겉핣기식 산행이 될가능성이 농후하고. 
동반산행은산행정보를 적시에 주고받기 때문에 그러한 염려는희박한 반면산행스타일이 다른사람 끼리 만났을 때는하루종일 고역이 아닐까 싶네요. 그리고 단점하나가 더 있네요. 배낭을 풀고음식먹을 때.... 
정말이지 나는 어떡하나? 입니다요. &amp;#8203;.......</description>
  <category>일반산행기</category>
  <tag>옥순봉등산지도,옥순대교,가은산,새바위,벼락맞은바위,곰바위,둥지봉</tag>
</item>