﻿<?xml version="1.0" encoding="utf-8"?>
<item>
  <title>인왕산, 백악산 성곽따라 걷기 </title>
  <link>http://blog.naver.com/man9855/90195337115</link>
  <description>  
각자 하는 일들이 바빠서 그렇겠지만이게 얼마만인가? 지난 3월말경 진도의 동석산을무박산행한후근 한달여 만에박여사와 처형께서 산행에 합류를 하겠단다.
오랫만에 산행을 나서는 두 사람에게빡센산행은 뒷탈나기가 십상이란 생각에서오늘만큼은 등산감각도 살려줄 겸,가벼운 산행지를 물색하고 있는데... 박여사 왈!. 
"산행대장님! 인왕산으로 안내해 줘요" 
당근이지. 두 사람의 체력을 봐 가면서 인왕산만 오를 것인지? 아니면 백악산도연계해 볼건지 그것이 문제로다. &amp;#8203;·
&amp;#8203; 2014년도 &amp;#8203;&amp;#8203;서른다섯&amp;#8203;&amp;#8203;번째 산행이야기
인왕산 · 백악산(서울특별시)
&amp;#8203;
&amp;#8203;    인.......</description>
  <category>일반산행기</category>
  <tag>인왕산,백악산,창의문,숙정문,말바위탐방안내소,와룡공원,혜화문</tag>
</item>