﻿<?xml version="1.0" encoding="utf-8"?>
<item>
  <title>고래산, 문안산 연계산행(경기도 남양주시)</title>
  <link>http://blog.naver.com/man9855/220008025067</link>
  <description> 
2014년 마흔 한 번째 산행이야기
고래산, 문안산(경기도 남양주시)
&amp;#8203;
&amp;#8203;
&amp;#8203;
&amp;#8203;
&amp;#8203;
고래산(해발 529m)&amp;#8203; &amp;#8203;
&amp;#8203;
경기도 남양주시에 있는 고래산은 높이가 529m이다
어떤 산인가 싶어 여러 자료를 뒤젹여 봐도 특별하게 기록된게없다.하지만 분명한 것은바다에 살고있는 고래(鯨)하고는 아무런 관련이 없는 듯.
&amp;#8203;
문안산(文案山)은 높이가 536m이다.
한북정맥에 속하는 운악산(雲岳山:935m)과 천마산(天摩山:812m)의 산맥과 연결된 산으로&amp;#8203; 정상에 서면 서울의 동대문 까지 보인다 하여 문안산이라고 전해진다.
&amp;#8203;
&amp;#8203;
&amp;#8203;
&amp;#8203;
&amp;#8203;
&amp;#8203;
&amp;.......</description>
  <category>일반산행기</category>
  <tag>고래산문안산등산지도,덕소역,머치고개,고래산,문안산,재재기고개,화도하수처리장</tag>
</item>