﻿<?xml version="1.0" encoding="utf-8"?>
<item>
  <title>수리산 종주하다 이산가족(?) 될뻔한 사연...</title>
  <link>http://blog.naver.com/man9855/90195804460</link>
  <description> 
지난 주말에는 정신없이 바빴다.
먹고 살기위해서바빴다기 보다는산행하느라 바빴단다. 부연하자면 금요일에는 수락산, 토요일은 가은산, 일요일은 수리산. 이렇게연 3일동안 산행을 하게되었는데내 기억상으로도 지금까지 이런일이 없었지만,앞으로도 두번 다시 없을거만같다.
근데. 이런사실을누가 제보했는지, 시골계신울어머니가 혀를 차시며 한 말씀을 하신다. "아범!언제 부터산신령이 되었소?"ㅜ
&amp;#8203;
&amp;#8203;
&amp;#8203;
2014년 서른여덟 번째 산행이야기
수리산(경기도 안산시.안양시,군포시)
 ※힌국의 산하 인기명산 제 50위(봄 35위)
&amp;#8203;
&amp;#8203;
&amp;#8203;
&amp;#8203;
&amp;#8203;
수리산(닦을修 다스릴理 뫼山)
※ 사.......</description>
  <category>일반산행기</category>
  <tag>수리산등산지도,수리산.수암봉,슬기봉,태을봉,관모봉</tag>
</item>