﻿<?xml version="1.0" encoding="utf-8"?>
<item>
  <title>훌쩍 떠나자구나</title>
  <link>http://blog.naver.com/man9855/220001348684</link>
  <description> 
훌쩍 떠나자구나
&amp;#8203;
&amp;#8203;
&amp;#8203;
&amp;#8203;
얼마나 기다렸는데... 이제서야나를 부르는구나.
&amp;#8203;
국립공원의 봄철산불방지기간이 5.16일 부로 해제가 되었다.
출격준비는 완료된거 같은데, 뭐가 빠진게 같기도 하구.... &amp;#8203;
다녀와서 뵈어요!!
&amp;#8203;
&amp;#8203;
&amp;#8203;
&amp;#8203;
&amp;#8203;
&amp;#8203;
&amp;#8203;
&amp;#8203;
&amp;#8203;
</description>
  <category>소소한 일상 · 생각</category>
  <tag>산이부른다.산방기간해제.</tag>
</item>