﻿<?xml version="1.0" encoding="utf-8"?>
<item>
  <title>사회 곳곳에 이준석 선장... 세월호는 한국의 자화상(펌)</title>
  <link>http://blog.naver.com/man9855/90195413844</link>
  <description> 
&amp;#8203;
&amp;#8203;
&amp;#8203;
&amp;#8203;
지난 6일 인터넷과 일부 SNS에는 '세월호는 한국의 자화상입니다'라는 글이 화제가 됐다. 
'세월호는 한국 사회의 총체적 부조리와 문제점을 함축하고 있다'는 게 주 내용인 글로, 재미(在美) 언론인이자 인터넷신문 뉴데일리의 칼럼니스트인 조광동(69)씨가 썼다.조씨는 경희대 출신으로 1973년 한국일보에 입사해 1979~81년 시카고지사 편집국장을 맡았으나 5·18광주민주화운동 관련 보도 후 사직했다. 이후 한미TV 부사장, 시카고라디오코리아 사장 등을 지냈다(이상은 2014.5.7 조선일보 글인용).
&amp;#8203;
조광동씨의 글은 아래와 같다. 세월호 참사가 한국을 뒤 흔들고 있습니다. 
그 많은 어.......</description>
  <category>읽어두면 좋은 글</category>
  <tag>조광동,세월호,세월호는한국의자화상,누가누구에게돌을던지랴</tag>
</item>