﻿<?xml version="1.0" encoding="utf-8"?>
<item>
  <title>수락산(638m) 명물, 기차바위</title>
  <link>http://blog.naver.com/man9855/90195530994</link>
  <description> 
춘래불사춘(春來不似春)!!. 봄은 왔는데봄 같지가 않더라는 얘기다.
&amp;#65279;새싹이 돋고 꽃이 피는 봄계절이 조금만 더길었으면 좋으련만금년에는 유독 빨리지나가는거 같다. 봄이 오랫동안 지속되어야만 두눈이 호사를 누릴텐데 벌써 여름이 문턱임을 실감하게 된다.
이번 주에는그냥 넘어갈 뻔 했던 주중산행을 오늘서야 하게되었다.가벼운산행을 위해수락산을 찾았는데... &amp;#8203; 
2014년도 &amp;#8203;&amp;#8203;서른여섯&amp;#8203;&amp;#8203;번째 산행기
수락산(서울특별시 노원구, 경기도 의정부시. 남양주시)
&amp;#8203;-한국의 산하인기명산 100 
(인기순위 종합 제45위/ 봄철 제29위)
&amp;#8203; &amp;#8203;
수락산(물水 떨어질落뫼山) .......</description>
  <category>일반산행기</category>
  <tag>수락산등산지도,수락산,장암역,석림사,기차바위,정상,철모바위,종바위,하강바위,배낭바위</tag>
</item>