﻿<?xml version="1.0" encoding="utf-8"?>
<item>
  <title>밀린 일기(7.27~7.31) 유종지미가 필요한 때</title>
  <link>http://charen.kr/220101909224</link>
  <description>7월 27일 일요일오전엔 딸과 함께 UN 지정 최빈국에 보낸다는 생명의 비누를 함께 만들고오후엔 역시 딸과 함께 여유로운 독서 시간.이런 날은 집에서 차 마시며 책 읽는 게 최고의 피서인 듯.물론 나 같은 방콕홀릭에겐...04년 이무정산 보이차로 하루를 시작했다.오늘은 이무정산보이차와 백모단 그리고 동정오룡을 마셨다. 책 몇 줄 읽었다. 종일 딸과 아내 옆에 있었다. 밥 먹은 것 빼고는 이것이 내가 한 일의 전부다.7월 28일 월요일집에서 목책철관음을 5그램 덜어 출근했다. 출근 길에 회사 앞 편의점에서 2리터 들이 삼다수를 사왔다. 회사 정수기의 물 맛이 거칠어 차 우리기엔 영 좋지 않다. 종일 머그잔에 목책철관음을 우려 마셨다.......</description>
  <category>일상과단상(2014년)</category>
  <tag>일상·생각</tag>
</item>