﻿<?xml version="1.0" encoding="utf-8"?>
<item>
  <title>파워포인트 2013 편집화면 배경 색상 바꾸기</title>
  <link>http://powerpoint.pe.kr/220090768050</link>
  <description>&amp;#65279;&amp;#65279;&amp;#65279;블로그 안부 게시판을 통해 질문 주신 내용이 있어서 공유 차원에서 정리합니다.Q. 한가지 질문이 있습니다. 2013버젼의 경우 슬라이드와 슬라이드 밖의 색상이 화이트로 비슷해서 작업시 조금 헷갈리는 경우가 있는데 이걸 2010과 같이 슬라이드바깥쪽에 회색같이 좀 색상을 달리하여 슬라이드와 확연히 구분을 하고자 하는데 이럴때 변경 할 수 있는 방법이 있는지 궁금합니다..&amp;#8203;A.요약하면 파워포인트 2010에서는 슬라이드 편집화면 배경이 회색으로 되어 있어 슬라이드 영역과 구분이 쉬웠는데 2013 버전에서는 배경이 흰색으로 되어 있어 슬라이드 영역과 구분이 어렵다는 것입니다.▲ 슬라이드 편집화면을 보.......</description>
  <category>ㆍㆍㆍㆍㆍ  QnA</category>
  <tag>IT·컴퓨터.편집화면,슬라이드,파워포인트,2010,2013,PowerPoint,Office테마,연한회색,어두운회색,IT·컴퓨터</tag>
</item>