﻿<?xml version="1.0" encoding="utf-8"?>
<item>
  <title>대한민국 대표 검색포털 Zum Internet 기부강연 다녀왔습니다.</title>
  <link>http://powerpoint.pe.kr/220087546145</link>
  <description>조금 지난 소식이지만 기록차원에서 남겨봅니다.지난 8월 6일에 대한민국 대표 검색포털 서비스를 제공하고 있는 줌인터넷으로 기부강연을 다녀왔습니다.&amp;#8203;제게 늘 긍정의 에너지를 전해주는 소셜 모임은 iBrunch 모임에서 만난 김우승 소장님의 요청으로 다녀오게 되었는데. 김우승 소장님께서 늘 배풀어주시는 감사에 대한 의미로 저도 재능기부에 참여하게 되었습니다.김우승 소장님과 대화를 나누던 중 직원들이 가지고 있는 여러가지 어려움 중 문서작성, 그리고 잘못된 파워포인트의 사용에 대한 문제점에 대해서 제가 도움을 드릴 수 있다라는 생각에 주제를 '파워포인트는 죄가 없다'라고 정하고 진행했습니다.지난 7월에 뉴스에 나.......</description>
  <category>강의/세미나</category>
  <tag>IT·컴퓨터,일상·생각,기부강연,줌인터넷,파워포인트는죄가없다.PowerPoint,Presentation,Zum</tag>
</item>