﻿<?xml version="1.0" encoding="utf-8"?>
<item>
  <title>파워포인트 인쇄환경 설정하기</title>
  <link>http://powerpoint.pe.kr/220079391846</link>
  <description>&amp;#65279;무더위 잘 보내고 계세요? 비를 많이 동반한 태풍도 올라온다고 하는데 큰 피해없이 잘 지나가길 기도합니다.오랫만에 파워포인트 팁 하나 정리해서 올립니다.이 정보 소스는 facebook 의 Office 계정에서 올린 내용을 보고 좀 더 콘텐츠를 보강해서 올리는 것입니다.https://www.facebook.com/Officekorea/posts/706740449394160facebook 사용하고 계신다면 Office 계정 &amp;lt;좋아요&amp;gt; 많이 많이 눌러주세요.&amp;#8203;파워포인트의 &amp;lt;빠른 실행도구 모음&amp;gt;을 살펴보면 [빠른 인쇄]라는 메뉴가 있습니다.▲ 파워포인트 빠른실행도구 모음의 &amp;lt;빠른 인쇄&amp;gt; (좌로부터 2007, 2010, 2013)&amp;lt;빠른 인쇄&amp;gt; 기능은 인쇄 미리보기를 표.......</description>
  <category>ㆍㆍㆍㆍㆍ  Tips</category>
  <tag>IT·컴퓨터,파워포인트,빠른실행도구모음,빠른인쇄,인쇄환경설정,파워포인트옵션,PowerPoint</tag>
</item>