﻿<?xml version="1.0" encoding="utf-8"?>
<item>
  <title>한 주 내내 술을 마시다</title>
  <link>http://charen.kr/220072784641</link>
  <description>이번 주는 술 마시는 주간이었다. 내내 술을 마셨다. 월,화,수,목에 술 약속이 있었고, 몸이 감당하기 힘들 것 같아 어제(금요일)는 휴가를 내고 쉬었다.술 주간(週間)의 시작은 작은마음님이 끊었다. 기다리고 기다렸던 작은마음님과의 술자리가 월요일에 있었다. 나는 작은마음님을 보면 마치 나를 보는 듯한 착각이 들 때가 있다. 나를 닮은 듯하여 편안하고 마음이 깊어 존경의 마음이 절로 드는 분이다. 1차는 작은마음님이 예약하신 맛 좋은 일식집에서 내 좋아하는 산토리 맥주를 원없이 마셨다.2차 역시 작은마음님이 즐겨 찾는다는 전자신발에서 내 좋아하는 글렌피딕 석 잔을 내리 마셨다. 월요일이라 적당히 마시려 했으나 그게 안 되.......</description>
  <category>일상과단상(2014년)</category>
  <tag>취미,일상·생각</tag>
</item>