﻿<?xml version="1.0" encoding="utf-8"?>
<item>
  <title>배경이 보이는 글씨 만들기</title>
  <link>http://powerpoint.pe.kr/220093982113</link>
  <description>&amp;#65279;네이버 지식iN에 올라온 질문을 정리해보았습니다.이 글은 2007년도에 2003 버전을 이용해 설명한 적도 있는데 2013 버전 기준으로 다시 한 번 정리해봅니다.Q.&amp;#8203;사진처럼 아래 바탕에 깔린 배경이 보이도록 하는 투명한 글씨는 PPT에서 어떤 방법으로 쓰는 것인가요?A.&amp;#8203;질문의 사진처럼 보이도록 하는 방법은 여러 방법으로 구현이 가능합니다.꼭 이 방법으로 해야 한다는 정답을 찾기보다는 내게 잘 맞는 방법, 더 쉬운 방법으로 할 수 있으면 좋을 것입니다.&amp;#8203;1) 먼저 파워포인트 배경서식을 이용하여 슬라이드에 배경이미지를 삽입합니다2)&amp;#8203; 배경 이미지 위에 도형을 삽입하고 도형 채우기 색상 변경 및 도형.......</description>
  <category>ㆍㆍㆍㆍㆍ  QnA</category>
  <tag>IT·컴퓨터,배경채우기,배경글씨,파워포인트,글씨배경</tag>
</item>