﻿<?xml version="1.0" encoding="utf-8"?>
<item>
  <title>파워포인트 개체 정렬 순서 바꾸기 - 선택창 이용하기</title>
  <link>http://powerpoint.pe.kr/220092896004</link>
  <description>&amp;#65279;제 블로그가 네이버 지식iN은 아니지만, 유용한 질문과 답변은 정리해서 소개하고 공유하려고 합니다.이번에도 질문 주신 내용이 있는데, 유용한 기능이지만 많은 분들이 잘 모르고 계신듯 하여 정리해서 공유합니다.&amp;#8203;&amp;#65279;&amp;#65279;Q. 파워포인트 글틀 또는 사각도형을 이용한 표 사용시 마우스보다 키보드 사용이 원할한데..문제는 글틀 또는 사각도형 그릴때 순서대로 그리지 못했다면 (중간에 새로 그려 넣었을 경우)탭키로 도형 이동 시 그린 순서대로 이동하다 보니.. 왔다갔다... 하네요..혹시 객체 순서를 재정열(객체번호 수정)할 수 있지 않나요 ??탭순서에 맞춰 도형을 재정열하고 내용을 수정하기 넘 번거로워.. 매.......</description>
  <category>ㆍㆍㆍㆍㆍ  QnA</category>
  <tag>IT·컴퓨터,선택창,개체순서,개체정렬,도형,표,파워포인트,PowerPoint</tag>
</item>