﻿<?xml version="1.0" encoding="utf-8"?>
<item>
  <title>내가 즐겨찾기 (북마크)하고 공유하는 방법</title>
  <link>http://powerpoint.pe.kr/220088951901</link>
  <description>&amp;#65279;&amp;#65279;&amp;#65279;&amp;#65279;유용한 사이트를 만났을 때 주저없이 즐겨찾기 버튼을 클릭하여 해당 URL를 기록해둡니다.마치 보물을 얻은 듯 기쁜 마음이 크지만, URL 저장 후 다시 찾아보기란 쉽지 않습니다.여러 대의 PC를 사용하는 경우에는 북마크 후 공유하는 서비스가 절실합니다.오늘 유용한 북마크 서비스들에 대한 소개를 해보려고 합니다.1. 네이버 사용자라면 네이버 북마크 http://me.naver.com/tab/bookmark.nhn의외로 잘 모르는 분들이 많던데 네이버 북마트 서비스도 유용합니다.&amp;#8203;인터넷 Explorer에서 즐겨찾기를 가져올 수 있고 html로 즐겨찾기 정보를 내보내기도 가능합니다.&amp;#8203;2. 북마크 공유 사이트, 딜리셔스.......</description>
  <category>PowerPoint News</category>
  <tag>IT·컴퓨터,즐겨찾기,북마크,공유,bookmarks</tag>
</item>