﻿<?xml version="1.0" encoding="utf-8"?>
<item>
  <title>애플 맥북프로 충전 어덥터 접지하기</title>
  <link>http://powerpoint.pe.kr/220100513093</link>
  <description>&amp;#65279;&amp;#65279;&amp;#65279;3년 전 애플 리셀러 샵의 직원들 대상으로 부트캠프를 이용한 Windows OS와 맥용 Office 제품 판매 교육을 위해서 맥북프로를 구입했었습니다. 지금도 맥에서 페러럴즈나 부트캠프를 이용하여 윈도우와 맥을 번갈아 잘 사용하고 있습니다.맥북프로를 사용하면서 아니 꼭 맥북프로의 문제만은 아닙니다만 노트북 중 외관이 금속재질로 되어 있는 제품의 경우에는 충전기 접지 문제로 인하여 키보드 입력 시 접촉되는 손목 부분이 조금 찌릿찌릿할 때가 있습니다.원인은 전원부분에 접지할 수 있는 부분이 없어서 예민한 사람의 경우 정전기를 느끼기 때문이라고 합니다.http://cafe.naver.com/inmacbook.cafe?iframe_url=.......</description>
  <category>이러쿵 저러쿵</category>
  <tag>IT·컴퓨터,일상·생각,맥북,충전기,접지,맥북충전기접지</tag>
</item>