﻿<?xml version="1.0" encoding="utf-8"?>
<item>
  <title>관악산(632m) 학바위능선~자운암능선</title>
  <link>http://blog.naver.com/man9855/90195234333</link>
  <description>  경기도청이 선정한 경기도 27명산을 마치고 보니 잠시 뒤돌아 볼 여유로움이 생겼습니다.&amp;#8203;&amp;#8203; 
배가 항구에 무사히 도착한 만큼 또다른 목적지를 떠나기 위해서는 정비는 필수일 듯!!, 오늘은 울동네 관악산에올라 향후 산행계획 등을 구상하고여러 잡다한 생각들을 정리하고 돌아올 참입니다.
그래서 오늘은 다른 날과는 달리 정해진 코스가 달리 없기에 이렇게 정의해 봅니다. '발길 닿는대로의 산행' ㅎ &amp;#8203;
&amp;#8203;
&amp;#8203;
2014년도 &amp;#8203;&amp;#8203;서른네&amp;#8203;&amp;#8203;번째 산행이야기
관악산(서울특별시 관악구)
&amp;#8203;
- 산림청 선정,한국의 100대명산
-한국의 산하,인기명산 100 
(인기순위 제9위/ 봄.......</description>
  <category>일반산행기</category>
  <tag>관악산등산지도,관악산,학바위능선,자운암능선,서울대입구</tag>
</item>