﻿<?xml version="1.0" encoding="utf-8"?>
<item>
  <title>파워포인트 차트 그룹해제하여 활용하기</title>
  <link>http://powerpoint.pe.kr/220099599928</link>
  <description>&amp;lt;meta name="keywords" content="파워포인트, 엑셀, 차트, 그룹해제, 도형, PowerPoint, Excel, Chart, ppt, pptx, xls, xlsx, 컬러" /&amp;gt;
&amp;#65279;&amp;#65279;&amp;#65279;&amp;#65279;이 글 제목을 어떻게 표현할까 고민했습니다.파워포인트를 2007 이전 부터 사용한 분들이라면 이 제목 만으로도 어떤 의미인 줄 아실겁니다.파워포인트 2003 버전까지는 파워포인트에 차트를 삽입한 후 그림(Windows 메타파일)으로 저장한 후 그룹해제하여 도형으로 변형한 후에 애니메이션이나 여러가지 효과를 주면서 사용했습니다.▲파워포인트 2010 차트 삽입 (왼쪽)과 파워포인트 Graph 차트 개체삽입 (오른쪽)2007 버전부터는 차트 옵션이 엑셀차트를 사용하게.......</description>
  <category>ㆍㆍㆍㆍㆍ  Tips</category>
  <tag>IT·컴퓨터,엑셀,차트,개체삽입,그림으로변환,wmf,windows메타파일,그룹해제,차트도형변환,파워포인트</tag>
</item>