﻿<?xml version="1.0" encoding="utf-8"?>
<item>
  <title>MS PinSkin Lecture 행사에서 '친절한 혜강씨'를 만나다</title>
  <link>http://powerpoint.pe.kr/220105688510</link>
  <description>&amp;#65279;&amp;#65279;&amp;#65279;모처럼 마이크로소프트 사무실을 찾았습니다.마이크로소프트 오피스 팀에서 진행하는 PinSkin이란 이름의 무료 세미나가 열렸는데 유명한 '친절한 혜강씨'가 인포그래픽에 대한 강연이 열렸습니다.많은 분들이 참석해서 강연 현장의 열기는 뜨거웠으며 많은 사람들 앞에서 떨지않고 여유와 열정을 보이며 진행하는 혜강씨의 강연도 좋았습니다.그리고 혜강씨와는 오늘 처음 만난 것이 아니라는 사실에 참 놀랐습니다. 그리고 긍정의 에너지라는 것이 이렇게 힘을 발휘한다는 것도 느끼게 되는 시간이었습니다.PinSkin 강연에서 만난 또 다른 분도 있습니다.처음 뵙지만 여기 블로그를 자주 구독하신다는&amp;#8203; 선생님.........</description>
  <category>이러쿵 저러쿵</category>
  <tag>IT·컴퓨터,마이크로소프트,pinskin,Office,PowerPoint,인포그래픽,친절한혜강씨,블로그</tag>
</item>