﻿<?xml version="1.0" encoding="utf-8"?>
<item>
  <title>마이크로소프트 MVP Award Kit 도착했네요</title>
  <link>http://powerpoint.pe.kr/220055266180</link>
  <description>&amp;#65279;Microsoft MVP (Most Valuable Professional) award Kit이 도착했습니다.2007년에 처음 받은 후 벌써 8번째 받는 Award Kit 입니다.위 사진을 보면 갈수록 Award Kit이 얇아지는 것을 알 수 있습니다. 그 이유는 아래에 보시면 됩니다.2009년 이전에는 Award Kit에는 기념품이 포함되어 있었으며 2009년부터 트로피 형태로 제공이 되었습니다. MVP를 하시는 분들이 거의 연속성을 가지고 가기 때문에 트로피 갯수를 부담스럽게 느낄 수 있을까봐 2010년 부터는 트로피에 링 형태로 제공되어 트로피에 차곡차곡 쌓아가는 방식으로 변경이 되었습니다.가운데 5년 연속을 기념하는 ring이 별도로 제공됩니다. MVP 역사로 보면 20년 ring을 받.......</description>
  <category>Microsoft MVP</category>
  <tag>IT·컴퓨터,마이크로소프트,MVP,MostValiablePreofessinal,Award</tag>
</item>