﻿<?xml version="1.0" encoding="utf-8"?>
<item>
  <title>파워포인트 슬라이드쇼에서 특정구간 반복하는 방법</title>
  <link>http://powerpoint.pe.kr/220071679232</link>
  <description>&amp;#65279;&amp;#65279;&amp;#65279;네이버 지식iN에 흥미로운 질문이 올라와서 공유하고 답변을 달아봅니다.Q. ppt 슬라이드쇼 작업 중인데식순(마우스 클릭하면 넘어가는 1번 페이지)축사 하는 분 경력 표시 슬라이드 3장(자동으로 2-3-4-2-3-4-... 반복 되는 페이지)요걸 한 슬라이드쇼에 넣고 싶은데요,지금은 1번 표시되고 마우스 클릭하면 2-3-4 자동 넘어가고 다시 1번으로 돌아오네요2-3-4-... 반복을 마우스 클릭할때까지 계속되게 하는 법 좀 알려주세요지식iN 링크 : http://kin.naver.com/qna/detail.nhn?d1id=1&amp;amp;dirId=102020103&amp;amp;docId=202886869A. &amp;#8203;위 질문에서 처럼 슬라이드 쇼 상태에서 슬라이드의 특정구간이 &amp;#8203;자동으.......</description>
  <category>ㆍㆍㆍㆍㆍ  QnA</category>
  <tag>IT·컴퓨터,슬라이드쇼,슬라이드쇼재구성,화면전환,파워포인트,지식iN,질문답변</tag>
</item>