﻿<?xml version="1.0" encoding="utf-8"?>
<item>
  <title>Microsoft MVP Season 8 시작되었습니다.</title>
  <link>http://powerpoint.pe.kr/220047517668</link>
  <description>우리는 &amp;#65279;매 해마다 두 번의 시작을 맞이합니다.1월 1일이 첫 번째요.. 그 해의 하반기를 시작하는 7월 1일이 두 번째입니다.7월 1일이 되면 제게는 또 다른 의미의 시작이 되는 해이기도 합니다.바로 Microsoft MVP (Most ValuableProfessional) 의 새로운 시즌 시작 날이기 때문입니다.Microsoft MVP (Most ValuableProfessional) 는 Microsoft의 여러 제품 분야의 가치있는 기술 전문가에게 주는 자격이자 award 그리고 Microsoft의 인증입니다.&amp;#65279;2007년 7월에 처음 Microsoft MVP가 된 이후에 벌써 8년째 그 활동을 이어가고 있는데, MVP 자격은 영구자격이 아니라 매년 갱신을 해가야하는 어려움이 있지만 갱신 서류 작업을 하.......</description>
  <category>Microsoft MVP</category>
  <tag>IT·컴퓨터,마이크로소프트,파워포인트,기술전문가,Microsoft,MVP,MostValuableProfessional,Season8</tag>
</item>