﻿<?xml version="1.0" encoding="utf-8"?>
<item>
  <title>지난 주 부산 다녀왔습니다.</title>
  <link>http://powerpoint.pe.kr/220051802733</link>
  <description>&amp;#65279;&amp;#65279;&amp;#65279;지난 금요일 부산에 강의차 다녀오면서 며칠 더 묵고 왔습니다.전국구로 강의를 다니다보면 몸도 피곤해서 때로는 힘이 드는 경우도 있지만, 가능하면 즐거운 마음으로 다니려고 합니다.일부러 여러곳을 여행도 다니고 그 지방의 맛집을 탐방하는 경우도 있는데.. 일 때문에 못가본 곳과 과거 추억의 장소에 갈 수 있다는 것은 얼마나 행복한 일인지 모르겠습니다.&amp;#8203;보통은 강의 후 다른 일정차 서둘러 서울로 복귀해야하지만, 이번에는 조금 여유를 가지고 부모님 댁에도 며칠 더 머무르고 오랜 시간동안 못만났던 지인들도 만나러 다녔습니다. &amp;#8203;&amp;#8203;&amp;#8203;그리고 이번에는시간을 내서 그동안 못다녀본.......</description>
  <category>행사/여행</category>
  <tag>IT·컴퓨터,국내여행,부산,국제시장,용두산공원</tag>
</item>