﻿<?xml version="1.0" encoding="utf-8"?>
<item>
  <title>페이스북 (facebook)을 한다면 [좋아요] 하고 구독해야할 페이지</title>
  <link>http://powerpoint.pe.kr/220060975593</link>
  <description>&amp;#65279;&amp;#65279;사람들마다 SNS 사용목적이 다르겠지만, 저의 경우에는 정보의 취득과 정리를 우선 목적으로 하고 사용합니다. 비슷한 생각과 일을 가진 분들과 정보를 함께 습득하고 나누는 일은 참 즐거운 일입니다.그러는 와중에 블로그를 통해 유용한 글을 몇차례 소개한 적이 있습니다.오늘은 페이스북에서의 유용한 게시글보다는 유용한 페이지에 대한 소개를 해 볼까 합니다.이 페이지를 [좋아요]하고 구독하다보면 어느새 유용한 정보로 페이스북이 가득차 있을 것입니다.1. 하루 15분 글쓰기, 글잼 https://www.facebook.com/groups/write15min제목처럼 글쓰기 관련 페이스북 그룹입니다.&amp;#8203;전문가, 비전문가 할 것없이 글쓰기에 관.......</description>
  <category>My Facebook</category>
  <tag>IT·컴퓨터,페이스북,페이지,그룹,유용한정보,Site,facebook.sns</tag>
</item>