﻿<?xml version="1.0" encoding="utf-8"?>
<item>
  <title>페이스북에서 찾은 관심있는 정보 몇 가지</title>
  <link>http://powerpoint.pe.kr/220073726480</link>
  <description> 
&amp;#65279;&amp;#65279;&amp;#65279;페이스북에 공유된 글 중에서 관심있는 내용 몇 가지를 소개합니다. 1. 당신의 삶을 영원히 바꿀 40가지 최고의 여행팁
http://emmasnotes.com/40-genius-travel-tips-kr/166 여행 준비, 여행 중 등에 알아두면 도움이 될만한 꿀 팁을 설명하고 있습니다. 몇 가지 모르는 정보를 얻었네요. 올 하반기에 계획된 여행 시에 사용해봐야겠어요. 2. 에버노트와 함께 사용하면 좋은 앱 소개
http://www.educatorstechnology.com/2014/07/11-great-apps-to-enhance-your-evernote.html 
에버&amp;#8203;노트 성능을 높여주는 11가지 앱 소개입니다. (영어) 알고 있는 앱보다 모르고 있는 앱이 더 많으네요. 차근.......</description>
  <category>My Facebook</category>
  <tag>IT·컴퓨터,페이스북,유용한정보,북마크,카피,소스,여행</tag>
</item>