﻿<?xml version="1.0" encoding="utf-8"?>
<item>
  <title>나는 을(乙)이다...</title>
  <link>http://powerpoint.pe.kr/220054963176</link>
  <description>&amp;#65279;연초부터 미팅하고 계획했던 새로운 책 계약을 오늘 했습니다.제 이름으로 나오는 책으로는 5번째 책입니다.직장인들께 도움이 되는 컨셉으로 기존의 엑셀 &amp;amp; 파워포인트 합본 책과는 다르게 여러분들을 찾아갑니다.싸인 하기 전까지는 저자가 갑(甲)일지 모르겠지만, 계약서에 싸인 하는 순간 을(乙)로 변하게 됩니다.열심히 준비해서 가을에는 이 책을 만날 수 있도록 해드리겠습니다.엑셀과 파워포인트를 함께 사용하면서 가장 어려웠던 점이 있다면 댓글로 남겨주시면 최대한 반영해보도록 하겠습니다.감사합니다.</description>
  <category>이러쿵 저러쿵</category>
  <tag>IT·컴퓨터,문학·책,저서,파워포인트,엑셀,PowerPoint,Excel</tag>
</item>