﻿<?xml version="1.0" encoding="utf-8"?>
<item>
  <title>2014년 하반기를 준비하며...</title>
  <link>http://powerpoint.pe.kr/220044722606</link>
  <description>&amp;#65279;&amp;#65279;&amp;#65279;&amp;#65279;&amp;#8203;매년 이 무렵 비슷한 이야기를 하는 것 같지만, 2014년 한 해도 절반의 시간이 지나고 있습니다.시간이 흐르는 속도가 20대 20km, 30대 30km ... 연령대 만큼의 빠르기를 정말 실감하고 있습니다.&amp;#8203;&amp;#8203;올 해는 예년 6월과 다르게 블로그 포스팅이 유난히 적었습니다. 2014년의 다른 달과 비교해도 한 자리 수의 블로그 포스팅에 머물렀는데.. 지난 일들을 점검하고 하반기를 준비하는 시간을 좀 가져보았습니다.&amp;#8203;현재 내가 하고 있는 일이 과연 옳은 방향으로 가고 있는가?&amp;#8203;매너리즘에 빠져서 대충 대충 삶을 살아가고 있지는 않는가?하반기와 내년에는 어떤 경쟁력을 가지고 갈 것.......</description>
  <category>이러쿵 저러쿵</category>
  <tag>IT·컴퓨터,일상·생각,2014년,상반기반성,하반기결심,다짐</tag>
</item>