﻿<?xml version="1.0" encoding="utf-8"?>
<item>
  <title>파워포인트 추가기능(Add-in) 메뉴가 지워지지 않는다면...</title>
  <link>http://powerpoint.pe.kr/220059288889</link>
  <description>&amp;#65279;조금은 허무한 팁이지만, 저는 이 문제를 알아낸다고 고생을 많이 했네요.. 정말 컴퓨터를 포맷하기 직전까지 갔습니다.설치한 파워포인트 추가기능을 더 이상 사용하지 않아서 삭제하게 되었습니다.대부분이 삭제후에 큰 문제가 없었지만, 간혹 프로그램 특성 상 파워포인트의 [추가기능] 탭에 삭제한 프로그램의 도구들이 여전히 나타나는 경우가 있습니다.제대로 삭제하기 위해서 혹시 레지스트리(Registry)에 그 정보가 남아 있는지 여러차례 확인도하고 컴푸터의 숨김 파일 중에서도 그 정보 값이 남아있는지 확인을 해보았지만 헛수고였습니다.간혹 파워포인트 강의를 하기에 이런 현상이 남아 있는 것이 찜찜해서 포맷하기 직전, .......</description>
  <category>ㆍㆍㆍㆍㆍ  Tips</category>
  <tag>IT·컴퓨터,추가기능제거,pptools.com,PowerPointMVP,Add-in,SteveRindsberg</tag>
</item>