﻿<?xml version="1.0" encoding="utf-8"?>
<item>
  <title>뼛속까지 경쟁</title>
  <link>http://charen.kr/220066221870</link>
  <description>오전 10시가 되길 기다렸다가 서둘러 이발소에 다녀왔다. 오늘 나는 개시 손님이었다. 이 집은 문을 연 이래 한 번도 주인이 바뀌지 않았고 이제는 오래되어 아무 말 하지 않고 앉아 있어도 알아서 다듬어 준다.그런데 오늘 주인장 심신이 피로하신지 가위 솜씨가 전과 달랐다. 훈련병 입소할 때도 이보다는 길었던 것 같은데, 아, 망했다. 월요일에 강연도 있는데...한여름이다. 집안 온도가 30도 가까이, 게다가 습도도 60%를 넘었다. 간간이 에어컨을 틀었다. 팥빙수도 만들어 먹었다. 보기는 이래도 집에서 만들어 먹는 팥빙수가 제일 맛있다.나에게 부처는 닮고 싶은 존경의 인물이지 믿음의 대상이 아니다. 그래서 내게 종교는 없으나 스승.......</description>
  <category>일상과단상(2014년)</category>
  <tag>취미,일상·생각</tag>
</item>