﻿<?xml version="1.0" encoding="utf-8"?>
<item>
  <title>이제 설치없이 장소 구분없이 Office 최신 버전을 사용해봅시다. - Azure RemoteApp Beta</title>
  <link>http://powerpoint.pe.kr/220065942428</link>
  <description>&amp;#65279;&amp;#65279;&amp;#65279;&amp;#65279;클라우드 서비스들이 서로 경쟁적으로 새로운 서비스들을 출시하고 있습니다. 클라우드 서비스의 가장 큰 매력은 설치없이 서비스들을 이용하는 것일 겁니다. 마이크로소프트의 경우에도 유사한 서비스가 많이 있었지만, &amp;#8203;개인적으로는 Azure RemoteApp Beta 가 가장 클라우드 같은 서비스라 같아 보입니다.즉, Microsoft office를 설치 없이, 그리고 장소의 구분없이 인터넷 연결만 되어 있다면 사용할 수 있도록 Azure RemoteApp Beta 가 그 서비스를 지원해줍니다.사이트 바로가기 : https://www.remoteapp.windowsazure.com/위 사이트에 접속하여 오른쪽 상단의Install Client를 를 선택합니다.&amp;lt;Do.......</description>
  <category>PowerPoint News</category>
  <tag>IT·컴퓨터,아크몬드,AzureRemoteAppBeta,RemoteApp,원격,애저,PowerPoint2013</tag>
</item>