﻿<?xml version="1.0" encoding="utf-8"?>
<item>
  <title>파워포인트 2007에 유투브 온라인 삽입하기</title>
  <link>http://powerpoint.pe.kr/220023147938</link>
  <description>&amp;#8203;파워포인트 2010 버전부터는 유투브 등 온라인 비디오를 손쉽게 파워포인트로 삽입할 수 있습니다.파워포인트 2010/2013 온라인 비디오 삽입 재동작유투브, 비메오 동영상을 파워포인트에 삽입하기 - Web Video Player그러나 파워포인트 2007 에서는 위 링크의 기능들을 이용할 수 없습니다.그와 관련된 질문이 올라와서 정리해보았습니다. 이 기능은 파워포인트 2007 버전 뿐만 아니라 2010 / 2013 버전에서도 동일하게 적용이 됩니다.단, 작업한 PC와 발표할 PC가 달라지면 &amp;lt;기타 컨트롤&amp;gt; 도구를이용한 이 방법을 다시 설정해야 합니다.질문 : http://youtu.be/zkMDD9WIwlY유튜브 삽입하려 하는데요~소스코드에 나와있는 주소중에.......</description>
  <category>ㆍㆍㆍㆍㆍ  QnA</category>
  <tag>IT·컴퓨터,유투브영상,동영상,유투브,youtube,파워포인트2007,파워포인트에유투브삽입,기타컨트롤</tag>
</item>