﻿<?xml version="1.0" encoding="utf-8"?>
<item>
  <title>파워포인트 2007 비디오 만들기 - Microsoft Community Clips</title>
  <link>http://powerpoint.pe.kr/220011609617</link>
  <description>&amp;#8203;파워포인트 2010 버전부터는 만들어진 파일을 동영상으로 변환하는 기능이 탑재되어 있습니다.만들어진 비디어 파일을 마이크로소프트 윈도우즈 무비메이커로 조금 편집해서 사용하면 손쉽게 훌륭한 멀티미디어 자료로 사용할 수 있습니다.그러나 파워포인트 2007 사용자들에게는 그림의 떡과 같은 기능입니다.사실 파워포인트 2007 버전과 2010 버전에는 많은 기능의 차이가 있는데 사용자들이 크게 인식하지 못하는 것 같아 아쉽습니다.대표적으로 이미지 배경을 제거하는 기능과 동영상을 트리밍하는 기능을 비롯해, 오늘 이야기하고 있는 비디오 만들기 기능이 그러합니다. 그 외에도 동영상 등을 파워포인트에 삽입 시에 파워포인트.......</description>
  <category>ㆍㆍㆍㆍㆍ 2007</category>
  <tag>IT·컴퓨터,동영상녹화,파워포인트녹화,Recording,PowerPoint,CommunityClip</tag>
</item>