﻿<?xml version="1.0" encoding="utf-8"?>
<item>
  <title>페이스북 검색을 도와주는 크롬 애드인 QSearch 소개 - How to search your old posts on facebook?</title>
  <link>http://powerpoint.pe.kr/220010121230</link>
  <description>&amp;#8203;이 정보는 공유하지 않을 수 없어서 블로그에 다시 기록으로 남겨둡니다.특히 저처럼 페이스북을 빈번하게 사용하는 분들께는 정말 유용한 정보입니다.이 정보는https://medium.com/medium-users-group-korea/badbd9bc08f0 에서 제공해주셨음을 미리 밝혀둡니다.또한 김유정 MVP님께서 이러한 소중한 정보를 페이스북을 통해서 공유해주셨기 때문에 알게되어, 정말 감사 인사를 드립니다.바로가기 :https://www.facebook.com/KoreaJohnKim/posts/841815439179210원본글 사이트https://medium.com/medium-users-group-korea/badbd9bc08f0에서 크롬 확장 기능사이트로 가서 크롬 확장 기능을 설치합니다.크롬 브라우저 오른쪽 상단의 아이콘.......</description>
  <category>My Facebook</category>
  <tag>IT·컴퓨터,페이스북검색,페이스북,크롬애드인,QSearch,Howtosearchyouroldpostsonfacebook</tag>
</item>