﻿<?xml version="1.0" encoding="utf-8"?>
<item>
  <title>파워포인트 작업 시 번거로움을 피하게 해주는 옵션 팁</title>
  <link>http://powerpoint.pe.kr/220015397225</link>
  <description>&amp;#8203;파워포인트 작업을 하다보면 원치않는 기능때문에 짜증이 날 때가 있습니다.예를 들면, 텍스트 상자에 글을 입력할 때에 글자 수가 많아지면 자동적으로 글자의 크기가 자동조정이 되어 글자 크기가 작아지는 문제 등입니다. 이 경우 텍스트 개체 서식 기능에서 &amp;lt;자동 맞춤 안함&amp;gt;을 설정하면 되지만 파워포인트 옵션에서 쉽게 조정하는 것만으로도 이런 문제를 쉽게 방지할 수 있습니다.이번 포스팅은 파워포인트 작업 시 번거로움을 피하게 해주는 옵션 기능 몇 가지 소개합니다.1. 글자크기 자동조정 기능▲ 그림처럼 텍스트 개체에 글자 수가 많으면 글자크기가 자동으로 바뀜[옵션], [언어 교정], [자동 고침 옵션]으로 차례로.......</description>
  <category>ㆍㆍㆍㆍㆍ  Tips</category>
  <tag>IT·컴퓨터,파워포인트,옵션,유용한옵션,한영자동고침,PowerPoint</tag>
</item>