﻿<?xml version="1.0" encoding="utf-8"?>
<item>
  <title>PowerPoint for iPad 발표자료</title>
  <link>http://powerpoint.pe.kr/220010096411</link>
  <description>&amp;#8203;지난 목요일 (22일) 저녁에 한국 마이크로소프트에서 진행되었던 Pinskin Lecture 강연 중 PowerPoint for iPad 발표 자료를 공유합니다.바로가기 :http://www.slideshare.net/slideshow/embed_code/35090729iPad용 오피스제품 종류는 정말 많이 있습니다. 대표적인 KeyNote를 비롯하여, 폴라리스오피스, Document to go 등등..iPad용 파워포인트가 출시되기 전에는 다른 프로그램을 사용할 수 밖에 없었고 어떤 app을 사용하면 좋을 지 고민이되었지만, 이제는 더 이상 고민할 필요가 없습니다.다른 app 들의 장점도 많습니다. 목적과 필요성에 따라 해당 app을 선택해서 사용하면 좋습니다만 파워포인트 자료라면 당연히 PowerPoint for.......</description>
  <category>Office Mobile</category>
  <tag>IT·컴퓨터,파워포인트,아이패드,애플,마이크로소프트,PowerPointforiPad,PowerPoint,iPad,Apple</tag>
</item>