﻿<?xml version="1.0" encoding="utf-8"?>
<item>
  <title>내가 사용하고 추천하는 크롬 확장기능 3가지 : BEST Chrome Add-in TOP3</title>
  <link>http://powerpoint.pe.kr/220012715747</link>
  <description>&amp;#8203;크롬 브라우저가 만능은 아니지만, 잘 활용을 한다면 생산성을 높여주는데 도움이 됩니다.많은 크롬 확장기능 중에서 제가 즐겨 사용하고 추천하고픈 기능 3가지 소개합니다.1. One Tab바로가기 :http://goo.gl/x18nJOne Tab 기능은 열어놓은 크롬 페이지를 하나로 모아주고, 공유할 수 있습니다.크롬 브라우저 속도가 빠르지만 메모리를 많이 차지하는 등, 시스템의 자원을 많이 사용하기 때문에 사양이 높지 않은 PC나 노트북에서는 크롬 브라우저 창을 많이 열어놓고 작업하기에 적당하지 않은 경우가 많이 있습니다.그때 One Tab 기능을 사용하면 창을 일일이 닫지 않아도 되고, 필요할 때 마다 One Tab에서 해당 url 을 클릭하면 다.......</description>
  <category>기타자료와 링크</category>
  <tag>IT·컴퓨터,크롬,크롬확장기능,크롬추가기능,ChromeAdd-in,브라우저,웹,web</tag>
</item>