﻿<?xml version="1.0" encoding="utf-8"?>
<item>
  <title>프레지 카피 제품인가? 프레지와 닮아있는 발표도구 - focusky</title>
  <link>http://powerpoint.pe.kr/220013819079</link>
  <description>오늘 Give away of the day 사이트에 올라온 발표도구가 있어서 소개합니다.Focusky Zooming Presentation Maker 1.2.3라는 제목으로 올라있는 프로그램인데 $99 제품이 한시적 무료라고 오늘 소개되어 있었습니다.우선 해당 제품의 사이트 부터 가보았습니다.바로가기 : http://focusky.com/zooming-presentation-features.html제품 소개 동영상을 보고 깜짝 놀란 것이 최근에 사람들 사이에 많이 사용되고 있으며, 제가 저술한 &amp;lt;스토리텔링 프레젠테이션 프레지&amp;gt;와 너무도 닮아있는 프로그램이었습니다.일단 설치해서 가볍게 동작해보았습니다.프레지와 달리 Focusky는 PC용 설치 프로그램입니다.처음 설치하고 동작하는데 괜찮은 사양의.......</description>
  <category>3rd Part Utilities</category>
  <tag>IT·컴퓨터,프레지,Prezi,focusky,zoomingpresentation,zoom,presentation</tag>
</item>