﻿<?xml version="1.0" encoding="utf-8"?>
<item>
  <title>무료 폰트 외 페이스북에서 찾은 유용한 정보 공유</title>
  <link>http://powerpoint.pe.kr/220023105092</link>
  <description>&amp;#8203;지난 한 주간 페이스북을 쉬었습니다. 페이스북을 전혀 하지 않았던 것은 아니고 여러가지 중요한 일이 있어서 간단히 모니터링만하고, 포스팅 등은 최대한 자제하면서 생활을 했습니다. 제 경우에는 온라인 활동의 대부분을 페이스북이나 블로그에 시간을 투자하고 있어서 때때로 조금 거리를 두고 업데이트 하는시간을 가져볼까 합니다.오늘은 간만에 올리는 블로그 포스팅의 주제를 페이스북 유용한 정보로 잡아보았습니다.페이스북에서 가져온 정보이기 때문에 페이스북 출처 글을 링크하였습니다.1. 무료 영문폰트 정보 The 100 Greatest Free Fonts for 2014바로가기 : https://www.facebook.com/authorstream/posts/10152450846664.......</description>
  <category>My Facebook</category>
  <tag>IT·컴퓨터,페이스북,유용한정보,무료폰트,그래프,엑셀</tag>
</item>