﻿<?xml version="1.0" encoding="utf-8"?>
<item>
  <title>한때 고마웠으나 이젠 거추장스럽다</title>
  <link>http://charen.kr/220065495564</link>
  <description>딸은 배드민턴 치러 학교에 가고 아내는 소파에서 졸고 있는 평화로운 휴일 아침. 오늘은 2001년산 하관포병으로 하루를 시작했다. 하관차를 즐기는 편은 아니나 종종 당길 때가 있다. 하관 특유의 향이 매력적이다. 나이도 제법 있다 보니 많이 부드러워졌다. 고유의 향을 잃지 않되 세월이 갈수록 맑고 부드러워지는 매력, 닮고 싶다.하관포병(일명 8653, 2001年産, 말레이시아 보관)내가 꿈꾸던 모습이 현실이 되었다.휴일, 커다란 탁자에 마주 앉아 서로 할 일을 하면서 차 한잔 나누는 풍경. 오전 내내 배드민턴을 치고 온 딸은 오후 내내 공부를, 나는 그저 차나 한잔...다들 평범하게 살고 싶단다. 그러나 평범하게 살기가 점점 힘든 세상.......</description>
  <category>일상과단상(2014년)</category>
  <tag>취미,일상·생각</tag>
</item>