﻿<?xml version="1.0" encoding="utf-8"?>
<item>
  <title>텍스트 입력 시 꼭 알아두어야 할 파워포인트 단축키 - PowerPoint Short-cut Key for Text edit</title>
  <link>http://powerpoint.pe.kr/220016258155</link>
  <description>&amp;#8203;파워포인트 작업 시, 이미지, 차트, 표 등을 많이 사용하지만 그래도 가장 많이 입력해야 하는 것이 텍스트 입니다.텍스트 입력 시에 알아두면 뼈와 살이 되는 단축키 몇 가지를 공개합니다.1. 글자 크게 / 작게텍스트 크기를 조절할 때, 일일이 [홈] 메뉴 또는 &amp;lt;미니도구&amp;gt;에서 조절했다면 단축키를 사용해 보세요.Ctrl + Shift + &amp;gt; 글자 크게 Ctrl + Shift + &amp;lt; 글자 작게위 키보다 더 편한 것..Ctrl + ] 글자 크게Ctrl + [ 글자 작게2. 글자 굵게텍스트의 중요한 부분을 표시하기 위해서 글자를 굵게 표시 (볼드체, Bold)하기 위한다면Ctrl + B (Bold의 B)3. 폰트 변경조금 번거로울 수도 있지만 익숙해지면 편리한Ctrl + F,.......</description>
  <category>ㆍㆍㆍㆍㆍ  Tips</category>
  <tag>IT·컴퓨터,단축키,파워포인트,텍스트,글자입력,글자크기,텍스트단축키,short-cut,PowerPoint</tag>
</item>