﻿<?xml version="1.0" encoding="utf-8"?>
<item>
  <title>페이스북에서 찾은 보물 : 나만 알고 싶은 무료 고퀄 이미지 사이트 35개</title>
  <link>http://powerpoint.pe.kr/220025915890</link>
  <description>&amp;#8203;제목처럼 공개하고 싶지 않은나만 알고 싶은 무료 고퀄 이미지 사이트 35개를 소개합니다.이 유용한 정보는 소셜네트워크 좀 하시는 분들은 다 알고 계시는 트랜드와칭 소셜미디어전략연구소에서 정리해주신 정보입니다.트랜드와칭클럽 페이스북 페이지 :https://www.facebook.com/groups/trendw/소셜미디어 전략연구소 배운철 대표님 페이스북 :https://www.facebook.com/think1more?fref=nf글쓰기에 대해서 지식나누는 글잼 페이지 :https://www.facebook.com/groups/write15min나도 페이스북 좀 한다 하시는 분들은 알고 계실 위 3곳의 페이지입니다. 아직도 모르시는 분들은 &amp;lt;좋아요&amp;gt; 눌러서 위 사이트에서 정보를 구독하십시오.......</description>
  <category>My Facebook</category>
  <tag>IT·컴퓨터,페이스북,무료이미지,고퀄리티,이미지사이트,팬페이지,트랜드와칭,PTIA</tag>
</item>