﻿<?xml version="1.0" encoding="utf-8"?>
<item>
  <title>모든 장치를 무선 미러링으로 연결하기 : 모두시스 Twingle Air+ MDS-3200</title>
  <link>http://powerpoint.pe.kr/60214558110</link>
  <description>&amp;#8203;지인의 도움으로 유용한 장치를 테스트하고 사용해볼 수 있는 기회를 얻게되었습니다.이 글의 제목처럼 모든 장치를 무선으로 미러링할 수 있는 모두시스 회사의 Twingle Air+ MDS-3200 기기 사용에 대한 것입니다.모든 장치라고 하면, 아이폰, 아이패드와 같은 iOS 기기, Android중 Screen Mirroring을 지원하는 스마트폰이나 태블릿, Widi를 지원하는 윈도우용 모바일 장치 등을 말합니다.iOS 기기를 TV나 빔프로젝트 등이 장치로 연결하기 위해서는 국내에는 아직 판매가 되지 않는 애플TV를 이용해서 무선 미러링 하는 방법이 가장 일반적입니다. (물론 다른 방법이 있습니다만) Android용 스마트폰이나 태블릿을 무선 미러링 하기 위.......</description>
  <category>하드웨어</category>
  <tag>IT·컴퓨터,무선미러링,WiDI,WirelessDispaly,모두시스,TwingleAirMDS-3200,상품리뷰</tag>
</item>