﻿<?xml version="1.0" encoding="utf-8"?>
<item>
  <title>파워포인트에서 도형 합치기</title>
  <link>http://powerpoint.pe.kr/60214613386</link>
  <description>&amp;#8203;질문받은 내용에 답변을 달아서 보내준 것을 공유합니다.질문 :아래 1번과 같이 두도형을 만든후2번과 같이 합친(그룹화) 다음 두 도형의 경계에 있는 일부 점선 만 없애고 싶은데 방법 부탁드립니다.1.답변 :사용 중인 파워포인트 버전에 따라 방법은 모두 다릅니다.파워포인트 2007조금 어렵지만 도형 점편집 기능을 이용해서 가능합니다.1. 도형을 먼저 그린 다음 [그리기도구, 서식] 리본 메뉴의 맨 왼쪽 &amp;lt;도형 편집&amp;gt; 아이콘을 클릭, &amp;lt;자유형으로 변환&amp;gt;을 선택합니다.(2007 버전의 경우 기본도형, 사각형, 삼각형 등을 &amp;lt;자유형으로 변환&amp;gt;을 해야지만 점편집이 가능합니다.)2. 다시 도형을 선택한 다음,[그리기도구.......</description>
  <category>ㆍㆍㆍㆍㆍ  QnA</category>
  <tag>IT·컴퓨터,도형세이프,도형합치기,세이프병합,파워포인트,PowerPoint</tag>
</item>