﻿<?xml version="1.0" encoding="utf-8"?>
<item>
  <title>기호(특수문자)를 쉽게 사용하도록 도와주는 All Characters</title>
  <link>http://powerpoint.pe.kr/220003754927</link>
  <description>&amp;#8203;문서 작업 시에 기호(특수문자)를 사용 안할 수 없지요?기호 삽입을 위한 여러 방법이 있습니다.이미 많이 알려진 방법 중 한글 자음 입력 후 선택하고, 한자 키를 누르면 기호로 변경이 가능합니다.특수문자표 정리http://makingshop.tistory.com/43 참고하세요두번 째 방법은 [삽입]의 &amp;lt;기호&amp;gt; 메뉴를 이용하는 방법입니다.세번째는 인터넷에서 많이 떠도는 특수문자입력기 유틸리티를 이용하는 방법입니다.유틸리티 다운로드는http://ptia.co.kr/50098162410 에서마지막으로 포스팅하는 주제인 기호[특수문자]를 삽입하기 위한 웹사이트입니다.사이트 바로가기 :http://copypastecharacter.com/all-characters위 사이트 접속 후 문.......</description>
  <category>기타자료와 링크</category>
  <tag>IT·컴퓨터,기호,특수기호,특수문자,한자키,문자,Charaters</tag>
</item>