﻿<?xml version="1.0" encoding="utf-8"?>
<item>
  <title>파워포인트로 거꾸로 학습 자료 만들기 : Microsoft Office Mix</title>
  <link>http://powerpoint.pe.kr/220010010216</link>
  <description>&amp;#8203;'거꾸로 학습' 이란 말 들어보셨나요?거꾸로 학습이란거꾸로 교실‘로 번역되는 `플립러닝’(Flipped Learning)이란 비주얼 기반의 동영상 강의 등을 통해학생들이 집에서 미리 학습을 하고 교실에서는 학생들이 짝을 지어 질문/대화/토론을 하는하브루타방식의 수업을 하며,교사와 다양한 학습활동을 통해 재학습을 하는 새로운 교수방식입니다.*하브루타(havruta)유대인의 전통학습법으로 탈무드를 공부할 때, 상대방과 상호질문&amp;#8226;대답하며 토론으로 문제를 해결하고 결론을 도출하는 방식이다, 이는 두뇌를 활성화 시키는 교육으로 듣고 외우는 형태에서 벗어나 친구와 토론하고 직접 체험하는 소통의 공부방법이라할 수 있다.인.......</description>
  <category>3rd Part Utilities</category>
  <tag>IT·컴퓨터,추가기능,거꾸로학습,거꾸로교실,OfficeMix,학습,레코딩,유틸리티,파워포인트</tag>
</item>