﻿<?xml version="1.0" encoding="utf-8"?>
<item>
  <title>아이패드용 Office로 시작하는, 즐겁고 세련된 모바일 라이프</title>
  <link>http://powerpoint.pe.kr/60214548635</link>
  <description>아이패드용 PowerPoint, Word, Excel의 출시 소식은 블로그를 통해서 알려드린 바 있습니다.http://powerpoint.pe.kr/60211913870모바일 office의 과잉 경쟁시대라고 하는데 출시만 중요한 것이 아니라 어떻게 사용하는지에 대한 부분도 중요합니다.이러한 시기에 좋은 강연 소식이 있어서 알려드립니다.오는 5월 22일, 목요일 저녁 6시부터, 광화문 소재 한국 마이크로소프트 11층에서 MS Office MVP 3명이 강연을 진행합니다.저도 그 중에 일부로 참여합니다. 조금만 자랑하면 Office MVP이기도 하지만, &amp;lt;나는 모바일 오피스에서 일한다&amp;gt;란 책을 저술한 경험도 있기에 아이패드용 오피스 교육에 도움을 줄 수 있을 것입니다.관련 신청은.......</description>
  <category>Office Mobile</category>
  <tag>IT·컴퓨터,아이패드용오피스,PowerPoint,Excel,Word,모바일오피스,핀스킨렉처</tag>
</item>