﻿<?xml version="1.0" encoding="utf-8"?>
<item>
  <title>무료 이미지 배경제거 사이트 : Background Remover free Online</title>
  <link>http://powerpoint.pe.kr/220002823274</link>
  <description>&amp;#8203;슬라이드 등 시각자료 작업을 할 때 이미지를 많이 사용하는 편입니다.이미지를 사용함에 있어 배경제거 기능은 필수라고 할 정도로 자주 사용되고 꼭 필요한 기능입니다.만족스럽게도 파워포인트 2010 버전부터는 배경제거 기능이 포함되어 있어서 사용자들이 포토샵과 같은 이미지 전문 프로그램으로 작업을 해야하는 번거로움을 줄여주었습니다.▲[PowerPoint 2010] 마술처럼 사라지는 배경제거 기능그러나 문제는 파워포인트 2007 버전 사용자입니다.파워포인트 2007 버전에는 아쉽게도 배경제거 기능이 탑재되어 있지 않습니다.그러하기에 별도의 외부 프로그램을 이용해서 작업해야합니다.- 물론 파워포인트의 꼼수로 배경을 제거할.......</description>
  <category>기타자료와 링크</category>
  <tag>IT·컴퓨터,배경제거,이미지배경제거,BackgroundRemover,BackgroundBurner,Clippingmagic,PowerPoint</tag>
</item>