﻿<?xml version="1.0" encoding="utf-8"?>
<item>
  <title>iPad용 파워포인트 정보 _ Office Mobile Training</title>
  <link>http://powerpoint.pe.kr/220004667340</link>
  <description>&amp;#8203;블로그에 Office Mobile 이라는 카테고리를 새롭게 만들어 두었습니다.이 곳을 통해서 Office Mobile, iPad용 PowerPoint 외에도 다양한 Mobile용 Office 제품을 소개하도록 하겠습니다.먼저 iPad용 office 제품에 대한 정보를 얻을 수 있는 곳을 소개합니다.1. Office.com 으로 접속하고 mobile 카테고리로 이동합니다.2. 오른쪽 위의 &amp;lt;대한민국&amp;gt;을 선택하고 국가설정을 United States - English로 변경합니다.3. 상단 메뉴 중 &amp;lt;Support&amp;gt;를 선택하고 아래쪽으로 이동하면 [Office for iPad training]이란 그룹이 보입니다.4. [Office for iPad training] 그룹에서 PowerPoint for iPad를 선택하면 iPad용 PowerPoint와 관련.......</description>
  <category>Office Mobile</category>
  <tag>IT·컴퓨터,OfficeMobile,모바일오피스,PowerPointforiPad,아이패드,사이트,마이크로소프트,Microsoft</tag>
</item>