﻿<?xml version="1.0" encoding="utf-8"?>
<item>
  <title>파워포인트 프레젠테이션 관련 도움되는 유용한 사이트</title>
  <link>http://powerpoint.pe.kr/60214667533</link>
  <description>&amp;#8203;파워포인트와 관련되어 참고할 만한 사이트가 없냐고 질문하길래 몇 군데 정리해보았습니다.마이크로소프트에서 인증한 PowerPoint MVP (Most Valuable Professional) 운영 블로그수현아빠의 파워포인트 이야기 :http://powerpoint.pe.kr/- 제 블로그입니다. ^^;;- 파워포인트와 관련된 여러가지 팁과 문제해결에 대한 정보가 많이 있습니다.장경호 MVP의 블로그 :http://blog.naver.com/yuriblue - 파워포인트 기본 기능을 배울 수 있는 정보가 많이 올라있습니다. - 엑셀 , 한글 등의 정보도 구할 수 있습니다. - &amp;lt;엑셀 + 파포 + 워드 2013&amp;gt; 외 저자채종서 MVP의 블로그 :http://ptia.co.kr/ - Microsoft MVP 이자 기업교육 전문.......</description>
  <category>기타자료와 링크</category>
  <tag>IT·컴퓨터,유용한사이트,즐겨찾기사이트,파워포인트,프레젠테이션,PowerPoint,Presentation</tag>
</item>