﻿<?xml version="1.0" encoding="utf-8"?>
<item>
  <title>의사 / 과학자들을 위한 무료 이미지, 벡터, 아이콘 사이트</title>
  <link>http://powerpoint.pe.kr/220006887166</link>
  <description>&amp;#8203;어제 공유한의사 / 과학자가 사용하면 좋을 무료 파워포인트 템플릿에 대한 자료가 인기가 좋아서 하나 더 공유합니다.의사/ 과학자 분들이 그만큼 학회나 연구 컨퍼런스 등을 통해 발표할 일이 많은데, 해당 분야가 범용적이지 않고 전문적이다보니 소스 자료 구하기가 쉽지 않은 이유이기 때문일 것입니다.오늘 포스팅에는 의사 / 과학자들을 위한 무료 이미지, 벡터, 아이콘을 구할 수 있는 정보를 소개합니다.1. freepik바로가기 :http://www.freepik.com/index.php?goto=2&amp;amp;isCat=1&amp;amp;searchform=1&amp;amp;k=medical&amp;amp;order=2&amp;amp;onlyv=1위 사이트로 이동하여 미리보기 이미지를 클릭하면 선택한 이미지를 다운로드 받을 수 있.......</description>
  <category>기타자료와 링크</category>
  <tag>IT·컴퓨터,리소스,이미지,파일,벡터,아이콘,사이트,Vector,medical</tag>
</item>