﻿<?xml version="1.0" encoding="utf-8"?>
<item>
  <title>의사 / 과학자가 사용하면 좋을 무료 파워포인트 템플릿</title>
  <link>http://powerpoint.pe.kr/220006011973</link>
  <description>&amp;#8203;제가 슬라이드 작업을 하면서 아이디어를 얻기위해 자주 방문하는 사이트가 있습니다.이 사이트는 슬라이드 디자이너들이 많이 참고하는 사이트지만, 저 같은 비디자이너에게도 영감과 아이디어를 주는 곳입니다.사이트 바로가기 :http://www.presentationload.com/사이트 방문후 언어가 영어로 되어 있지 않다면 오른쪽 위에 언어를 영어로 변경하여 보면 편리합니다.잠깐 잠깐 둘러봐도 디자인이 화려하고 깔끔한 자료들을 볼 수 있습니다. 하지만 대부분이 유료이며, 가격도 상당합니다.위 사이트에서 세부 항목으로 이동하며 작은 thumb nail 이미지 형태로 (위 이미지를 클릭하면 4배정도 크게 보여집니다.) 미리 보기가 가능해서 도.......</description>
  <category>ㆍㆍㆍㆍㆍ Design</category>
  <tag>IT·컴퓨터,무료템플릿,파워포인트템플릿,FreeTemplate,PowerPoint,Medical,Science,Research</tag>
</item>