﻿<?xml version="1.0" encoding="utf-8"?>
<item>
  <title>다시 한국, 하루를 쉬다.</title>
  <link>http://charen.kr/220063534527</link>
  <description>다시 한국. 그제 밤에 집에 도착했다.집에 와 아내와 딸의 수다를 들으며 한국에서 가장 마실 만한 맥주 클라우드 한 캔을 땄다.맥주만큼은 한국보다 중국이 훨씬 맛있다. 중국 국내산 연경맥주나 청도맥주만 해도 한국의 프리미엄급 맥주라는 클라우드 맥주 정도는 된다. 아주 오래 전부터. 일본 맥주도 가격이 저렴하다. 중국 편의점에선 참이슬 한 병 살 돈으로 아사히 캔맥주 500미리짜리를 세 개나 살 수 있다.어제는 이마트 문화센터 하남점에서 강의가 있었다. 저녁엔 술자리가 있어 밤 늦게까지 마시고 자정을 넘겨서 집에 왔다.중국에서 돌아와 피로가 누적되어 하루 쉬어가고 싶어 어제 연차를 신청하여 오늘 쉬었다. 그러나 밤 늦게까.......</description>
  <category>일상과단상(2014년)</category>
  <tag>취미,일상·생각</tag>
</item>