﻿<?xml version="1.0" encoding="utf-8"?>
<item>
  <title>파워포인트 2010/2013 온라인 비디오 삽입 재동작</title>
  <link>http://powerpoint.pe.kr/60213335448</link>
  <description>&amp;#8203;파워포인트 2010, 2013 버전이 출시되었을 때에 youtube 동영상 등 온라인 비디오 파일을 파워포인트에 바로 삽입하는 기능이 제공되었습니다. 그러나 어느 순간부터 youtube 등 동영상을 파워포인트에 삽입하였을 때에 제대로 동작(재생)이 안되다가, 결국에는 동영상 삽입 메뉴에서 온라인 비디오 삽입 메뉴가 빠져버리기도 했습니다.&amp;#8203;※ 관련링크 참고&amp;#8203;&amp;#8203;달라진 파워포인트 2013의 기능들 (23) 편리해진 온라인 비디오 삽입[문제해결] 파워포인트에서 유투브 비디오 재생이 안될 때&amp;#8203;&amp;#8203;[문제해결] 파워포인트에서 유투브 실행 안되는 현상&amp;#8203;유투브, 비메오 동영상을 파워포인트에 삽입하기 - Web Vide.......</description>
  <category>PowerPoint News</category>
  <tag>IT·컴퓨터,동영상,유투브,온라인비디오,Youtube,Onlinevidieo,PowerPoint2010,2013</tag>
</item>