﻿<?xml version="1.0" encoding="utf-8"?>
<item>
  <title>마이크로소프트 파워포인트2013 해지하는 법</title>
  <link>http://powerpoint.pe.kr/60214473767</link>
  <description>파워포인트 관련 질문에 답변을 해주었는데 함께 공유하고 싶어서 블로그에 다시 정리해올립니다.질문:마이크로소프트 파워포인트2013 해지하는 법마이크로소프트 파워포인트를 신청했는데 제 생각으로는 1달 무료로 사용할수 있게하는거를 신청한거같은데 매달 돈이 나가네요... 어떻게 해지 하는 지 좀가르쳐주세요!!답변 :파워포인트 2013 버전은 Office 365 페이지에서 한 달 동안 무료체험 사용이 가능합니다.체험판 다운로드는 &amp;gt;&amp;gt;여기&amp;lt;&amp;lt; 를 클릭하면 됩니다.위 질문에서처럼 간혹 체험판 다운로드 설정 시에 자동구독 신청을 무심코 한 경우, office 365.com 사이트에서 자동구독신청 등을 해제할 수도 있습니다.1. office 365.......</description>
  <category>ㆍㆍㆍㆍㆍ  QnA</category>
  <tag>IT·컴퓨터,질문,답변,마이크로소프트파워포인트2013해지하는법,지불및결제정보변경하는방법,오피스,Office365</tag>
</item>