﻿<?xml version="1.0" encoding="utf-8"?>
<item>
  <title>초저녁에 취하다</title>
  <link>http://charen.kr/220059296864</link>
  <description>새벽에야 잠이 들었다. 편안하게 늦잠을 자려 했으나 눈을 뜨니 여섯 시가 채 되지 않았다. 아침이 훤히 밝았다. 늦잠 자는 데는 실패했으나 아침햇살에 자연스레 눈을 뜨니 몸이 개운하다.밤새 켜둔 에어컨에 목이 칼칼하다. 어젯밤에 마시던 봉황단총 밀란향을 다시 우렸다. 향이 참 곱다.아침의 의식 중에 가장 중요한 의식은 화장실에서 이루어진다. 큰 놈 작은 놈을 밖으로 내어보내는 것만큼 상쾌한 느낌이 또 없다. 선암사 해우소에는 이런 글귀가 씌어 있다.'대소변을 몸 밖으로 버리듯 번뇌와 망상도 미련 없이 버리세요.'이 글을 읽고 시인 정호승은 해우소 앞에 쭈그리고 앉아 어린아이처럼 엉엉 울었다고 한다. 비록 시인의 감성에는.......</description>
  <category>일상과단상(2014년)</category>
  <tag>취미,일상·생각</tag>
</item>