﻿<?xml version="1.0" encoding="utf-8"?>
<item>
  <title>30초 안에 청중을 끌어들이는 12가지 방법 - 12 Ways to Hook an Audience in 30 Seconds</title>
  <link>http://powerpoint.pe.kr/60213311072</link>
  <description>성공적인 발표가 되기 위해서는 청중의 집중도를 잘 끌어들여야 합니다. 발표가 조금이라도 지루해진다면 청중의 관심은 어느듯 그들이 가지고 있는 스마트폰에 쏠릴 지도 모릅니다.청중의 관심이 다른 곳에 가 있다면, 아무리 중요한 이야기를 발표자가 전달했을지라도 그들의 기억 속에는 아무것도 남지 않게 됩니다.따라서 어떻게하면 청중의 집중도를 높일 수 있을지 발표자는 항상 고민하고, 노력을 해야 합니다.12 Ways to Hook an Audience in 30 Seconds 라는 제목의 포스팅이 있어서 간단하게 소개해봅니다.오역이나 의역이 있을 수 있으니, 원문을 꼭 참고해서 보십시오.1. 반대의견 접근법을 사용하라Use a contrarian approach.2. 수.......</description>
  <category>프레젠테이션</category>
  <tag>IT·컴퓨터,프레젠테이션,발표,집중,Hook,Presentation</tag>
</item>