﻿<?xml version="1.0" encoding="utf-8"?>
<item>
  <title>파워포인트에서 원하는 페이지만 꽉 차게 인쇄하고 싶어요</title>
  <link>http://powerpoint.pe.kr/60213983949</link>
  <description>&amp;lt;title&amp;gt; 파워포인트에서 원하는 페이지 꽉 차게 인쇄하기 &amp;lt;/title&amp;gt;  &amp;#8203;지식 iN에 파워포인트 인쇄관련 질문이 하나 올라와서 공유합니다.파워포인트 인쇄관련 내용에 대해서는 질문이 많이 올라오는 편인데, 공유차원에서 블로그에 다시 정리해 올려봅니다.질문 :예를들어 총 10페이지짜리 파워포인트인데1 2 3 8 9 10이렇게 6페이지만 종이 1장에꽉차게 인쇄하고 싶으면 어떻게 해야 하나요?답변 :파워포인트의 슬라이드 유인물 기능을 이용하면인쇄용지에 꽉 차서 인쇄가 되지 않습니다.파워포인트 인쇄 시 종이에 꽉 차게 인쇄하는 방법에 관해서 몇 년 전에 블로그에 포스팅했던 적도 있습니다.파워포인트 여백없이 인쇄.......</description>
  <category>ㆍㆍㆍㆍㆍ  QnA</category>
  <tag>IT·컴퓨터,인쇄,모아찍기,print,프린트,범위지정,파워포인트,PowerPoint</tag>
</item>