﻿<?xml version="1.0" encoding="utf-8"?>
<item>
  <title>파워포인트에서 슬라이드 마스터에서 글상자의 기본값을 바꿀수는 없나요?</title>
  <link>http://powerpoint.pe.kr/60214234192</link>
  <description>&amp;#8203;네이버 지식iN에 올라온 질문에 대한 답변을 하면서 공유하고 싶어 블로그에 다시 정리해봅니다.질문 :파워포인트 2013 사용중입니다.슬라이드 마스터에서 제목/본문 폰트나 크기나 색깔 같은것의 기본값을 바꿀수있는 것은 압니다.근데 글상자의 기본값도 바꿀수는 없나요?웬지 슬라이드 마스터에서 텍스트상자의 글꼴/글씨크기/글씨색깔 등도 기본값을 지정할수 있을거 같은데 그 방법을 모르겠습니다.답변 :텍스트 상자의 경우 슬라이드 마스터에서 굳이 작업할 필요가 없습니다.먼저 텍스트 상자의 글꼴, 글씨 색깔, 글씨크기 등을 원하는 바로 설정한 다음텍스트 상자 선택 후 마우스 우클릭 &amp;gt;기본 텍스트 상자로 설정을 선택하면.......</description>
  <category>ㆍㆍㆍㆍㆍ  QnA</category>
  <tag>IT·컴퓨터,기본텍스트상자,텍스트상자,슬라이드마스터,파워포인트,PowerPoint</tag>
</item>