﻿<?xml version="1.0" encoding="utf-8"?>
<item>
  <title>마이크로소프트 검색엔진 bing.com 잘 사용하기</title>
  <link>http://powerpoint.pe.kr/60213436654</link>
  <description>&amp;#8203;마이크로소프트에서 만든 포털사이트가 몇 가지 있습니다.컴퓨터를 처음 설치하고 internet explorer를 처음 실행하면 나타나는 msn 사이트 (http://www.msn.com)가 있고, 구글 검색엔진을 겨냥(?)해서 만든 bing (http://www.bing.com)이 그러합니다.위 두 사이트는 우리나라 사람들에게는 좀 많이 생소할 수 있습니다.우리나라에서 msn 사이트를 접속하면 얼마전 까지 joins-msn 사이트로 연결이 되었습니다. 성인광고도 마구 나타나고해서 별로 좋아하는 사람이 없었습니다. 그러나 지난해 2013년, 7월부터 MSN 한국페이지가 제대로 오픈되었습니다. 참고 : MSN 사이트가 새단장을 했군요그럼에도 불구하고 국내 최대 포털사이트인 네.......</description>
  <category>기타자료와 링크</category>
  <tag>IT·컴퓨터,bing,검색서비스,빙,마이크로소프트,검색엔지,고급검색,google</tag>
</item>