﻿<?xml version="1.0" encoding="utf-8"?>
<item>
  <title>blank.potx 는 더 이상 지원하지 않는군요, 기본 테마 변경방법</title>
  <link>http://powerpoint.pe.kr/60214460443</link>
  <description>&amp;#8203;이 글의 엮인 글,파워포인트 2010 빈 화면 레이아웃으로 실행하기 를 보면 슬라이드 크기가 16:9가 기본 설정으로 되어 있는 파워포인트 2013의 설정을 4:3 크기가 기본이 될 수 있도록 변경하는 방법에 대해서 설명을 하고 있습니다.제목은 파워포인트 2010... 으로 되어 있지만, 2007이나 2013 등 버전에서도 동일하게 적용되는 방법이었습니다.그러나 지난 4월 업데이트 이후로 blank.potx 방법이 더 이상 적용되지 않고, &amp;lt;기본테마로 설정&amp;gt;하는 방법으로 슬라이드 크기를 변경할 수 있습니다.관련 내용은 이전에 포스팅한파워포인트 2013 기본 테마 변경하기를 참고하면 됩니다.기본테마로 변경한 슬라이드를 원래 상태로 돌리.......</description>
  <category>ㆍㆍㆍㆍㆍ  Tips</category>
  <tag>IT·컴퓨터,기본테마,DefaultTheme.thmx,슬라이드크기변경,슬라이드크기,4:3슬라이드크기,파워포인트,파워포인트2013,파워포인트2013슬라이드크기변경</tag>
</item>