﻿<?xml version="1.0" encoding="utf-8"?>
<item>
  <title>텍스트 디자인을 위한 10원칙 - 10 Principles for Better Type Design</title>
  <link>http://powerpoint.pe.kr/60214070245</link>
  <description>&amp;#8203;자료를 만들 때 가장 많이 사용되는 것은 표나 차트, 그림도 아닌 텍스트 입니다.텍스트를 잘 정리해서 보여주는 것만으로도 차별화된 자료를 만들 수 있습니다.오늘은 텍스트 디자인을 위한 10가지 원칙에 대한 외국 자료의 키워드와 함께 개인적인 의견을 정리해서 올려봅니다.자세한 내용이나 이미지 등은 원본 자료 링크를 꼭 참고하시기 바랍니다.1.Too many type faces 너무 다양한 폰트 사용하지 않기다음 글파워포인트 글꼴 한꺼번에 바꾸기 참고하시면 도움이 될 겁니다.2.Spacing글 여백을 확보하라텍스트에 국한된 문제만은 아니겠지만 텍스트 디자인에서도 여백의 확보는 중요합니다.텍스트 좌우 여백을 확보하기 위해서 '그.......</description>
  <category>ㆍㆍㆍㆍㆍ Design</category>
  <tag>IT·컴퓨터,텍스트,글꼴,폰트,디자인,가독성,커닝,design,typography.타이포그라피</tag>
</item>