﻿<?xml version="1.0" encoding="utf-8"?>
<item>
  <title>조너선 아이브 Jony Ive  - 천재는 천재를 알아본다. </title>
  <link>http://powerpoint.pe.kr/60213532725</link>
  <description>제가 아이폰을 사용하게 되고, 다시 아이패드를 사용하게 되고, 맥북프로까지 사용하게 되면서.. 저를 그렇게 만든 스티브 잡스 뒤에는 항상 조너선 아이브가 있다는 것을 알았습니다.그에 대해서 알아보던 중 재미있는 글을 보게 되었습니다.조너선 아이브에 대한 흥미로운 사실 10가지조너선 아이브는 컴맹이었기에 아날로그적인 감성이 더 뛰어났을 것 같고, 변기 등 생활용품을 디자인했기에 애플 제품이 그토록 절제된 아름다움을 가질 수 있지 않았나 생각합니다.그리고 '조너선 아이브 디자인의 시작은 겉모습이 아니라 재료로부터 시작한다.'란 부분은 여러가지를 느끼게 해주었는데 특히 프레젠테이션 슬라이드를 준비하는 이들이 내용.......</description>
  <category>[책]자기계발</category>
  <tag>IT·컴퓨터,문학·책,조너선아이브,애플,책,도서후기,서평,JonyIve,민음사,블로거의오늘의책</tag>
</item>