﻿<?xml version="1.0" encoding="utf-8"?>
<item>
  <title>갈남항의 아름다움....</title>
  <link>http://blog.naver.com/dmz0911/60112558360</link>
  <description> - 솔섬을 보고 담고 느끼고 돌아오는 길에 잠시 들려 거닐었던 갈남항
작은 항구인 듯 느껴지는 해안
그런 해안은 깨끗한 모래와 맑은 물이
아쉬움이 있었다면 조금 빨리 이른 시간에 찾아오지 못하였다는 것과
바람이 조금 더 불어주웠으면 하는 마음.... 
다음에는 조금 더 이른 시간에 너를 보고 싶다.   
</description>
  <category>풍경이좋아</category>
  <tag>갈남항,아름다운곳,다시담고싶은곳</tag>
</item>