﻿<?xml version="1.0" encoding="utf-8"?>
<item>
  <title>하늘에 달이라도 보였음 좋겠다.</title>
  <link>http://blog.naver.com/dmz0911/60129251174</link>
  <description>   - 달이 보이지 아니 한다고
하늘에 달이 없는 것은 아니고 그리운 이가 옆에 없다고 나를 버린 것은 아니 듯 
그리움을 마음에 담아 하늘을 보는 여인처럼 오늘도 작은 소망을 적어 하늘에 올려 보낸다. 하늘과 가까운 곳에서…….
</description>
  <category>풍경이좋아</category>
  <tag>NIKON_D700,사진,봄하늘,밤,정자,그리움,소망,기원,운봉산</tag>
</item>