﻿<?xml version="1.0" encoding="utf-8"?>
<item>
  <title>가슴과 눈으로 담은 순천만....</title>
  <link>http://blog.naver.com/dmz0911/60113249491</link>
  <description>  
아름다운 곳
정말 이곳을 나의 눈으로 볼 수 있었다는 것은 정말 행복한 일이였습니다.
걸어서 올라가는 길이 힘들어
쉬면서 올라가야하였던 나의 체력을 탓하면서도 정상에 올라가 내려다보았던 장엄한 풍경은 아직도 눈이 보이는 듯 생생합니다.
다시 한 번 그곳에 서보고 싶다.</description>
  <category>풍경이좋아</category>
  <tag>S자의아름다움,순천만</tag>
</item>