﻿<?xml version="1.0" encoding="utf-8"?>
<item>
  <title>북경 방을 빼다</title>
  <link>http://charen.kr/220058573622</link>
  <description>어제는 종일 밖에서 일이 있었다. 저녁에 들어와 짐을 쌌다. 중요한 건 미리 좀 싸뒀는데도 이래저래 정리하다 보니 새벽녘이 되어서야 끝이 났다. 다 해놓고 보니 얼마 되지도 않는데 버릴 것과 가질 것을 구분하며 정리하다 보니 시간이 꽤 걸렸다.작은 트럭 하나에 인부 둘을 불렀다. 짐은 회사까지만 옮기면 된다. 비용은 총 150元。10시에 오기로 했던 인부는 11시가 되어서야 도착했다. 늦게 와서는 첫 마디가 "생각했던 것보다 짐이 너무 많다."는 것이었다. 내 이럴 줄 알았다. 어쩌다 보니 매년 이사를 하게 되었는데, 아직 한 번도 원래 합의한 가격으로 이사를 해본 적이 없다. 전화로는 150 元에 하기로 했다가 결국은 한 바탕 전쟁.......</description>
  <category>일상과단상(2014년)</category>
  <tag>취미,일상·생각</tag>
</item>