﻿<?xml version="1.0" encoding="utf-8"?>
<item>
  <title>야경이 아름다운 돌산대교</title>
  <link>http://blog.naver.com/dmz0911/60113252031</link>
  <description>   국도 17호선 상에 있다.
폭 11.7m, 길이 450m로 1980년에 착공해 1984년에 완공했다.
여수항에 입항하는 대형선박을 위해 양쪽 해안에 높이 62m의 교각을 설치하여
직경 56~87㎜ 정도의 강철 케이블 28개로 교판을 묶어 무게를 지탱하게 하는
특수공법으로 시공되었다. 
</description>
  <category>풍경이좋아</category>
  <tag>돌산대교,야경,아름다움,불빛</tag>
</item>