﻿<?xml version="1.0" encoding="utf-8"?>
<item>
  <title>MS 오피스 설치 시 어떤 테마가 설치되는가? Which Themes are Installed within Office Versions? via Geetesh</title>
  <link>http://powerpoint.pe.kr/60212970391</link>
  <description>&amp;#8203;Microsoft MVP가 되면서 좋은 점 중 하나는 인적 네트워크입니다. 하루에도 몇 십 건의 메일을 전세계 Microsoft PowerPoint 전, 현직 MVP로 부터 받고 있습니다. 영어 메일이라 모두 소화는 못하지만 간혹 양질의 정보를 얻을 수 있어서 정말 좋습니다.오늘은 그 중 하나를 소개해 봅니다.파워포인트에 관심있는 사람들은 한 번 씩 쯤은 들어가 본 적이 있을 법한http://www.indezine.com 사이트의 운영자도 Microsoft PowerPoint MVP 입니다.▲ 이 마크 보신 적 있으시죠?이 친구가 얼마 전에 PowerPoint MVP 들에게 테마 설치 폴더와 설치 테마에 대한 메일을 보내고 조사를 한 적이 있어, 저도 살짜쿵 동참해서 정보를 업데이트 한 적.......</description>
  <category>ㆍㆍㆍㆍㆍ  Tips</category>
  <tag>IT·컴퓨터,파워포인트,테마,오피스,마이크로소프트,Indezine,Geetesh,MicrosoftMVP,PowerPointMVP,WhichThemesareInstalledwithinOfficeVersions</tag>
</item>