﻿<?xml version="1.0" encoding="utf-8"?>
<item>
  <title>바람개비 바람 맞다.</title>
  <link>http://blog.naver.com/dmz0911/60114223802</link>
  <description> 어제 당직하고 퇴근하여 쉬는 동안 집사람이 동네 슈퍼에서 물건을 구입하였고
많은 물건이 아니지만 무거워 배달을 부탁하였으며 그 물건을 배달하려고 오셨던 분이 초인종을 누르신다.
초인종 소리에 나의 몸은 반사적으로 뒤척이고 
세상 밖으로 돌아온 나의 정신은 다시 잠을 청하려고 애써 모른척한다. 
다시 잠에 취하려는 사이 또 초인종 소리가 나의 귓가에 파문처럼 울려 퍼진다. 
그러기를 4번 일어나 밖으로 나갔더니 내가 나오는 사이 가셨다.
다시 자려니 잠은 오지 아니하고 창문을 통하여 나의 눈에 들어온 하늘은 얼마나 높고 맑은지 
나가야 갰다 생각하니 나의 몸이 분주하게 움직인다. 
어디로 가야겠다는 생각 없.......</description>
  <category>풍경이좋아</category>
  <tag>탄도항,바람개비,바람</tag>
</item>