﻿<?xml version="1.0" encoding="utf-8"?>
<item>
  <title>바다이야기...</title>
  <link>http://blog.naver.com/dmz0911/60108292944</link>
  <description> 
- 바다에서 놀다 잡혀왔어요
  잡혀오자 마자 나를 잡아온 어부는 
 칼로 나의 배를 가르고 내장을 뺀 후 이곳에 저를 말리더군요.
 차라리 바다가 보이지 아니한 곳에 걸어 놓았으면 좋았을 것을
 이렇게 바다를 보고 있으니 그리움이 눈물 되어 날려요.</description>
  <category>풍경이좋아</category>
  <tag />
</item>