﻿<?xml version="1.0" encoding="utf-8"?>
<item>
  <title>숨은그림찾기.</title>
  <link>http://blog.naver.com/dmz0911/60108635277</link>
  <description>- 숨은그림이란  [명사]: 복잡하게 그려 놓은 그림에 숨겨진 물건을 찾도록 한 놀이다
아래의 사진 속에 숨어있는 것은 무엇일까...  
위 장소는 
선유도의 명사십리로 병풍처럼 둘러싼 산의 모습으로
정답은 여인이 머리를 풀고 누워있는 모습입니다.
이처럼 자연이란 오묘합니다.</description>
  <category>풍경이좋아</category>
  <tag />
</item>