﻿<?xml version="1.0" encoding="utf-8"?>
<item>
  <title>풀잎에 맺힌 이슬 </title>
  <link>http://blog.naver.com/dmz0911/60108626078</link>
  <description>풀잎에 맺힌 이슬 김내식 이제 다시는 네 없이 살기를 원치 안으마 풀잎에 맺힌 이슬 잠시 너를 떠나 이 사람 저 사람 만났더니 불신이 주는 스트레스 나로서는 도저히 불감당이야 인간을 축으로 한 세월 속에 변질이 있을 수 있는 태초에 그 분 말씀 그 때 그대로 있는 그대로 말없이 수 억년 살아오며 침묵으로 인도한다 위대한 너의 고독한 복음 믿고 살 거야 </description>
  <category>풍경이좋아</category>
  <tag />
</item>