﻿<?xml version="1.0" encoding="utf-8"?>
<item>
  <title>즐기지 않으면 목표만 남고 삶이 사라진다</title>
  <link>http://charen.kr/220056654629</link>
  <description>눈을 뜨니 세 시가 채 되지 않았다. 읽지 않은 카톡 메시지가 있다. 이제 잔다는, 아내로부터 온 메시지인데 못 보고 잠이 들었나 보다. 새벽 세 시, 더 자야 할 이유도 그렇다고 일부러 깨어 있을 이유도 없는 시간이다. 어젯밤 먹다 만 복숭아 반쪽을 입에 물고 읽다 만 책을 펼쳤다."밤이 이슥하도록 글을 읽다가 출출한 김에 차라도 한잔 마실까 해서 우물로 물을 길으러 한다. 길어 놓은 물보다 새로 길은 물이라야 차 맛이 새롭다. 차 맛은 곧 물맛에 이어지기 때문이다."나도 따라 찻물을 올린다. 찻장을 두리번거리다 노총수선을 집었다. 아껴 아껴 먹었는데도 한두 번 더 마시면 없다. 용돈 생기면 조금 사둬야겠다.새벽의 다향(茶香)은.......</description>
  <category>일상과단상(2014년)</category>
  <tag>취미,일상·생각</tag>
</item>