﻿<?xml version="1.0" encoding="utf-8"?>
<item>
  <title>기다림...</title>
  <link>http://blog.naver.com/dmz0911/60108375402</link>
  <description>
주차장에서 쉬고 있었지요.
그런데
나의 주인은 나를 한 시간에 삼천원을 받고 죄의식 없이 나를 빌려 주더군요.
그래서
한 시간 동안은 나를 빌린 사람이 나의 주인 되어 버리는 운명을 가지고 있습니다.
그런데
쉬고 있는 나를 깨워 나온 사람들은 나를 어두운 바닷가에 세워두고 저만치에서 뛰며 놀고 있네요.
그것을 
바라보며 나는 다시 달려 나가기를 바라며 기다립니다. 
</description>
  <category>풍경이좋아</category>
  <tag />
</item>