﻿<?xml version="1.0" encoding="utf-8"?>
<item>
  <title>구름에 거미줄을 걸고 항아리 위에 머물다.</title>
  <link>http://blog.naver.com/dmz0911/60108815493</link>
  <description>  
 - 하늘에 구름도 걸리고
 잠시 뚜껑을 열어 놓은 항아리 속에 하늘을 담고
 나는 그런 모습을 보고 카메라에 담고  (오늘은 어떤 모습을 담을까하고 고민하며 카메라를 잡는다) </description>
  <category>풍경이좋아</category>
  <tag />
</item>