﻿<?xml version="1.0" encoding="utf-8"?>
<item>
  <title>용사행장(用舍行藏)</title>
  <link>http://charen.kr/220054492739</link>
  <description>북경 집에서 회사까지는 걸어서 주현미 노래 다섯 곡의 거리다. 나의 직장 생활 통틀어 이와 같은 초근거리 출퇴근은 처음이다. 또한 다시는 없을 것 같다.내게 중국은 낯설고 편안하다. 한때는 내가 왜 이곳에 있나 회의하던 때도 있었다. 남경과 항주를 거쳐 북경에 거주하며 겪은 4년여 경험은 그러나 내 인생의 소중한 자산이며 자양분이다. 차에 빠지고 중국을 느꼈다. 느낌은 앎보다 강하다.덥고 습하여 조금만 걸어도 땀이 흥건하다. 더울 땐 백차가 좋다. 어제는 회사에서 내내 파달산 고차수 찻잎으로 만든 백차를 마셨다. 맑고 시원하다.무리는 헛소리에 혹한다. 터럭을 불어가며 흠집을 찾는다. 탓하는 것도 중병이다. 물러섬이 옳다.......</description>
  <category>일상과단상(2014년)</category>
  <tag>취미,일상·생각</tag>
</item>