﻿<?xml version="1.0" encoding="utf-8"?>
<item>
  <title>[기계] 빈티지 전화기 로터리 전화기 Western Electric</title>
  <link>http://1959cadillac.blog.me/220088438607</link>
  <description>오랫만에 글 올립니다 ㅎㅎ많이 게을러졌네요.이번에 소개 드릴 득템 제품은 오랫만에 보는 로터리 전화기 입니다.ㅎㅎ 브로클린에서 구입했습니다..15불 정도..버튼 있는것도 있지만 일단 로터리가 더 좋아서..먼저 올려봅니다.지금 전화하면 받을까요? 다른 번호로 되었는지 갑자기 궁금하네요.516인거 보니까 롱아일랜드 쪽이군여 ㅎㅎ1983년 제품입니다 ㅎㅎ으 끔찍하게 더럽네요.80년대 제품이라서 뒤에 폰 잭이 ㅎㅎIBM PC JR 와 함께~</description>
  <category>Vintage Stuff</category>
  <tag>빈티지,로터리,전화기</tag>
</item>