﻿<?xml version="1.0" encoding="utf-8"?>
<item>
  <title>[MSX] ROAD FIGHTER ロードファイター 로드 파이터 고전게임</title>
  <link>http://1959cadillac.blog.me/220089369204</link>
  <description>한번씩은 꼭 접해보셨을 게임..로드 파이터 입니다.당시에는 MSX 이런 개념보다 100가지 게임 팩 이런 곳에 하나씩 있었죠.아트 워크를 보니까 코르벳이군여 ㅋㅋ전혀 몰랐음 ㅎㅎㅎ레이블 상태가 ㅠㅠ코나미!실제 게임은 1984년도에 나왔으며,아케이드, 닌텐도, MSX 등 으로 나왔습니다.딱 레벨이 A냐 B냐 끝 ㅋㅋ이 게임을 하면 안전 운전과 기름의 소중함을 배울 수 있습니다.</description>
  <category>MSX Games</category>
  <tag />
</item>