﻿<?xml version="1.0" encoding="utf-8"?>
<item>
  <title>책을 읽다.</title>
  <link>http://blog.naver.com/dmz0911/60106436908</link>
  <description>  	
		
			실전 사진 촬영을 위한 DSLR BIBLE - 김완모 지음 
			
			
		인상깊은 구절
		빛을잘주물러야특별한사진이나온다.
	   
		
		
		
	0 저자 : 김완모
 - 중앙대학교 예술대학 사진학과 졸업 동 예술대학원 영상학과 졸업 주부생활사 사진기자 중앙일보사 M&amp;amp;B 사진기자 서울문화사 사진부장(우먼센스, 리빙센스, 에꼴, 베스트베이비, 에쎈 등의 매체에서 포토 디렉터 역임) 현) 인디 스튜디오(studio InDi) 대표 - 저서 『매가진 포토그라피(Magazine photography)』 | 미진사 | 2002년 | 귀여니 시집 『아프리카』 사진작업 | 반디출판 | 2005년 |반기문 유엔총장 자서전 『바보처럼 공부하고 천재처럼 꿈.......</description>
  <category>이야기가있는풍경</category>
  <tag>일상·생각,문학·책,실전사진촬영을위한DSLRBIBLE</tag>
</item>