﻿<?xml version="1.0" encoding="utf-8"?>
<item>
  <title>[E39] 세차 모임 혼다 시빅, 싸이언 FR-S, 마즈다 MX-5, BMW 335I </title>
  <link>http://1959cadillac.blog.me/220088477055</link>
  <description>확실히 새차가 좋긴 좋은거 같습니다.냄새도 새차가 좋음..그 어느 냄새보다.. 좋음똥차미국에서는 싸이언으로 나오죠..끝까지 살아남을려는 싸이언 ㅎㅎ또 새차..혼다 시빅 ㅎㅎㅎ마일수가 정말 적은 1990년 마즈다!겁나 귀엽습니다.새차는 역시 좋구나..열심히 닦아라ㅋㅋ열쉼히들 닦네요아 새차냄새 ㅠㅠ역시.. 응헠똥차끼리 모임마일리지로 따지면 제가 제일 똥차군여 ㅠㅠ바로 앞 건물에서 단체사진 찍자고 주차중..라인업~많이 어둡네요..지금부터 한장씩진짜 어둡습니다 ㅡㅡ열심히 찍고있는데..갑자기 빛이 많아진게 느껴지지 않나요 ㅋㅋ시빅때문에? ㄴㄴ경찰 출동 ㅋㅋ뭐하냐고 (새벽3시였음)사진찍는다 이러니까도와줄게 ㅋ헐 님 ㅋㅋ.......</description>
  <category>E39</category>
  <tag />
</item>