﻿<?xml version="1.0" encoding="utf-8"?>
<item>
  <title>사진에 대한 20가지 착각</title>
  <link>http://blog.naver.com/dmz0911/60106438079</link>
  <description>
1. 어두운 렌즈는 어두운사진을...
 - 사진이 어두울 때 '렌즈가 어두워서 이런가봐'라고 생각하는 경우가 있습니다. 렌즈가 밝다는 것은 사진이 밝아지는 것은 아닙니다.
노출계는 심도와 셔터속도를조합해서 적정노출을 만들기 때문에 조리개를 조이면 셔터속도에서 그만큼 보상을 하게 됩니다. 영어로 
 표현한다면 'bright lens'가 아닌 'fast lens'라고합니다. 그만큼 밝은 렌즈는 빠른 셔터속도를 확보하게 해줄 수 있습니다. 2. 얇은 심도를 너무 많이 사용한다.
  - 똑딱이 디카 쓰시는 분들이 DSLR으로 기변을 하는 가장 큰 이유가 바로 '아웃 포커스'입니다. 밝은 렌즈가 무조건 좋지 않듯
 얇은 심도가 무조건 좋은 것은아.......</description>
  <category>이야기가있는풍경</category>
  <tag>일상·생각,사진</tag>
</item>