﻿<?xml version="1.0" encoding="utf-8"?>
<item>
  <title>[다짐] 이웃 정리 들어갑니다.</title>
  <link>http://1959cadillac.blog.me/220105674132</link>
  <description>안녕하세요~요즘 블로그 활동이 뜸한 캐딜락입니다.파워 블로거가 되고 나서 더 열심히? 해야하는데...일도 바쁘고.. 이번에 휴가까지 갑니다. 8/28~9/1하도 광고들이 많으니까 이웃분들의 소중한 게시물도 전부다 넘어가고..저 또한 게을러지고..힘드네요!곧 복귀 하겠습니다.즐거운 인터넷 생활 되시길.</description>
  <category>Today</category>
  <tag />
</item>