﻿<?xml version="1.0" encoding="utf-8"?>
<item>
  <title>늦은 오후의 왕송저수지...</title>
  <link>http://blog.naver.com/dmz0911/60106813958</link>
  <description>        
- 집에서 가까운 곳에 있는 저수지
 그런데 오늘은 구름 속에 해가 숨어들어 통 얼굴을 보이지 아니하여 얼굴을 보지 못하고 왔다
 앞으로 자주 찾아가 너의 얼굴을 담고 와야 할 것 같다.</description>
  <category>풍경이좋아</category>
  <tag />
</item>