﻿<?xml version="1.0" encoding="utf-8"?>
<item>
  <title>[DOS] 원숭이섬의 비밀 The Secret of Monkey Island 고전게임</title>
  <link>http://1959cadillac.blog.me/220072010376</link>
  <description>감격스러워서 딱 한장만 찍었습니다.사실 원숭이섬의 비밀은 제가 단 한번도 해보지 못한게임입니다.최근들어 관심이 들기 시작하여5160 XT 에 꽂혀있는 EGA 카드를 최근에 구입한 5170에 이식해준후저렇게 멋진 플레이 영상이 나옵니다.항상 신기한것이 IBM 5153 모니터는 CGA 그래픽인데EGA 를 어떻게 출력하는지 고것참 신기합니다.(다행인지도 모름 5154는 구할수도 없고 무진장 비쌈)특히 처음에 나오는 게임 음악이 너무 좋은데요,제가 즐겨보는 유튜브 채널의 LGR 님께서처음에 나오는 원숭이섬의 비밀 노래로 역사를 알려주네요.밑에 꼭 들어보시길 바랍니다.물론 5170인 저는 맨처음 IBM PC SPEAKER 로 나옵니다 ㅎㅎ
</description>
  <category>DOS Games</category>
  <tag>게임</tag>
</item>