﻿<?xml version="1.0" encoding="utf-8"?>
<item>
  <title>[APPLE] iPod 3세대 20GB 애플 아이팟 2003년 20기가</title>
  <link>http://1959cadillac.blog.me/220061887373</link>
  <description>오래전에 구입한 아이팟 20기가 3세대 입니다.풀박스로 구입 했습니다.으.. 당시에 정말 정말 비싼놈이었죠..이때만 해도 구성이 참 알찼는데 말이죠.대놓고 20기가! 이렇게 크게 써줍니다.지금 보면 두꺼워 보이지만.. 당시에는 디자인이 와웅 ㅋ이렇게 오픈합니다.요즘이랑 틀리게 주는게 많지요..리모콘, 케이스, 독 등등ㅎㅎ 이놈입니다.10년이 넘었네요.4월달에 처음 나온 모델은10기가 당시 299불15기가 399불30기가 499불.9월달에 15기가 모델이 20기가로 바뀌었고 30기가 모델은 40기가로 업그레이드 되었습니다.안타깝게도 충전할려면 애플의 firewire 를 써야합니다.힘듭니다 ㅠㅠ이런 충전 독에 껴도 플레이는 가능하지만 충전이 되지.......</description>
  <category>Mac</category>
  <tag>아이팟,애플,음악,콜렉션</tag>
</item>