﻿<?xml version="1.0" encoding="utf-8"?>
<item>
  <title>[1/18] 7월 다이캐스트 레진 구매</title>
  <link>http://1959cadillac.blog.me/220065870073</link>
  <description>다이캐스트로 나와주지 않으니..비싼 레진으로 일단 2대 올려봅니다..Minichamps 1/18 1951 Buick Le Sabre Concept MOTORAMA 107-141230 RESIN입니다..먼저 도착했지만 상세한 사진은 나중에 올리겠습니다.현재 배송중에 있는Minichamps 1/18 1953 Cadillac LeMans Dream Car Concept 107-148230 Motorama입니다.미니챔프 말고 다른 회사가 좀 만들어주었으면 합니다.두대 값이 어휴 ㅡㅡ;;아니 뭐이렇게 비싼건지 ㅠㅠ 차라리 CMC 나 엑소토 살까봐요..하지만 이런 모델들을 만들어주지 않으니!!!!!!!!!!!억울하기만 합니다.</description>
  <category>1/18 Diecast</category>
  <tag>취미</tag>
</item>