﻿<?xml version="1.0" encoding="utf-8"?>
<item>
  <title>[컵] 카카오프렌즈 머그컵 카카오톡 카카오 친구들 웨이브 머그 어피치</title>
  <link>http://1959cadillac.blog.me/220062836632</link>
  <description>최근에 이베이에서 카카오프렌즈 관련 용품을 샀었습니다.인형 노트책 컵등등..하지만 전 하나만 가질수 있었고 ㅋㅋ 나머지는 여친한테로 올인 ㅠㅠ참 이모티콘 잘 만든거 같습니다.카카오톡이 이렇게 유명해질줄 누가 알았겠냐만..갑자기 불편한 MSN 메신져가 생각나네요.카카오톡 덕분에 일어나는 헤프닝도 많죠.. 1 없어지고 답장 안하면 서운하고 괜시리..ㅠㅠ그래도 머그 컵은 참 이쁘네용~행남자기에서 나온사실!</description>
  <category>Collection</category>
  <tag>취미,컵,카카오톡,악세사리,카카오프렌즈</tag>
</item>