﻿<?xml version="1.0" encoding="utf-8"?>
<item>
  <title>[PC] IBM 5170 AT</title>
  <link>http://1959cadillac.blog.me/220067791498</link>
  <description>ㅎㅎ 안그래도 비싼 M 키보드와.. 5170..결국은 아주 좋은 가격에 업어왔습니다.생각보다 정말 크네요.놓을자리가 없습니다. 쩝..나중에 자세히? 할려나 모르겠지만리뷰 해봐야겠죠.신기한건 그 취약?한 CMOS 배터리도 살아있습니다.AA배터리 넣는게 아니고 IBM 자체 배터리인거 같던데..컴퓨터를 껏다 켜도 시간이 계속 가더라구요~</description>
  <category>Pc</category>
  <tag />
</item>