﻿<?xml version="1.0" encoding="utf-8"?>
<item>
  <title>[DOS] 땅따먹기 게임 고전게임 VOLFIED 1991년</title>
  <link>http://1959cadillac.blog.me/220063008672</link>
  <description>영어를 모르던 시절에는 그냥 게임이 어떤건지 기억만 해서실제 타이틀은 전혀 기억에 없고무슨무슨 하는 게임으로 기억합니다.이번에 추억의 고전 게임은땅따먹기 입니다 ㅋㅋ뭐.. 일단 땅따먹기 게임하면 2가지 종류가 있죠..하나는 오락실 가면 할 수 있는 므흣한 게임..(선호합니다)MDIR 실행후 플로피 디스크에서 하드로 옮겨주는 작업중~카피가 다 끝났습니다.오오옷 이게 몇년만인지 ㅠㅠ그때는 이런거 봐도 잘 몰랐음..무조껀 이지로..노래가 끝내줍니다 ㅋㅋ지금 막상 해볼려니까 굉장히 징그럽네요죽여버리짓오오 감사염으아~ 징그러움 ㅋㅋ무한 컨티뉴가 있어서 재밌게 했더라죠..이 게임 아시는분 있을려나..전 다른 버젼은 모르고 오.......</description>
  <category>DOS Games</category>
  <tag>게임,고전게임,땅따먹기</tag>
</item>