﻿<?xml version="1.0" encoding="utf-8"?>
<item>
  <title>북경의 밤</title>
  <link>http://charen.kr/220052447806</link>
  <description>마음 한번 고쳐먹으면 삶은 늘 새로운 시작이다. 끝이 있어야 시작이 있으니 그 끝이 아름다울 때 시작 또한 아름답다. 아름다운 마무리는 걸어온 길에 대한 고마움이다. 내가 걸어온 길 말고는 다른 길이 없었음을 깨닫고 그 길에 감사할 때, 끝이 아름답다.어제 오후에 북경에 왔다. 집에 도착하여 가방만 던져둔 채 감야님 댁에 다녀왔다. 가서 귀한 차를 축내고 왔다. 임창차창의 99년 은호타차는 맑고 분명했다. 93년 이무차는 중후했다. 귀한 대접을 받을 만하다. 그러나 무엇보다 이 여름엔 백차가 갑이요, 그 중에 노백차가 으뜸이다. 귀하디 귀한 99년 복정백차를 마셨다. 여름엔 백차 만한 게 없다. 요즘 노백차의 몸값이 하늘을 찌른.......</description>
  <category>일상과단상(2014년)</category>
  <tag>취미,일상·생각</tag>
</item>