﻿<?xml version="1.0" encoding="utf-8"?>
<item>
  <title>[DOS] 위험한 데이브2 DANGEROUS DAVE IN THE HAUNTED MANSION 고전게임</title>
  <link>http://1959cadillac.blog.me/220059377947</link>
  <description>정말 많이 많이 했던 게임입니다.데이브 1 원작 보다 2에 더 많은 시간을 허비 했을텐데..아깝지는 않습니다.조금 아깝네요 생각해보니 ㅋㅋ정말 충격적이었던 게임샷건 하나로 나쁜넘들을 완전 초토화 ㅋㅋ그래픽이 요즘에 비해서는 별로지만..이 게임 안해보신분들은 꼭 해보시길..특히 저렇게 죽을때 어떻게 죽는지 보여줍니다.와.. 대박입니다 ㅋㅋ이마에 칼이 꼿히거나, 함정에 빠지면 토스터 처럼 잘려나가고거미한테 물리면 눈알이 터지는등..좀 징그러운 부분이 있긴한데 그래도 너무너무 재밌습니다.만든 회사가Gamer's Edge, id Software 이니 대충 상상이 가시리라..</description>
  <category>DOS Games</category>
  <tag>게임,고전게임,위험한데이브2,도스</tag>
</item>