﻿<?xml version="1.0" encoding="utf-8"?>
<item>
  <title>[SMD] 세가 제네시스 2 세가 메가드라이브 SEGA GENESIS </title>
  <link>http://1959cadillac.blog.me/220046194961</link>
  <description>바로 전에 올렸던 1 모델에서 진보된 제네시스 2 입니다.디자인하며.. 정말 90년대 뺨을 치는군요 ㅎㅎ1993년에 나왔으니까.. 으읔.. 벌써..좀더 심플해진 모습을 볼수있습니다.넙적~하네요 ㅎㅎ뒤에는 단자가~SEGA CD 꼿는곳입니다.이젠 16 BIT 라고 크게 써있는 모습을 볼수가 읎네용 ㅠㅠ세가~ 안타깝게도 이버젼의 광고 찾기가 쉽지 않네요.. 전부다 오리지날 ㅠㅠ</description>
  <category>Genesis Games</category>
  <tag>게임,수집,세가,제네시스</tag>
</item>