﻿<?xml version="1.0" encoding="utf-8"?>
<item>
  <title>[1/64] 토미카 리미티드 빈티지 12대 구입</title>
  <link>http://1959cadillac.blog.me/220036702960</link>
  <description>또 충동 구매로..토미카 리미티드 빈티지 디피 고치다가 몇칸이 모자르길래..저번에 구입 못한것 까지 해서..샀는데 너무 비싸네요 ㅠㅠ아니 12대 밖에 구매 안했는데 무슨 오토아트 시그네쳐 보다 비싸면 우짜라는거임 ㅠㅠ딜러도 없어져가지고 흑흑 ㅠㅠ그래도 속 시원합니다 ㅎㅎ 꾸준히 사서 모으기는 하네용 ^^즐거운 주말 보내세요~</description>
  <category>Tomica Vintage</category>
  <tag>자동차,토미카,다이캐스트,미니카,수집,취미,빈티지</tag>
</item>