﻿<?xml version="1.0" encoding="utf-8"?>
<item>
  <title>[DOS] 고인돌 게임 Prehistorik 1991년 고전게임</title>
  <link>http://1959cadillac.blog.me/220058902716</link>
  <description>고인돌 게임은 진짜 모르는 사람이 없을듯 합니다.요즘 애들 빼고 ㅎㅎ정품은 아니지만 ㅠㅠ익숙하죠?겁나 패버리짓언제나 맛잇어 보이는 만화 고기 ㅎㅎ언제 해도 재밌습니다.산신령 할아범 찾기 ㅎㅎ리서치 해보니 그렇게 많은 버젼으로 나오진 않았고아미가, MS-DOS 이렇게 릴리즈 나왔군요 ㅎㅎ추억의 고전 게임입니다~</description>
  <category>DOS Games</category>
  <tag>게임</tag>
</item>