﻿<?xml version="1.0" encoding="utf-8"?>
<item>
  <title>[NES] 고스트버스터즈 GHOSTBUSTERS 닌텐도</title>
  <link>http://1959cadillac.blog.me/220035603739</link>
  <description>으... 영화는 정말 재밌지만..게임은 진짜 진짜 ㅠㅠ 너무 너무 힘듭니다 ㅠㅠ구리기도 하구요..넣습니다..으헝ㅎ헝헝뭐하는거지..귀신을 잡을려면 뭘 사야합니다..운전하다가 기름 없어짐.. 뭐 이런..짜증나서 확 ㅋㅋㅋㅋㅋ
AVGN 이 제대로 리뷰 한적이 있습니다..공감 백퍼 ㅠㅠ</description>
  <category>NES Games</category>
  <tag>게임,고전게임,닌텐도,고스트버스터즈,AVGN</tag>
</item>