﻿<?xml version="1.0" encoding="utf-8"?>
<item>
  <title>[PC] IBM 5150</title>
  <link>http://1959cadillac.blog.me/220043525112</link>
  <description>점점미쳐갑니다.IBM의첫PC.IBM5150입니다.처음구입한녀석은XT으로,5160이었는데,값어치나히스토리를생각할때5150이더욱더매력적입니다.물론퍼포먼스는저질수준이지만요.이로써XT2대,51501대이렇게남았네요.5160한대는장터에올릴까생각중입니다.</description>
  <category>Pc</category>
  <tag />
</item>