﻿<?xml version="1.0" encoding="utf-8"?>
<item>
  <title>[판매] 다이캐스트 판매합니다.</title>
  <link>http://1959cadillac.blog.me/220041499877</link>
  <description>비밀덧글로 문의 주시기 바랍니다.비밀 덧글이 아닌 경우 답변없이 삭제 합니다.한국 계좌 있고, 한국 택배로 보낼 예정입니다.(사진 왼쪽 맨 밑 하얀박스는 코닉세그 검정색 입니다)감사합니다.다이캐스트는 계속 추가적으로 올릴 예정입니다.다른 콜렉터 물건을 받아서 파는게 아니라 제 개인 소장 콜렉션입니다.</description>
  <category>1/18 Diecast</category>
  <tag>취미</tag>
</item>