﻿<?xml version="1.0" encoding="utf-8"?>
<item>
  <title>마음이 가벼우니 차가 맑다</title>
  <link>http://charen.kr/220051585168</link>
  <description>내 나이 아직 젊다. 머뭇거릴 이유가 없다. 판단이 서니 마음이 가볍다. 마음이 가는 곳에 길이 있다.이무정산차를 우렸다. 맑고 깊다.월요일엔 이마트문화센터 인천검단점에서, 금요일엔 성수 본점에서 강의가 있었다. 성수점 강의가 끝난 후에 현장에서 몇 분 짧게 상담을 했다. 마지막으로 어떤 분이 오시길래 자세히 보니 우리 과 후배다. 아이가 벌써 초등학교 2학년이란다.월요일과 화요일에 술을 마시고, 수요일엔 일이 있어 잠을 세 시간밖에 못 잤다. 목요일 아침에 건강검진을 받았다. 좋은 결과는 기대하기 어려울 듯하다.목요일 밤, 어찌나 피곤했던지 퇴근 길 버스 안에서 꿀잠을 잤다. 집 근처 슈퍼에서 막걸리 한 병과 두부 한 모.......</description>
  <category>일상과단상(2014년)</category>
  <tag>취미,일상·생각</tag>
</item>