﻿<?xml version="1.0" encoding="utf-8"?>
<item>
  <title>[1/18] 1980년 포르쉐 Porsche 935 K3 #71 LeMans 다이캐스트 모형 </title>
  <link>http://1959cadillac.blog.me/220034892480</link>
  <description>처음으로 구매한.. (다이캐스트로) TSM 모델 입니다.오래전 부터 눈독 들이던 모델인데, 이베이에서 생각보다 싼 값에 나온..(제 생각에는 하두 안팔려서 그런듯)으..이런 레이싱 모델은 잘 안 구매하지만.. 구매한 이유는 따로 있습니다 ㅎㅎ이 트루 스케일 모델 보다..엑소토 포르쉐가 더욱더 이쁘고 정교하지만.. 저는 한대도 없으므로..제 오랜 이웃 블로거이신 Auto Union님 블로그 가셔서 구경하시면 됩니다.http://blog.naver.com/dktk38317엄청나십니다 항상 볼때마다 ㅠㅠ 저 처럼 막 구매하는 이상한 콜렉터가 아니신,음.. 그냥 블로그 방문하시면 딱 아십니다 ㅎㅎ일단 내용물 부터..카드도 막 주네요..2700? 번호가 원래 이렇게 다 주.......</description>
  <category>1/18 Diecast</category>
  <tag>취미,애플,빈티지,모형,다이캐스트,포르쉐,수집,트루스케일</tag>
</item>