﻿<?xml version="1.0" encoding="utf-8"?>
<item>
  <title>[콜렉션] 현재 방 상황 빈티지 컴퓨터</title>
  <link>http://1959cadillac.blog.me/220047713656</link>
  <description>다이캐스트를 전부 들어내고.. 정리하고.. 박스에 다 넣고..미안하다 내 모형들 ㅠㅠ컴퓨터가 더 좋아짐 ㅎㅎ이번에 구매한 IBM 5151 모니터 입니다. (모노크롬 초록색)5150 에 연결하는데 허큘러스, MDA 카드가 없어서 3RD 파티 CGA카드로 딥스위치 등등 삽질한 결과아주 만족스럽게 나오네요.모니터도 작고 너무 이쁩니다.아이맥은 뭐.. 뒷전입니다 요즘 ㅠㅠ플라피 디스크 고장으로 판명된 멍청한 IBM PC JR.IBM 이 아들을 잘못 낳은거 같아요.수리 모드..가끔씩 NES, MSX 도 돌려줍니다.. 가끔씩...ㅠㅠ 미안..이번에 판매 계획인 5160 XT 와 애플 2e..배송이 제일 걱정이네요.요즘 이러고 살고 있습니다~</description>
  <category>Collection</category>
  <tag>취미,방,콜렉션</tag>
</item>