﻿<?xml version="1.0" encoding="utf-8"?>
<item>
  <title>종일 차만 축내다</title>
  <link>http://charen.kr/220045148947</link>
  <description>마음을 비워 공정하게 살펴야 시비의 참됨을 따질 수 있다. 허심공관(虛心公觀)의 태도는 어디 가고 당동벌이(黨同伐異)의 졸렬함만 남아 있는지 모르겠다. 눈앞에서 벌어지는 당동벌이의 광경이 나를 슬프게 한다. 최근 내가 괴로운 까닭은 바로 이 때문이다.가족과 함께하는 주말이 좋다. 딸은 시험 공부를, 나는 이 생각 저 생각하며 종일 차를 축냈다. 왼쪽은 2005년 천순상에서 만든 무량산 야생보이차, 오른쪽은 진미다원에서 만든 2013년 겨울 대만 전통오룡.아내가 나더러 아르바이트를 하란다. 딸에게 독서논술을 지도하면 주1회 기준 월 10만원을 준단다. 나쁘지 않은 제안이다.점심을 급하게 먹었더니 속이 더부룩했다. 과식에 속이 부.......</description>
  <category>일상과단상(2014년)</category>
  <tag>취미,일상·생각</tag>
</item>