﻿<?xml version="1.0" encoding="utf-8"?>
<item>
  <title>[1/18] 람보르기니 아벤타도르 MR 99대 한정판 50주년 기념 레진 모형 LAMBORGHINI AVENTADOR 50TH ANNIVERSARY LIGHT MET BLUE</title>
  <link>http://1959cadillac.blog.me/220018643999</link>
  <description>구매한지 거의 1년만에 한번 제대로 사진 찍어서 올려보자.. 라고 생각하고 찍었습니다.하지만 제 실력은 여전히 휴..BBR 말고는 또 다른 매력이 있는 이 MR 모델!99대 한정판 이라고 말은 하지만금형은 허벌나게 쓴거 안단다!하지만 아..도색이 끝내줍니다.일단 아크릴 케이스에 담겨진 이 디피 모습이 너무 이쁩니다.매혹적이네요.슈퍼카 별로 안좋아하는데..이건 진짜 강력 추천 제품입니다.디피 냄새부터 틀립니다.황홀한 냄새하루 종일 맡으면 코피 나겠죠?그니까 비싸지 ^^ㅋ부라고도 이태리더만?ㅋㅋㅋㅋㅋㅋㅋ왜 비싼돈 주고 사는지 알겠습니다.그냥 뭐랄까..완전 틀립니다.50주년이라서 더욱더 라인이 살아보이는건지..앞 범퍼 때문에 그.......</description>
  <category>1/18 Diecast</category>
  <tag>레진,람보르기니,아벤타도르,50주년,99대,한정판,MR,취미,수집,모형</tag>
</item>