﻿<?xml version="1.0" encoding="utf-8"?>
<item>
  <title>[APPLE] 아이팟, 아이팟 터치 스테인리스 스크래치를 없애보자! AUTOSOL METAL POLISH</title>
  <link>http://1959cadillac.blog.me/220022093365</link>
  <description>아이팟 아이팟 아이팟..언제봐도 이쁘고 사랑스러운 애플의 멋진 MP3 플레이어..하지만 간지를 위해서라면 무조껀 케이스 안쓰고 막 굴려씁니다. (적어도 전 그렇습니다.)하지만 세월이 흘러 흘러..예전에 쓰던 아이팟들을 꺼내보니 스크래치가 장난이 아니더군요.그래서..검색!엄청난 뒷북이지만..일단 이런 포럼을 찾았습니다.http://www.detailingworld.co.uk/forum/showthread.php?t=315474이 사진을 접한 저는 으아니!! 신세계구먼.. 해서..당장에 이베이에서 9불 주고 AUTOSOL METAL POLISH 를 구매하였습니다.중국에서 오느라고 2주정도 걸렸습니다.역시나.. 저는 허접한 놈이라서 BEFORE &amp;amp; AFTER 사진이 없습니다.직접해본 결과로는.......</description>
  <category>Mac</category>
  <tag>아이팟,스크래치,메탈,오토솔,크롬,스테인레스,애플</tag>
</item>