﻿<?xml version="1.0" encoding="utf-8"?>
<item>
  <title>[1/18] 1953년 파이어버드 1 컨셉 General Motors Firebird 1 TSM 레진 모형</title>
  <link>http://1959cadillac.blog.me/220027810598</link>
  <description>이제 다이캐스트 사지말자 말자 말자.. 다짐했는데..결국 구매해버린.. 다이캐스트는 아니군요 ㅋㅋ 또 레진 ㅋㅋ트루 스케일 모델 사의 파이어버드 1 컨셉 입니다.TSM 모델은 어벤져스 NSX 만들면서 더 유명해졌죠~아.. 근데 캐딜락님 ㅋㅋ 비행기도 좋아하시나봐요? ㅋㅋ아닙니다.. 아닙니다..흥미로운 자동차라서 구매했습니다 ㅠㅠ 사실.. 가격이 좋아성 ㅎㅎTSM의 스티로폼은 처음 만져봤는데..제가 세상에서 제일 싫어하는 OTTO 기억 하시나요?그러니까..오또 모델은 스티로폼이 만지면 부서지거 난리가 났다면이놈은 그냥 거칩니다..무쟈게 거칠어요..무를 갈아도 됩니다.그리고.. 정말 ㅠㅠ모델 안꺼내지는 줄 알았습니다 ㅠㅠ영원히 못.......</description>
  <category>1/18 Diecast</category>
  <tag>취미,레진,트루스케일모델,모형,수집</tag>
</item>