﻿<?xml version="1.0" encoding="utf-8"?>
<item>
  <title>[1/??] GMC 스쿨버스 SCHOOL BUS 매치박스 다이캐스트 모형</title>
  <link>http://1959cadillac.blog.me/220019654180</link>
  <description>디테일이 약간 아쉬운 매치박스의 스쿨 버스입니다.뒤족 전체가 플라스틱이라서 좀 그렇지만..앞에 좀 칠해주지 ^^;옆에 스쿨버스모양이 그대로 있습니다.아주 디테일 하네요..미국에서는 이 버스 말고 인터네셔널이라고 엄청 긴 스쿨 버스가 있는데위에 GMC 는 스쿨버스도 있긴 하지만 장애인용도가 은근히 더 많아 보입니다.뒤에 비상문도 있습니다.스케일이 무엇일지 ㅠㅠ64라고 하기엔 좀 크네용..휴.. 그래도 다 플라스틱이 아닌게 어딘지 ㅎㅎ헤드라이트 디테일 업하면 아주 이쁠듯 합니다 ^^</description>
  <category>Matchbox</category>
  <tag>스쿨버스,매치박스,다이캐스트,모형,취미,수집</tag>
</item>