﻿<?xml version="1.0" encoding="utf-8"?>
<item>
  <title>[레고] 미니 쿠퍼 레고 #10242</title>
  <link>http://1959cadillac.blog.me/220020691831</link>
  <description>완소 아이템!!!이번 8월에 출시 예정인 레고 미니 입니다!으악!! 너무 귀엽잖아요!어쩜 이렇게 표현을 잘해주었는지..마이크로 버스도 아직 구매 안했는데 킁 ㅠㅠ같이 디피하면 환상일거 같습니다.레고 같으면서 아닌 ㄷㄷ열리고?접히고?!핸들 보세요.. 아 너무 귀엽다..기어스틱은 약간 지팡이 같네요 ㅋㅋ우드 트림 ㄷㄷ전 이게 대박인거 같습니다..허얼..이거이거..대 박...ㅠㅠㅠㅠㅠㅠ 완전 대박 ㅠㅠ얼마나 낭만적일까요..박스입니다.1077 PCS 라니..너무 이쁘지 않나요?이번에 보니까 엑토1도 만들었던데..이건 키덜트도 뻑가지만애들은 환장할듯 ㅠㅠ!출처 : http://www.roadandtrack.com/go/car-culture/new-lego-classic-mini-cooper-.......</description>
  <category>Today</category>
  <tag>모형,수집,취미,레고,미니,쿠퍼</tag>
</item>