﻿<?xml version="1.0" encoding="utf-8"?>
<item>
  <title>[삽화] 영화에 나온 자동차를 포스터로!</title>
  <link>http://1959cadillac.blog.me/220020818712</link>
  <description>영화에서 나온 차량들을 삽화로 포스터 형식으로 만든 작품들 입니다.아이디어가 짱이네요.자동차 좋아하시는분, 영화 좋아하시는분들한테는 최고가 아닐까 싶습니다.맨위에부터1984년 고스트버스터즈 에서 나온 1959년 캐딜락 엠뷸런스 입니다.1967년 BONNIE &amp;amp; CLYDE 에서 나온 1934년 포드 V8 입니다.설명이 따로 필요있습니까 ㅋㅋ1985년 백 투 더 퓨쳐 에서 나온 1981년 드로리언 DMC 12 !정말 정말 재밌게 본데쓰 프루프!2007년 영화였죠.. 1971 년 쉐비 노바 입니다.정말 즐겁게 봤던 드라이브!2011년 에 나온 DRIVE 에서 주인공의 애마 1973년 시보레 쉐벨 말리부 입니다.1997년 GATTACA 에서 나온 1965년 시트로엥 DS 카브리올렛 입.......</description>
  <category>Today</category>
  <tag>포스터,삽화,자동차,영화</tag>
</item>