﻿<?xml version="1.0" encoding="utf-8"?>
<item>
  <title>[1/62] 1986년 볼보 760 VOLVO 매치박스 다이캐스트 모형</title>
  <link>http://1959cadillac.blog.me/220017898858</link>
  <description>각의 정점인거 같네요.1/18로 만들어 주었으면 하는 볼보 760 입니다.매치박스에서 정확하게 64스케일은 아니지만 아쉽게 62스케일 ㅋㅋ세월의 흔적이 약간 보이네요.그래도 앞에 칠도 ㅎㅎ 크흐..자세히보면 80년대 마세라티 보는거 같기도 하네요 ^^완전 무슨 치킨과 같이 먹는 무 같이 생겻습니다~촛점이 잘 안맞았네요 ㅠㅠ정말 정말 묵직합니다 ^^ㅋ도어 열림 기믹까지~너무 이쁩니다.1986년..1984년부터 1992년까지 만든 740입니다.각 각 각~ 각이 짱이야~</description>
  <category>Matchbox</category>
  <tag>취미,매치박스,다이캐스트,볼보,760,모형,1986</tag>
</item>