﻿<?xml version="1.0" encoding="utf-8"?>
<item>
  <title>[네이버] 2013 파워 블로그 기념품</title>
  <link>http://1959cadillac.blog.me/220020961163</link>
  <description>오늘 Fedex 에서 큰 박스로 제 이름으로 박스가 도착했습니다.엥.. 나 이제 지른거 없는데.. 게다가 express로 왜오지..아.. NHN 이라는 곳에서 왔길래 순간 미소가 돌았습니다.박스안에 또다른 박스가 있어서 열어보니아이고 안녕하세요제질이 참 희한했습니다.미국에서는 이런 고급스러운? 재질의 종이를 잘 안써서..오픈하면기념패?땡큐 카드, 기프트 카드, 만년필, 그리고 리필통 2개우선 만년필..제 아이디가 각인이 되어있습니다.왜 파란색 부터 넣어준거지 ㅡㅡ이런 느낌입니다.그리고 20만원 마일리지..아이핀 머시기인가.. 여하튼.. 미국에 사는 저로써는쓸수가 없습니다.다른 사람 주고 싶어도 저 아니면 또 안된다고 하네요.은근히 노.......</description>
  <category>Today</category>
  <tag>네이버,블로그,파워블로그,기념품</tag>
</item>