﻿<?xml version="1.0" encoding="utf-8"?>
<item>
  <title>[PC] 테스트 드라이브 오프로드 3 TEST DRIVE OFF-ROAD 3</title>
  <link>http://1959cadillac.blog.me/220012692654</link>
  <description>테스트 드라이브 시리즈.. 아..뭘해도 재미가 없는 테스트 드라이브 ㅠㅠ그나마 1,2은 재밌는데..3부터 왓더.. 하더니..오프로드까지는 뭐..기억도 안납니다;;얼마나 안팔렸으면미개봉 안한 제품을 한 4불? 주고 산거 같습니다.거대한 7.88전의 압박이 전해지네요.너거 게임도 NO RULE ㅋㅋ박스가 의외로 작아서 놀랬습니다.안에 든것도 별로 없는거 같더라구요.플레이스테이션, 윈도우, 게임보이로 나왔네요. </description>
  <category>Windows Games</category>
  <tag />
</item>