﻿<?xml version="1.0" encoding="utf-8"?>
<item>
  <title>[책] 재미있는 컴퓨터 교실 최신 학습 과학 만화 1993년</title>
  <link>http://1959cadillac.blog.me/220003087922</link>
  <description>ㅎㅎ 요즘 빈티지 컴퓨터에 푹 빠져있어서이번에는 도서를 소개할까 합니다.이 책만 있으면 컴퓨터 박사가 될 수 있겠죠?재미있는 컴퓨터 교실입니다.삼성미디어 출판입니다.오옷! 컴퓨터의 역사부터 컴퓨터와 미래 사회 까지!만화라서 보기도 쉽고 이해하기 좋습니다.이놈! 대체 이걸 어디서 훔쳐왔지?개한테 왜그러냐 너옳아, 누군가 못쓰게 된 컴퓨터를 버린 게로구나!헉... 막 버리다니 ㅠㅠ엠에스엑스라고요?헉... 골드스타.. 아.. 죽여줍니다...가지고 싶당 ㅠㅠ아아닛!! 계산도 해주다니..바로 실천해봅니다.정답이 나왔습니다!PRINT 36 + 26 * 3/293이라고 답이 나왔는데..혹시나 잘못해서 계속 해보는데.. 이잉?이번엔 좀 더 어려운것으.......</description>
  <category>Vintage Stuff</category>
  <tag>책,만화책,빈티지,컴퓨터,최신학습,삼성미디어</tag>
</item>