﻿<?xml version="1.0" encoding="utf-8"?>
<item>
  <title>[1/18] 포르쉐 356B 2000 GS CARRERA 2 GT SPIRIT 레진 모형 PORSCHE 1000대 한정판</title>
  <link>http://1959cadillac.blog.me/220015138030</link>
  <description>드디어 포르쉐 중 제가 정말 좋아하는 356b 녀석이 제대로는 아니지만1/18 레진으로 깔끔하게 나와주었습니다.신상 회사는 아니지만 OTTO 와 같은 계열사므로유명한 하자 회사라서 굉장히 구매를 두려워했는데,이렇게 깔끔하게 뽑아주니 기분이 너무 좋네요.사진 밝기를 잘못 설정해서어떤건 밝고 어떤건 어둡네요 ㅡㅡ;이 포르쉐 하면 떠오르는것들.1. 부라고2. 부라고3. 니드 포 스피드 포르쉐 20004. 교쇼~슈코5. 부라고똘망똘망 한것이 아주 귀엽습니다.아.. 곡선 죽여줍니다..디테일 하나하나 잘 살려주었고..특히 번호판이 무지 마음에 드네요.에칭도 아주 좋구요!실차로는1948년부터 1965년까지 만들었습니다.여러가지 바리에이션이 있으.......</description>
  <category>1/18 Diecast</category>
  <tag>취미,포르쉐,카레라,356,레진,모형,수집</tag>
</item>