﻿<?xml version="1.0" encoding="utf-8"?>
<item>
  <title>[1/18] 5월 다이캐스트 구매</title>
  <link>http://1959cadillac.blog.me/220003780147</link>
  <description>갑작스럽게 제가 생각도 못한 모델이 나와서 덥썩 질러버린이번 5월의 다이캐스트 구매입니다.과속, 파킹, 신호위반 3개 컴비네이션으로 티켓을 걸린 5월달이기도 하네요.내가 죽일놈이지...이번에 구입한 내역은GT Spirit Porsche 356 B Carrera 2 1962NEO SCALE MODELS - CADILLAC - SERIES-62 COUPE SEDANET 1949Kyosho Rolls Royce Ghost 2011 silverMinichamps Porsche 911 (991) Turbo S 2013Auto Art Volvo 850 R 1996입니다.볼보는 구매대행으로 ㅋㅋ 제것이 아닙니다.GT Spirit박스를 보고 좀 놀랐습니다.오또모빌이라는것은 알지만 똑같아서.. 헉헉헉..... 또 날..그전에.. 점심을 먹어야겟습니다 ㅋㅋ꼴에 샐러드 먹었는데맥도날드 샐.......</description>
  <category>1/18 Diecast</category>
  <tag>취미,다이캐스트</tag>
</item>