﻿<?xml version="1.0" encoding="utf-8"?>
<item>
  <title>[PC] IBM PC JR 피씨 쥬니어 치클릿 키보드 IBM PCjr Original Chiclet keyboard</title>
  <link>http://1959cadillac.blog.me/220009977758</link>
  <description>어렵게 구한?음.. 다행이도 이베이에서 PC JR 콜렉터와 이야기를 몇번 나누고..사이드카, 키보드 등등 다른거와 구매하면서정말 싸게 구입한 녀석입니다.IBM PC JR 하면 오리지날 로 나온 치클릿 키보드가 짱!하지만 정말 구려서 다른 키보드로 대체가 되었죠.그래도 망함 ㅎㅎ정말 이쁩니다.무슨 이빨을 몽땅 뽑아서 나열한 느낌..혹은 틱텍 같네요.이쁘긴하지만키감이 정말.. 정말.. 정말..휴..치클릿 키보드가 망하자 빨리 리바이스 되서 나온 2번째 키보드.애석하게도 2개나 있습니다.관심 있으시면 팔 의향 있습니다 ㅠㅠ이것도 보시고 오! 완전 딸각거릴거 같은 느낌! 이지만전 혀 아닙니다.음.. 키감이 뭐랄까..눅눅하다고 해야하나요?꼴.......</description>
  <category>Pc</category>
  <tag>IBM,컴퓨터,피씨,쥬니어,PC,JR,치클릿,키보드,취미,수집</tag>
</item>