﻿<?xml version="1.0" encoding="utf-8"?>
<item>
  <title>[실차] 람보르기니 아벤타도르 한테 돌을 던져 보자</title>
  <link>http://1959cadillac.blog.me/220015923636</link>
  <description>이 동영상을 보고 난 네티즌들의 의견이 정말 다릅니다.어떤 사람은 저 놈 미친놈이네 하는 사람이 있는가 하면무슨 사연이 있어서 그렇다고 하는데..여러분이 차주라면 ㄷㄷ 어떨까요..소리가 정말 알찹니다.아 람보르기니의 엔진음이 아니고 창문깨지는소리요 ㅋㅋㅋ무섭네요 ㅠㅠ </description>
  <category>Today</category>
  <tag>뉴스,비디오,람보르기니,아벤타도르</tag>
</item>