﻿<?xml version="1.0" encoding="utf-8"?>
<item>
  <title>소굴대신(小屈大申)을 생각한다</title>
  <link>http://charen.kr/220044223004</link>
  <description>참 오랜만에 새벽까지 술을 마셨다. 어제 낮에 몹시 불쾌한 일이 있었다. 전형적인 수정장점(隨定粧點)을 보았다. 다행히 좋은 사람들과 불금을 보내며 분노를 삼켰다. 언짢은 마음에 한 잔, 그러나 기분이 좋아 한 잔 또 한 잔, 아름다운 사람들과 밤 늦도록 유쾌하게 마셨다. 약간의 두통과 피로가 남았으나 후회는 없다.여름에 거의 손이 가지 않는 숙병(熟餠)을 우렸다. 숙취엔 따뜻한 숙차가 좋다. 1999년 맹해차창에서 교목으로 만든, 나이도 태생도 꽤 괜찮은 녀석이다.마셔도 마셔도 끝이 없고 아무리 마셔도 속이 부대끼지 않는다. 술 마신 다음 날엔 숙차(熟茶)가 답이다.아내가 나더러 물값을 내란다. 주말이면 딸과 마주 앉아 종일 홀.......</description>
  <category>일상과단상(2014년)</category>
  <tag>취미,일상·생각</tag>
</item>