﻿<?xml version="1.0" encoding="utf-8"?>
<item>
  <title>[NES] Snake Rattle 'n' Roll</title>
  <link>http://1959cadillac.blog.me/220012069283</link>
  <description>NES 게임들 찍은 사진이 다 날라가서초심으로 돌아가는 마음으로 하나씩 다시 찍어봅니다.이번에 올리는 NES 게임은Snake Rattle 'n' Roll 입니다.3D 느낌이 많이 나는 게임입니다 ㅎㅎ1990년 7월에 나왔습니다.음악도 좋습니다.카트리지를 제대로 클리닝 안하면 이렇게 끔찍하게 ㅋㅋ다시 훅훅 불어서 제대로 나오게 했습니다.2명도 할수있는 게임.처음에는 뱀 대가리? 부터 시작해서 점점 몸무게를 키우는 게임입니다 ㅋㅋ이름이 뜨는군요!말 그대로Snake Rattle 'n' Roll 입니다 ㅋㅋ</description>
  <category>NES Games</category>
  <tag>닌텐도,게임,고전게임,취미,수집</tag>
</item>