﻿<?xml version="1.0" encoding="utf-8"?>
<item>
  <title>[1/18] 신제품 다이캐스트 레진 BoS Models</title>
  <link>http://1959cadillac.blog.me/220004670977</link>
  <description>BoS Models 에서 새로 나온 레진들이 많네요.제가 구입할? ㅋㅋ 리스트만 한번 올려봅니다.BoS 모델에서 이쁜 모델 조금 있던데..쩝..이건 닥치고 구입..이것도 닥치고 구입 ㅎㅎㅎ이 녀석 기대되네용 ㅠㅠ진짜 기대되는 녀석 ;;미챔에서 레진 꽤 뽑아주는데..전부 구하기가 쉽지가 않고..비싸기만하네요 ㅠㅠcmc 부가티도 사야하는뎅~</description>
  <category>1/18 Diecast</category>
  <tag>내돈</tag>
</item>