﻿<?xml version="1.0" encoding="utf-8"?>
<item>
  <title>[PC] 시발 원숭이의 모험 1,2 고전제임</title>
  <link>http://1959cadillac.blog.me/220015791126</link>
  <description>오래전에 즐겁게 했던 추억이 살아나서.. 파일을 구해봤습니다.그래도 꽤 고사양을 원하는 게임이라486으로 돌려봅니다.추억의 MDIR 에서 시발1,2로 폴더를 만들어주었습니다.아~ 정말 배경 음악 끝내줍니다~ 흥이 절로~1편은 좀 힘든게 스페이스 바를 연타를 해야합니다.무슨 게임이냐고 물으실까봐..그냥 원숭이가 비행기 타고 다른 원숭이를 죽이는 게임입니다.시발 2죽입니다이번에는 엔터키만 계속 누루고 있어도 됩니다.너무 재밌네요 오랫만에 하니까 ^^ㅋ3,4,5 까지 나왔다는데..저는 2 에서 멈췄네요 기억이.. </description>
  <category>DOS Games</category>
  <tag>게임,고전게임,국산,시발,원숭이의,모험,도스,컴퓨터</tag>
</item>