﻿<?xml version="1.0" encoding="utf-8"?>
<item>
  <title>빌보드차트 듣기(8월 30일 2014년 Billboard 100)</title>
  <link>http://kata555.blog.me/220101750685</link>
  <description> 
빌보드차트 듣기(8월 30일 2014년 Billboard 100)      빌보드차트 (8월 30일 2014년 Billboard 100)
빨간색은 강조곡 혹은 차트에 첫진입 곡이고요, RE는 재진입 곡이에요 ^^           &amp;lt;Billboard Hot 100 싱글 차트 TOP 10&amp;gt; #1: MAGIC! - Rude (Hot 100 포인트 7% 하락) - 6주째 1위- Radio Songs Chart: 2위 -&amp;gt; 2위 (161 million - 3% 하락)- Streaming Songs Chart: 2위 -&amp;gt; 4위 (7.7 million - 7% 상승)- Digital Songs Chart: 5위 -&amp;gt; 7위 (104,000 - 15% 하락)* 한 2주전에 예상하기론 Magic이 곧 1위가 끝날거라고 했는데 생각보다오래가고 있네요. 하지만 공.......</description>
  <category>빌보드차트 듣기</category>
  <tag>billboard,빌보드,빌보드차트,hot100</tag>
</item>