﻿<?xml version="1.0" encoding="utf-8"?>
<item>
  <title>[CD] 린킨파크 LINKIN PARK LIVE IN TEXAS </title>
  <link>http://1959cadillac.blog.me/220000048663</link>
  <description>한때 린킨파크 잠깐 좋아해서 ㅎㅎCD 까지 구입했었네요~근데 라이브라는점. ㅎㅎ;오래전.. CD ㅎㅎ그래도 라이브 DVD까지 포함입니다.관람등급 : 15세이용가지역코드 : 1 : 미국,캐나다녹화방식 : NTSC화면비율 : 1.33:1[수 록 곡]DISC 11. Don't Stay (1:26)2. Somewhere (3:08)3. Belong (3:34)4. Lying From You (3:35)5. Papercut (3:05)6. Points of Authority (3:23)7. Runaway (3:43)8. Faint (2:45)9. From the Inside (3:03)10. Figure 09 (3:49)11. With You (3:19)12. By Myself (5:37)13. P5HNG ME A*AY (5:44)14. Numb (3:28)15. Crawling (3:28)16. In the End (4:03)17. A Place for My Head (4:16)18. One Step Closer (6:51)19.......</description>
  <category>└ ROCK</category>
  <tag>CD,ROCK,린킨파크</tag>
</item>