﻿<?xml version="1.0" encoding="utf-8"?>
<item>
  <title>Demi Lovato (데미 로바토) Skyscraper 가사/해석/뮤비/자막</title>
  <link>http://kata555.blog.me/220101321847</link>
  <description> 
Demi Lovato (데미 로바토) Skyscraper 가사/해석/뮤비/자막
::Demi Lovato (데미 로바토)::     이번 영상은 Demi Lovato (데미 로바토)의 Skyscraper 입니다. 이곡은 2011년에 나왔던
그녀의 3번째 앨범 Unbroken의 수록곡으로 첫번째 싱글로 나왔던 곡이에요. 얼마전에 이곡
을 신청해주신 분이 계셔서 듣고 골라봤어요. 그동안 Demi의 곡을 몇 번 포스팅 했었는데 
이번 곡은 굉장히 차분하고 감성적인 곡인 것 같아서 인상적이네요.     
이곡을 쓴 에스토니아 출신의 가수 겸 작곡가 Keril이 말하길, 영화 아포칼립스에서 영감을
받았다고 해요. 세상이 파괴되고 빌딩이 붕괴된 가운데 하나의 건물.......</description>
  <category>▶Demi Lovato</category>
  <tag>DemiLovato,데미로바토</tag>
</item>