﻿<?xml version="1.0" encoding="utf-8"?>
<item>
  <title>[실차] V8 포르쉐 965??</title>
  <link>http://1959cadillac.blog.me/30190649376</link>
  <description>오늘 매거진 로드 엔 트랙 웹사이트에서 재밌는 기사를 봤습니다.아우디 V8 엔진을 달고 나온 포르쉐 965 라는 차가 있었다고 하더라구요.프로토 타입으로..유일한 V8 포르쉐 911 라고 합니다 ㅎㅎ 다른 포르쉐는 전부 플랫이죠..생긴거 부터 예사롭지가 않네요.. 1984년생이라고 합니다 ㅎㅎ동영상 한번 보세요! </description>
  <category>Cars</category>
  <tag>자동차,포르쉐</tag>
</item>