﻿<?xml version="1.0" encoding="utf-8"?>
<item>
  <title>Jessie J, Ariana Grande, Nicki Minaj - Bang Bang 가사/해석/뮤비/자막</title>
  <link>http://kata555.blog.me/220104628024</link>
  <description> 
Jessie J, Ariana Grande, Nicki Minaj - Bang Bang 가사/해석/뮤비/자막
::Jessie J, Ariana Grande, Nicki Minaj::     이번 영상은 Jessie J, Ariana Grande, Nicki Minaj이 함께한 Bang Bang 이에요. 다들 
너무나도 유명한 가수, 랩퍼이기때문에 설명은 필요 없겠죠~ 어쨌거나 이 셋 다 빌보드
싱글 차트 1위에 목마른 상태라 전략적인 제휴(?)가 필요했으리라 생각되네요.    
그래서셋 다 아직까지 넘버원 싱글이 없다는 점이 이 콜라보를 성사시키게 만든 요인이 
아닐까 싶어요~현재 차트에서도 8월 30일자 차트에서 10위로 올라왔고, 뮤비도 어제
공개되고 MTV VMA 2014에서 합동 공연을 했기 때.......</description>
  <category>▶Jessie J</category>
  <tag>JessieJ,ArianaGrande,NickiMinaj,제시제이,아리아나그란데,니키미나즈</tag>
</item>