﻿<?xml version="1.0" encoding="utf-8"?>
<item>
  <title>[PC] 맥스페인 MAX PAYNE</title>
  <link>http://1959cadillac.blog.me/220002145269</link>
  <description>이 게임만 보면조그만 트럭 다마스에서 게임 팔던 아저씨가 생각납니다.제 기억으로는 2002년이나 2001년.다마스에 게임을 잔뜩 깔고 파는 아저씨.아저씨 이거 얼마에요?만원 ㅋ오! 하나 주세요으잉? 복사시디?결국 저는 그 복사시디로 처음 맥스페인을 즐겼습니다.당시에 엄청난? 그래픽과.. 정말 짱짱짱인 게임 플레이,정확하게 이해할수 없었던 스토리지만, ( 아내 죽고 우와와와와와왕 복수모드)정말 재밌게 했었습니다.열지도 않은 새 박스를 구매를 하게 되었네요.1,2,3 다해봤지만3은 너무 쉬웠고 (나중에는 auto lock 때문에 다른게임을 못했다는..)2는 좀 기괴했었고..1이 짱임.목소리 또한 너무너무 좋았고.. 매트릭스 같은 영화 처럼.......</description>
  <category>Windows Games</category>
  <tag>게임,윈도우,맥스페인,수집,취미</tag>
</item>