﻿<?xml version="1.0" encoding="utf-8"?>
<item>
  <title>[SMD] 세가 제네시스 1 세가 메가드라이브 SEGA GENESIS</title>
  <link>http://1959cadillac.blog.me/220002974079</link>
  <description>아~ 세가 제네시스..한국에서는 메가 드라이브로 불리는..16비트의 최강 콘솔 입니다.1988년 일본에서 먼저 출시 되고, 1989년 미국에 출시 되었습니다.저때부터 비트 전쟁이 시작되었죠..게임 컨트롤이나 재미가 아닌 무조껀 그래픽만..뭐 광고의 효과니까 어쩔수 없지만 ㅎㅎ그래도 재밌는 게임이 많았습니다.세가의 전성기~크흐.. 섹쉬한 저 검정색 콘솔에..닌텐도에 빠진 애들은 저 세가 제네시를 보고 우왕 ~! 그래픽봐봐~응? 16 비트라고? 16 비트!!!!!!!???디자인도 참 이쁩니다.옆에 헤드폰을 위한 볼륨 컨트롤도 있고,리셋버튼, 그리고 파워 버튼이 있습니다.아 ㅋㅋ 16-BIT 만 보면 우리의 AVGN 이 생각나네요.It was black, it was ro.......</description>
  <category>Genesis Games</category>
  <tag>게임,수집,16비트,콘솔,게임기,빈티지,추억</tag>
</item>