﻿<?xml version="1.0" encoding="utf-8"?>
<item>
  <title>밀린 일기(6.16~6.22) 중국에서 온 손님들</title>
  <link>http://charen.kr/220044201965</link>
  <description>6월 16일 월요일중국에서 손님들이 오셨다. 명동을 걷고 청계천을 걷고 영풍문고에서 함께 책을 보며 이야기를 나누었다. 롯데백화점 면세점은 서있기 힘들 정도로 사람들이 많았고, 중국 손님들 덕에 태어나 처음으로 청계천을 걸었다. 매일 다니는 길이지만 청계천 위로만 걸어다녔지 한 번도 아래로 내려가보질 않았었다. 저녁에 호프집에서 한국 전통(!)의 치맥을 먹으며 하루 일정을 마무리했다. 중국 손님 중 한 분이 한국에서 꼭 먹어야 할 것 목록을 만들어 왔는데 치킨 역시 필수였다. 별그대의 힘은 참으로 크다.6월 18일 수요일중국 손님들을 모시고 서울국제도서전에 다녀왔다. 몇 해 전에 비해 눈에 띄게 행사 규모가 작아졌다. 우.......</description>
  <category>일상과단상(2014년)</category>
  <tag>취미,일상·생각</tag>
</item>