﻿<?xml version="1.0" encoding="utf-8"?>
<item>
  <title>Nicki Minaj (니키 미나즈) Anaconda 가사/해석/뮤비/자막</title>
  <link>http://kata555.blog.me/220105642718</link>
  <description> 
Nicki Minaj (니키 미나즈) Anaconda 가사/해석/뮤비/자막
::Nicki Minaj (니키 미나즈)::     
이번 영상은 Nicki Minaj (니키 미나즈)의 Anaconda 입니다. 이곡은 그녀의 앞으로 나올 
3번째 앨범 The Pinkiprint의 수록곡으로 2번째 싱글이에요. 8월 23일자 빌보드 싱글 차트
에서 19위로 핫샷데뷔한 이수 8월 30일자 차트에선 39위로 떨어졌었죠.    
   
하지만 걱정 할 필요가 없는게, 이곡 뮤비가 지난주 19일에 공개되고 나서 24시간 동안 
1950만이라는 조회수를 기록 하며 Miley Cyrus의 Wrecking Ball이 작년에 기록했던 1930만을
깼다고 하네요. 현재는 8100만 정도의 조회수네요.  어.......</description>
  <category>▶Nicki Minaj</category>
  <tag>NickiMinaj,니키미나즈</tag>
</item>