﻿<?xml version="1.0" encoding="utf-8"?>
<item>
  <title>MTV VMA 2014 (수상결과, 공연보기, 레드카펫)</title>
  <link>http://kata555.blog.me/220102955398</link>
  <description> 
MTV VMA 2014 (수상결과, 공연보기, 레드카펫)  매년 8월이면 다가오는 화려하고 큰 음악 시상식중에 하나 MTV Video Music Awards 2014가
오늘 캘리포니아에서 열렸네요. 미국시간으론 일요일 저녁이 되겠죠~ 특별히 이번엔 여자 컨트리
가수 Lucy Hale이 사회를 봤는데, 여성 호스트는 오랜만인 것 같아요~ 시상식 결과와 레드카펫
위주로만 확인한 상태라서 쇼가 어떤 분위기였을진 잘 모르겠는데 궁금하네요~ 
어제 빌보드차트 포스팅에서도 살짝 언급했었는데, 최다 부문 후보자가 Iggy Azalea와 Beyonce
였는데 뚜껑을 열어보니 Beyonce 승이네요. 무려 6개부문을 가져갔고, 그 외엔 골고루 상을 줬죠.
오히려 Iggy는 Ar.......</description>
  <category>♬ 시상식 공연</category>
  <tag>MTVVMA2014,mtvvideomusicawards2014,시상식</tag>
</item>