﻿<?xml version="1.0" encoding="utf-8"?>
<item>
  <title>Ariana Grande (아리아나 그란데) ft.Zedd - Break Free 가사/해석/뮤비/자막</title>
  <link>http://kata555.blog.me/220090665264</link>
  <description> 
Ariana Grande (아리아나 그란데) ft.Zedd - Break Free 가사/해석/뮤비/자막
::Ariana Grande (아리아나 그란데) ft.Zedd::     이번 영상은 Ariana Grande (아리아나 그란데)의 Break Free에요. 이곡은 앞으로나올
그녀의 2번째 정규앨범(8월 22일 예정)의 수록곡으로 2번째 싱글이에요. 현재 8월 16일자
빌보드 싱글 차트에서 18위에 랭크되어 있는데.      
사람들이 이 곡에 대한 기대보단, Nicki와 Jessie J 가 함께한 Bang Bang으로 첫 싱글 
1위에 대한 기대가 더 큰 것 같아요~~ 워낙 쟁쟁한 가수들의 콜라보라서~~ 18일날Bang
Bang의 뮤비가 나올거라고 하는데 그에 앞서 Break Free 뮤비가 먼.......</description>
  <category>▶Ariana Grande</category>
  <tag>ArianaGrande,아리아나그란데,zedd,제드</tag>
</item>