﻿<?xml version="1.0" encoding="utf-8"?>
<item>
  <title>빌보드차트 듣기(8월 16일 2014년 Billboard 100)</title>
  <link>http://kata555.blog.me/220087272873</link>
  <description> 
빌보드차트 듣기(8월 16일 2014년 Billboard 100)      빌보드차트 (8월 16일 2014년 Billboard 100)
빨간색은 새로진입곡 혹은 강조곡이고, RE는 재진입 곡이에요 ^^            
&amp;lt;Billboard Hot 100 싱글 차트 TOP 10&amp;gt; #1: MAGIC! - Rude (Hot 100 포인트 6% 하락)- Radio Songs Chart: 2위 -&amp;gt; 1위 (169.2 million)- Streaming Songs Chart: 2위 -&amp;gt; 2위 (8 million - 10% 하락)- Digital Songs Chart: 2위 -&amp;gt; 5위 (134,000 - 13% 하락)  
#2: Sam Smith - Stay With Me - Radio Songs Chart: 3위 -&amp;gt; 3위 (163 million - 6% 상승)- Streaming Songs Ch.......</description>
  <category>빌보드차트 듣기</category>
  <tag>빌보드,빌보드듣기,billboard,빌보드차트</tag>
</item>