﻿<?xml version="1.0" encoding="utf-8"?>
<item>
  <title>Nickelback (니켈백) How You Remind Me 가사/해석/뮤비/자막</title>
  <link>http://kata555.blog.me/220100036060</link>
  <description> 
Nickelback (니켈백) How You Remind Me 가사/해석/뮤비/자막
::Nickelback (니켈백)::      이번 영상은 Nickelback (니켈백)의 How You Remind Me 입니다. 이곡은 이들의 3번째 앨범
Silver Side Up의 수록곡으로 첫번째 싱글로 나왔던 곡이에요. 대표적인 히트곡이기도 하죠~
2001년도에 나오고 당시 락장르의 곡으로 빌보드 싱글차트에서 1위를 하기도 했었죠. 2000년
도 부터 2009년도 기간에 100만번 이상라디오에서나오면서, 가장 많이에어플레이된 곡으로
도 뽑혔다고 해요. 장르 불문하고2000년대를 대표할 수 있는 곡이라고 봐도 되겠죠 ㅎㅎ     이 노래가 1위를 했던 해(2001년)의 넘버원.......</description>
  <category>2000's New [ROCK</category>
  <tag>Nickelback,니켈백</tag>
</item>