﻿<?xml version="1.0" encoding="utf-8"?>
<item>
  <title>밀린 일기(6.8~6.15) 기타 줄이 끊어질 듯한 느낌</title>
  <link>http://charen.kr/220044154175</link>
  <description>6월 8일 일요일어제 중국에서 돌아올 때 집에 보관해둔 차를 좀 챙겨왔다. 가방에 가득 넣어왔는데 풀어보니 얼마 되지 않는다. 가족이 모두 한국에 있으니 이제 물건들을 중국에 둘 필요가 없다. 갈 때마다 조금씩 덜어와야겠다.6월이어서 그런지 중1 딸에게 학교에서 수행 과제로 &amp;lt;통일 글짓기&amp;gt; 과제가 나왔다. 글쓰기는 둘째 치고 아직 역사 지식이 부족한 딸에게 분단 전후 역사에 대해 설명했다. 알아가면서 쓰려니 이 과제 하나만 하루 종일 잡고 있다. 이런 영혼 없는 과제에 대해 불만이 많지만 이왕 해야 할 것이라면 아이가 조금씩 역사적 지식을 쌓을 수 있는 기회로 삼아야겠다.글을 쓰며 01년 하관포병을 나누어 마신다.6월 1.......</description>
  <category>일상과단상(2014년)</category>
  <tag>취미,일상·생각</tag>
</item>