﻿<?xml version="1.0" encoding="utf-8"?>
<item>
  <title>Iggy Azalea (이기 아잘레아) ft. Rita Ora - Black Widow 가사/해석/뮤비/자막</title>
  <link>http://kata555.blog.me/220092822005</link>
  <description> 
Iggy Azalea (이기 아잘레아) ft. Rita Ora - Black Widow 가사/해석/뮤비/자막
::Iggy Azalea (이기 아잘레아) ft. Rita Ora::     이번 영상은 Iggy Azalea (이기 아잘레아)의 Black Widow 입니다. 이곡은 그녀의 데뷔
앨범 The New Classic의 수록곡으로 5번째 싱글이에요. Fancy의 엄청난 성공 후에 나오는
후속작이라서 많은 관심이 쏟아진 것 같아요. 현재 빌보드 싱글 차트에서도 쭉쭉 올라오고
있어서 8월 16일자 차트에 19위에 랭크되었네요. 그리고 뮤비는 바로 어제 공개되었고요~
앞으로 더 높은 성적 기대해 봐도 좋을 것 같아요~      이번 곡은 힙합의 하위 장르인 Trap의 사운드를 들려주.......</description>
  <category>2000's New [힙합]</category>
  <tag>IggyAzalea,이기아잘레아,RitaOra,리타오라</tag>
</item>