﻿<?xml version="1.0" encoding="utf-8"?>
<item>
  <title>'안녕, 헤이즐' OST, 시사회 후기</title>
  <link>http://kata555.blog.me/220086452536</link>
  <description> 
'안녕, 헤이즐' OST, 시사회 후기     한 2달 전에 Charli XCX의 Boom Clap을 통해서 이 영화를 알게 되었죠. 사실 원래 제목은
The Fault In Our Stars (잘못은 우리별에 있네)로 미국에서 개봉했는데, 제목이 너무 길어서
인지 우리나라에서는 '안녕, 헤이즐'이라는 이름으로 나왔어요. 개인적으로 바뀐 제목이 더
깔끔하게 쉬워서 좋은 것 같아요 ㅎㅎ  어쨌든 지난주에 시사회에 갔다 왔는데, 우리나라 정식개봉은 8월 13일 다음주 수요일이에요.
영화의 내용은 십대들의 이야기이지만, 평범하지 않은 상황 속에 놓여 있는 이들이죠~ 암에 
걸려 일상을 살아가는 이들의 이야기로, 일반적으로 우리가 생각했을.......</description>
  <category>새로운 음반소식</category>
  <tag>안녕,헤이즐</tag>
</item>