﻿<?xml version="1.0" encoding="utf-8"?>
<item>
  <title>Taylor Swift (테일러 스위프트) Shake It Off 가사/해석/뮤비/자막</title>
  <link>http://kata555.blog.me/220096576612</link>
  <description> 
Taylor Swift (테일러 스위프트) Shake It Off 가사/해석/뮤비/자막
::Taylor Swift (테일러 스위프트)::     이번 영상은 Taylor Swift (테일러 스위프트)의 Shake It Off 입니다. 이곡은 앞으로 나올 그녀의
5번째 앨범'1989'의 수록곡으로 첫싱글이에요. 며칠 전 부터 Taylor 신곡 나온다고 말씀해주신
분들이 계셨는데 싱글공개와 함께 뮤비도 바로 나왔네요. 새앨범은 올 10월 27일로 날짜가 정해
졌네요.  이곡은 역시 예전에도 함께 같이 작업했던이들인 Max Martin, Shellback이프로듀서로 참여
하고 Taylor와 함께 곡도썼어요. 이젠 컨트리의 영향권에서 거의 사라졌다고 봐도 되는 사운드
를 들려주는데지.......</description>
  <category>▶Taylor Swift</category>
  <tag>TaylorSwift,테일러스위프트</tag>
</item>