﻿<?xml version="1.0" encoding="utf-8"?>
<item>
  <title>David Guetta (데이비드 게타) ft.Sam Martin - Lovers On The Sun 가사/해석/뮤비/자막</title>
  <link>http://kata555.blog.me/220093624054</link>
  <description> 
David Guetta (데이비드 게타) ft.Sam Martin - Lovers On The Sun 가사/해석/뮤비/자막
::David Guetta (데이비드 게타) ft.Sam Martin::     이번 영상은 David Guetta (데이비드 게타)의 Lovers On The Sun 입니다. 이곡은 얼마전에
나왔던 그의 EP앨범 Lovers On The Sun의 수록곡이에요. 보컬 피쳐링은 미국 출신의 싱어
송라이터 Sam Martin이 참여했네요. 뮤비가 며칠 전에 나왔는데, 신청해주신 분이 계셔서
들어보고 좋아서 골라봤어요 ^^     
한 2년 전만해도 일렉트로니카 하면 Guetta란 이름이 독보적이었던 것 같은데 (물론 그쪽
장르를 집중적으로 들으시는 분들을 제외하고) 요즘엔 확실.......</description>
  <category>▶David Guetta</category>
  <tag>DavidGuetta,데이비드게타,sammartin,샘마틴</tag>
</item>