﻿<?xml version="1.0" encoding="utf-8"?>
<item>
  <title>INNA(이나) ft.Pitbull - Good Time 가사/해석/뮤비/자막</title>
  <link>http://kata555.blog.me/220089354633</link>
  <description> 
INNA(이나) ft.Pitbull - Good Time 가사/해석/뮤비/자막
::INNA(이나) ft. Pitbull::     이번 영상은INNA(이나)의 Good Time 입니다. 한 2년전에 INNA의 곡을한 번 포스팅 
했던 적이 있어서 혹시나 기억하시는 분들도 계실 수도 있겠지만, 그래도 아직 많이
알려진 이름은 아니라서모르시는 분들도좀 계실 것 같아요~루마니아 출신의 댄스 
가수로, 유럽을 위주로 활동을 해왔죠. 신인은 아니고 2009년도에 앨범을 내고 꾸준히
활동을 해왔는데 아직 강한 인상을 줄만한 히트곡이 없었죠. 어쨌든 잊고 있었는데,
며칠 전에 이곡 신청해주신 분이 계셔서 듣고 신나서 골라봤어요 ㅋㅋ     이곡은 앞으.......</description>
  <category>2000's New [POP]</category>
  <tag>INNA,이나,Pitbull</tag>
</item>