﻿<?xml version="1.0" encoding="utf-8"?>
<item>
  <title>Kimbra (킴브라) Miracle 가사/해석/뮤비/자막 </title>
  <link>http://kata555.blog.me/220097733630</link>
  <description> 
Kimbra (킴브라) Miracle 가사/해석/뮤비/자막 
::Kimbra (킴브라)::     이번 영상은 Kimbra (킴브라)의 Miracle 입니다. 사실, 이가수를아시는 분들도 계실 것 같고
낯설게 느껴지실 수도 있는데~ 예전에 Gotye의 메가 히트곡 Somebody That I Used To Know
의 피쳐링 여가수였어요.뉴질랜드 출신의 가수로 Lorde랑 같은 출신이네요. 아무튼 개성있는 
보컬과스타일 때문에 한 번 보면 기억하실거에요 ㅎㅎ 
사실, 예전에그녀의 노래를 들었을 때사운드가 마이너적이고 난해하다라는 생각을 했었
는데, 그 기억 때문에 가까이 다가가기 어려운 가수다라는 선입견이 자리했었죠. 근데 최근
새앨범 발표를 앞두고 나.......</description>
  <category>2000's New [POP]</category>
  <tag>Kimbra,킴브라</tag>
</item>