﻿<?xml version="1.0" encoding="utf-8"?>
<item>
  <title>빌보드차트 듣기(8월 23일 2014년 Billboard 100)</title>
  <link>http://kata555.blog.me/220094378562</link>
  <description> 
빌보드차트 듣기(8월 23일 2014년 Billboard 100)      
빌보드차트 (8월 23일 2014년 Billboard 100)
빨간색은 강조곡 혹은 차트 새로 진입한 곡이에요. RE는 재진입 곡이구요 ^^            
&amp;lt;Billboard Hot 100 싱글 차트 TOP 10&amp;gt; #1: MAGIC! - Rude - Radio Songs Chart: 1위 -&amp;gt; 2위 (166 million - 2% 하락)- Streaming Songs Chart: 2위 -&amp;gt; 2위 (8.2 million - 2% 상승)- Digital Songs Chart: 5위 -&amp;gt; 5위 (122,000 - 8% 하락)* 지난주에 곧 1위에서 내려갈 것으로 예상했는데, 내용을 보니깐살짝 하락 (거의 유지)을 했어요. 하부 차트를 보면 2,2,5위로.......</description>
  <category>빌보드차트 듣기</category>
  <tag>빌보드,billboard,빌보드듣기,빌보드차트</tag>
</item>