﻿<?xml version="1.0" encoding="utf-8"?>
<item>
  <title>Katy Perry (케이티 페리) This Is How We Do 가사/해석/뮤비/자막</title>
  <link>http://kata555.blog.me/220078656434</link>
  <description> 
Katy Perry (케이티 페리) This Is How We Do 가사/해석/뮤비/자막
::Katy Perry (케이티 페리)::     이번 영상은 Katy Perry (케이티 페리)의 This Is How We Do 입니다. 얼마전 그녀의 새싱글이
정해졌다고 들었는데, 드디어 뮤비가 나왔네요. 이곡은 작년에 나왔던 4번째 정규앨범 Prism의
수록곡으로 5번째 싱글이에요. 아직 빌보드 싱글 차트에는 진입하지 않았지만, 뮤비도 나오고
이제 조만간에 차트에서 볼 수 있지 않을까 싶어요.     미디엄 템포의 댄스 팝으로 약간 힙합의 느낌도 있고, 올드스쿨적인 분위기도 풍긴다는
평이 있네요. 클럽에서 흥겹게 춤추고 놀만한 비트는 아니지만 편하게.......</description>
  <category>▶Katy Perry</category>
  <tag>KatyPerry,케이티페리</tag>
</item>