﻿<?xml version="1.0" encoding="utf-8"?>
<item>
  <title>Kenny Chesney (케니 체스니) Shiftwork 가사/해석/뮤비/자막</title>
  <link>http://kata555.blog.me/220079528086</link>
  <description> 
Kenny Chesney (케니 체스니) Shiftwork 가사/해석/뮤비/자막
:: Kenny Chesney (케니 체스니) &amp;amp; George Strait ::     이번 영상은 Kenny Chesney (케니 체스니)의 Shiftwork 입니다. 이름이 생소하실 수도
있는데, 그는 90년대 초반부터 활동해오고 있는 컨트리 가수에요. 이곡은 그의 2007년에 
나왔던 12번째 정규앨범 Just Who I Am: Poets &amp;amp; Pirates의 수록곡으로 3번째 싱글이었어요.
특별히 선배 컨트리 가수 George Strait가 같이 듀엣으로 참여하기도 했죠.     우연히 이곡을 예전에 알게 되었는데, 평범한 사람들의 반복되는 지루한 일상을 소재로
담은게 오히려 특별해 보이는 것 같.......</description>
  <category>2000's New [POP]</category>
  <tag>KennyChesney,케니체스니,컨트리</tag>
</item>