﻿<?xml version="1.0" encoding="utf-8"?>
<item>
  <title>The Script (더 스크립트) Superheroes 가사/해석/뮤비/자막</title>
  <link>http://kata555.blog.me/220082385990</link>
  <description> 
The Script (더 스크립트) Superheroes 가사/해석/뮤비/자막
::The Script (더 스크립트)::     이번 영상은 The Script (더 스크립트)의Superheroes 입니다. 이곡은 이들의 4번째
정규앨범 No Sound Without Silence의 수록곡으로 첫번째 싱글이에요. 이미 지난 7월에
공개되어서 들어보신 분들도 계실 것 같아요. 또, 특별히 이곡을 신청해주신 분이 계셔서
때마침 오늘 뮤비가 공개되고 해서 골라봤죠 ^^     이들의 곡을 몇 번 들어보셨던 분들이라면 이번 곡도 친근할 것 같아요. 특별히 어떤 
사운드적인 변화를 꽤한 것 보다는 그들의 원래 색깔대로 안정적인미드템포의 팝 락을
들려주네요.이들.......</description>
  <category>2000's New [ROCK</category>
  <tag>TheScript,스크립트</tag>
</item>