﻿<?xml version="1.0" encoding="utf-8"?>
<item>
  <title>TGT (알앤비그룹) I Need 가사/해석/뮤비/자막</title>
  <link>http://kata555.blog.me/220077359189</link>
  <description> 
TGT (알앤비그룹) I Need 가사/해석/뮤비/자막
::TGT::
Tyrese, Ginuwine, Tank 이번 영상은 TGT의 I Need 입니다. 사실 이름이 좀 생소하실 수 있을 것 같은데, 알앤비 좀 
들으셨던 분들은 멤버 이름을 보시면 아실 것 같기도 해요. 그룹명의 TGT가 멤버들의 이름 
앞 철자인데, Tyrese, Ginuwine, Tank이 한 그룹으로 모인 슈퍼그룹이죠. (참고로 '슈퍼그룹'은
이미 솔로로, 혹은 그룹으로 활동했던 적이 있는 멤버들이 뭉쳐서 만든 그룹을 슈퍼그룹이라고
불러요) 특별히 Tyrese는영화배우로도 간간이 출연했고, 유명가수 뮤비에도 출연했던 적이 
있어서 얼굴이 많이 낯익 익을거에요~     
이 셋이서 원래 굉장.......</description>
  <category>2000's New [알앤비 </category>
  <tag>TGT,Tyrese,Ginuwine,Tank</tag>
</item>