﻿<?xml version="1.0" encoding="utf-8"?>
<item>
  <title>빌보드차트 듣기(8월 9일 2014년 Billboard 100) </title>
  <link>http://kata555.blog.me/220080145515</link>
  <description> 
빌보드차트 듣기(8월 9일 2014년 Billboard 100)     빌보드차트 (8월 9일 2014년 Billboard 100)빨간색은 강조곡 혹은 차트에 첫진입 한 곡이고요, RE는 재진입 곡이에요 ^^             &amp;lt;Billboard Hot 100 싱글 차트 TOP 10&amp;gt; #1: MAGIC! - Rude (Hot 100 포인트 7% 하락)- Radio Songs Chart: 2위 -&amp;gt; 2위 (164 million - 3% 상승)- Streaming Songs Chart: 2위 -&amp;gt; 2위 (9 million - 5% 하락)- Digital Songs Chart: 1위 -&amp;gt; 2위 (154,000 - 21% 하락) * Streaming Songs과 Digital Songs에서 하락은 했지만 여전히 1위를지킬 수 있을 것이라고 예상하네요. 바.......</description>
  <category>빌보드차트 듣기</category>
  <tag>빌보드듣기,빌보드,billboard,빌보드차트,hot100</tag>
</item>