﻿<?xml version="1.0" encoding="utf-8"?>
<item>
  <title>Ed Sheeran (에드 시런) Don't 가사/해석/뮤비/자막</title>
  <link>http://kata555.blog.me/220086215935</link>
  <description> 
Ed Sheeran (에드 시런) Don't 가사/해석/뮤비/자막
::Ed Sheeran (에드 시런)::     이번 영상은 Ed Sheeran (에드 시런)의 Don't 입니다. 이곡은 얼마전에 나왔던 그의 2번째
정규앨범 곱하기(x)의 수록곡으로Sing에이은 2번째 싱글이에요. 빌보드 싱글차트에도 진입
해 있고, 뮤비가 며칠 전에 공개되어서 골라봤어요.     
이곡에 참여한 프로듀서만 봐도 어마어마한데, 히트곡 메이커 Benny Blanco와Def Jam의
창립자이자 프로듀서인 Rick Rubin이 참여했네요.작년에 나왔던Eminem의 Berzerk의
프로듀서로 많이들 얼굴을 익혔을 것 같기도 해요. 뮤비에도 수염 덮수룩한그냥 동네 아저씨
포스로 나오.......</description>
  <category>▶Ed Sheeran</category>
  <tag>EdSheeran,에드시런</tag>
</item>