﻿<?xml version="1.0" encoding="utf-8"?>
<item>
  <title>Jason Mraz (제이슨 므라즈)의 5번째 정규앨범 YES!</title>
  <link>http://kata555.blog.me/220084082294</link>
  <description> 
Jason Mraz (제이슨 므라즈)의 5번째 정규앨범 YES!     Jason Mraz의 5번째 앨범이 얼마전에 나왔네요~ 몇 번 그의 신곡을 신청해주신 분들이
계셔서 알게 되었죠~ 아직 싱글차트에서 조용해서 앨범나온줄 모르시는 분들도 계실 것 
같아요~~ 이번 앨범이 5번째 정규앨범으로 제목이 YES!인데 특별히 의미가 있다고 해요.
예스가 주는 긍정적인 의미가 마법의 주문과도 같고, 창의력을 불러온다고 말했죠. 단순
하면서 많은 의미를 함축하는 제목이라 인상적이었죠.     이번 앨범도 언제나 그렇듯 그가 들려주는 편안하면서 안정적인 포크 기반의 곡들을 
들려주고 있어요. 중간에 살짝 업비트의 곡들로.......</description>
  <category>새로운 음반소식</category>
  <tag>JasonMraz,제이슨므라즈</tag>
</item>