﻿<?xml version="1.0" encoding="utf-8"?>
<item>
  <title>밀린 일기(6.2~6.7) 북경에 다녀오다</title>
  <link>http://charen.kr/220044132520</link>
  <description>6월 3일 화요일두 달 반 만에 북경에 왔다. 떠날 땐 이렇게 오랫동안 자리를 비울지 몰랐다. 그새 참 많은 일들이 있었다. 알아도 모르는 일들이었다. 대숲에 들어가 바람이라도 붙들고 얘기하고 싶었다. 그러나 대숲 대신 내 안으로 들어갔고 바람 대신 마음을 붙들었다. 마음이 가벼우면 휩쓸리기 쉽고 마음이 달아난 몸뚱이는 쭉정이다. 비천하다.북경 집에 들어서자마자 찻물을 끓였다. 2012년 이무마흑고수차를 우렸다. 속이 탈 땐 시퍼런 생차가 최고다. 깨~끗한 기운이 환상이다. 속이 뻥 뚫린다.6월 4일 수요일어제는 퇴근 길에 오랜만에 감야님 댁에 들렀다. 올해 만든 빙도(氷島) 고수차와 봉황단총 송종(宋種)을 얻어 마셨다. 빙도는.......</description>
  <category>일상과단상(2014년)</category>
  <tag>취미,일상·생각</tag>
</item>