﻿<?xml version="1.0" encoding="utf-8"?>
<item>
  <title>Sam Smith (샘 스미스) I'm Not The Only One 가사/해석/뮤비/자막</title>
  <link>http://kata555.blog.me/220084385945</link>
  <description> 
Sam Smith (샘 스미스) I'm Not The Only One 가사/해석/뮤비/자막
::Sam Smith (샘 스미스)::    
이번 영상은 Sam Smith (샘 스미스)의 I'm Not The Only One 입니다. 이곡은 지난 5월에 
나왔던 그의 데뷔앨범 In the Lonely Hour의 수록곡으로 5번째 싱글이에요. 앨범이 완성도
가 아주 높아서 싱글컷 되는 곡들도 많네용~~ 얼마전에 뮤비가 나와서 보게 되었는데, 
특별히 신청해주신 분도 계셔서 골라봤어요 ㅎㅎ    
이곡은 피아노 연주가 주가되어 진행되는 잔잔한 발라드 곡이에요. 그런점에서 처음 
들었을 때Norah Jones의 곡들이 떠오르기도 했었는데~ 아무튼 Sam의 호소력 짙은
보컬이 더해져서.......</description>
  <category>2000's New [POP]</category>
  <tag>SamSmith,샘스미스</tag>
</item>