﻿<?xml version="1.0" encoding="utf-8"?>
<item>
  <title>Guy ft. Heavy D - Do Me Right 가사/해석/뮤비/자막</title>
  <link>http://kata555.blog.me/220083228031</link>
  <description> 
Guy ft. Heavy D - Do Me Right 가사/해석/뮤비/자막
::Guy ft. Heavy D::  
이번 영상은 Guy의 Do Me Right 입니다. 사실 굉장히 낯설게 느껴질 수도 있는 이름인데,
살짝 이야기를 하면~ 요즘에도 프로듀서로 활동하고 있는 Teddy Riley가 있었던 그룹이에요.
음악적 장르는 뉴잭스윙, 알앤비를 들려주고 있죠.      Teddy는 이 그룹 후에 Blackstreet를 결성해서 활동하기도 했죠~ 이곡은 90년도에 나왔던 
이들의 2번째 정규앨범 The Future의 수록곡으로 3번째 싱글곡이었고 특별히 Heavy D (지금은
고인이 되었죠 ㅠ)가 랩 피쳐링을 해줬네요.  Teddy Riley의 뉴잭스윙을 좋아하는지라 Guy와 Blackstr.......</description>
  <category>~90's Good[알앤비</category>
  <tag>Guy,테디라일리,뉴잭스윙</tag>
</item>