﻿<?xml version="1.0" encoding="utf-8"?>
<item>
  <title>Meghan Trainor (메건 트레이너) All About That Bass 가사/해석/뮤비/자막</title>
  <link>http://kata555.blog.me/220076608362</link>
  <description> 
Meghan Trainor (메건 트레이너) All About That Bass 가사/해석/뮤비/자막
::Meghan Trainor (메건 트레이너):: 
이번 영상은 Meghan Trainor (메건 트레이너)의 All About That Bass입니다. 아주 혜성처럼
나타나서 온라인상에서 뮤비도 화제가 되고 있죠. 얼마전 빌보드 싱글 차트에도 진입해서 현재
8월 2일자 차트에서 54위에 랭크되어 있어요. 이곡이 그녀의 첫 데뷔싱글이고, 데뷔앨범도 곧
완성될 예정이라고 해요.   
93년생으로 고등학교를 갓 졸업하고 레이블에 계약을 해서 가수로서가 아닌 작곡가로서 일을
시작했어요. 그렇게 되기까지 그녀의 조력자 역할을 했던 인물이 있는데,유명 히트곡 작곡가인
Kevin K.......</description>
  <category>2000's New [POP]</category>
  <tag>MeghanTrainor,메건트레이너</tag>
</item>