﻿<?xml version="1.0" encoding="utf-8"?>
<item>
  <title>Mary J Blige - A Night To Remember 가사/해석/뮤비/자막</title>
  <link>http://kata555.blog.me/220072433435</link>
  <description> 
Mary J Blige - A Night To Remember 가사/해석/뮤비/자막
::Mary J Blige (메리 제이 블라이지)::     이번 영상은 Mary J Blige의 A Night To Remember 입니다. 이곡은 그녀의 정규앨범
수록곡은 아니고, 얼마전 미국에서 개봉한 영화 'Think Like A Man Too'의사운드트랙 
수록곡이에요. 영화는 흑인들 주연의 로맨틱 코미디라고 해요~      근데, 원곡이 따로 있는 곡이에요~ 70~80년대 주로 활동했던 디스코 훵크 그룹 Shalamar의
곡을 커버했다고 해요. Mary 이전에도 또 다른 후배 가수들이 이곡을 여러번 커버하기도 
했죠~ 굉장히 흥겨운 훵크 리듬으로 신나게 들으실 수 있을 거에요~Mary의 힘.......</description>
  <category>2000's New [알앤비 </category>
  <tag>MaryJBlige,메리제이블라이지</tag>
</item>