﻿<?xml version="1.0" encoding="utf-8"?>
<item>
  <title>Lily Allen (릴리 알렌) As Long As I Got You 가사/해석/뮤비/자막</title>
  <link>http://kata555.blog.me/220071245587</link>
  <description> 
Lily Allen (릴리 알렌) As Long As I Got You 가사/해석/뮤비/자막
::Lily Allen (릴리 알렌)::     이곡은 그녀의 올해 나왔던 3번째 정규앨범 Sheezus의 수록곡으로 5번째 싱글로 정해 
졌고, 뮤비는 오늘 공개 되었네요 ㅎㅎ 싱글도 부지런히 내고 뮤비도 바로바로 찍고~
활동을 열심히 하고 있는 것 같아요 ㅎㅎ     어쨌든 이곡은 살짝 컨트리 느낌도 나는 발랄한 곡으로 흥겹게 감상할 수 있을거에요~
가사도좋고~ 내용은 자신의 남편에 대한 사랑을 듬뿍 담았어요. 남편 만나기 이전엔
삶이 의미도 없고 엉망이었는데, 만나고 나서더 나아졌고 너무 행복하다고~ 아무튼 
예쁘게 잘살고 있는 것 같.......</description>
  <category>▶Lily Allen</category>
  <tag>LilyAllen,릴리알렌</tag>
</item>