﻿<?xml version="1.0" encoding="utf-8"?>
<item>
  <title>빌보드차트 듣기(7월 26일 2014년 Billboard 100)</title>
  <link>http://kata555.blog.me/220065765016</link>
  <description> 
빌보드차트 듣기(7월 26일 2014년 Billboard 100)      
빌보드차트 (7월 26일 2014년 Billboard 100)
빨간색은 강조곡 혹은 차트에 첫진입 한 곡이고, RE는 재진입한 곡이에요 ^^          
&amp;lt;Billboard Hot 100 싱글 차트 TOP 10&amp;gt; 
#1: MAGIC! - Rude - Radio Songs Chart: 4위 -&amp;gt; 2위 (152 million - 9% 상승)- Streaming Songs Chart: 3위 -&amp;gt; 2위 (8.3 million - 8% 상승)- Digital Songs Chart: 2위 -&amp;gt; 1위 (185,000 - 3% 상승) #2: Iggy Azalea ft. Charli XCX - Fancy - Radio Songs Chart: 3위 -&amp;gt; 4위 (138 million - 5% 하락)- Streaming Songs Chart: .......</description>
  <category>빌보드차트 듣기</category>
  <tag>빌보드듣기,빌보드,billboard,hot100,빌보드차트</tag>
</item>