﻿<?xml version="1.0" encoding="utf-8"?>
<item>
  <title>빌보드차트 듣기(8월 2일 2014년 Billboard 100) </title>
  <link>http://kata555.blog.me/220073044939</link>
  <description> 
빌보드차트 듣기(8월 2일 2014년 Billboard 100)       빌보드차트 (8월 2일 2014년 Billboard 100) 
빨간색은 강조곡 혹은 차트에 새로 진입한 곡이고요, RE는 재진입 곡이에요 ^^           &amp;lt;Billboard Hot 100 싱글 차트 TOP 10&amp;gt; #1: MAGIC! - Rude (Hot 100 포인트 7% 상승)- Radio Songs Chart: 2위 -&amp;gt; 2위 (159 million - 4% 상승)- Streaming Songs Chart: 2위 -&amp;gt; 2위 (9.4 million - 13% 상승)- Digital Songs Chart: 1위 -&amp;gt; 1위 (195,000 - 6% 상승)  #2: Iggy Azalea ft. Charli XCX - Fancy (Hot 100 포인트 2% 상승)- Radio Songs Chart: 4위 -&amp;gt;.......</description>
  <category>빌보드차트 듣기</category>
  <tag>빌보드차트,빌보드듣기,빌보드,billboard</tag>
</item>