﻿<?xml version="1.0" encoding="utf-8"?>
<item>
  <title>Florida Georgia Line - Dirt 가사/해석/뮤비/자막</title>
  <link>http://kata555.blog.me/220064752388</link>
  <description> 
&amp;#65279;Florida Georgia Line - Dirt 가사/해석/뮤비/자막   
&amp;#65279; 이번 영상은 Florida Georgia Line의Dirt 에요.이 팀의 곡을 몇개 한 것 같은데
이쯤되면카테고리를 따로 만들어야할 것 같네용ㅎㅎ 어쨌든 이곡은 이들의 앞으로
나올 두번째 정규앨범에 수록될 곡으로 첫싱글이에요. 활동을 쉴새없이 끊임없이 하는
것 같네요 ㅎㅎ 아무튼 요즘 상승세를 타는 컨트리 팀임에는 틀림없죠 ㅎㅎ 
싱글로 몇 주전에 공개가되면서, 빌보드 싱글 차트(7월26일자)에도11위로 핫샷데뷔
하면서 놀라운 성적을 기록했네요. 미디엄 템포의 컨트리 곡으로, 부담없이 들으실 수
있을 것 같아요. 하지만 가사가 더 편안한 기.......</description>
  <category>2000's New [POP]</category>
  <tag>FloridaGeorgiaLine,컨트리</tag>
</item>