﻿<?xml version="1.0" encoding="utf-8"?>
<item>
  <title>John Legend (존 레전드) You &amp; I 가사/해석/뮤비/자막</title>
  <link>http://kata555.blog.me/220065461339</link>
  <description> 
John Legend (존 레전드) You &amp;amp; I 가사/해석/뮤비/자막
::John Legend (존 레전드)::     이번 영상은 John Legend (존 레전드)의 You &amp;amp; I 입니다. 이곡은 작년에 나왔던 그의 
4번째 정규앨범 Love In The Future의 수록곡으로 4번째 싱글이에요. 얼마전에 있었던
BET Awards 2014에서 라이브 공연을 통해 접했던 곡인데, 뮤비가 인상적이기도 해서
골라봤죠~    
이곡 역시 All of Me에서 들려줬던 감미로운 분위기를 그대로 이어가고 있는데, 이번엔
좀 더 힘있는 비트가 있는 발라드를 들려주네요. 보컬이야 말이 필요없는 레전드죠 ㅎㅎ
가사 내용은 자신의 부인과 함께 밤에 데이트 가던 때.......</description>
  <category>2000's New [알앤비 </category>
  <tag>JohnLegend,존레전드</tag>
</item>