﻿<?xml version="1.0" encoding="utf-8"?>
<item>
  <title>팝펑크 밴드 Driver Friendly - Stand So Tall 가사/해석/뮤비/자막</title>
  <link>http://kata555.blog.me/220068146446</link>
  <description> 
팝펑크 밴드 Driver Friendly - Stand So Tall 가사/해석/뮤비/자막
::Driver Friendly (드라이버 프렌들리) ft. Dan Campbell::   
이번 영상은 Driver Friendly의 Stand So Tall 입니다. 사실, 이름이 낯설 것 같은데요~
제목에다가도 언급했지만, 미국 출신의 5인조 팝 펑크 밴드에요. 이름은 낯설지만 활동은
2002년도 부터 쭉~ 하고 있는데. 오랜기간동안 레이블 없이 본인들이 직접 앨범을 내다가
2011년도가 되어서 Hopeless Records와 계약을 했네요. Rock전문 인디레이블로 소속 
뮤지션들 보니깐 The Used, All Time Low, Silverstein 등이 있네요.  사실, 활동기간에 비해 아직 많이 알려지진 않은 밴드라, 저도.......</description>
  <category>2000's New [ROCK</category>
  <tag>DriverFriendly,팝펑크,펑크팝,poppunk,드라이버프렌들리</tag>
</item>