﻿<?xml version="1.0" encoding="utf-8"?>
<item>
  <title>밀린 일기(5.29~5.30) 마시고 또 마시고</title>
  <link>http://charen.kr/220044094574</link>
  <description>근 한 달 만에 글을 쓴다. 몸도 마음도 많이 바빴다. 몸보다는 마음이 많이 지쳤던 한 달이다. 글 쓰기를 더 미룰 수 없어 그간에 페이스북에 올렸던 상념을 정리하여 올린다.5월 29일 목요일어제는 저녁에 부천시립꿈여울도서관에서 강연이 있었다. 올 들어 처음 하는 저녁 강연인데, 나는 저녁 강연을 무척 꺼리는 편이다. 오전에 시간을 내기 어렵거나 직장에 다니는 엄마들이 참석할 수 있다는, 취지는 좋으나 오히려 참여율이 많이 떨어진다. 어제도 신청한 사람에 비해 턱없이 적은 인원이 참석하였다. 그러나 인원이 적으면 적은 대로 또 다른 느낌이 있다. 오후 강연도 꺼리는 편이다. 집중도가 오전만 못하다. 그래도 상반기엔 다양한 시.......</description>
  <category>일상과단상(2014년)</category>
  <tag>취미,일상·생각</tag>
</item>