﻿<?xml version="1.0" encoding="utf-8"?>
<item>
  <title>Smallpools (스몰풀스) Dreaming 가사/해석/뮤비/자막</title>
  <link>http://kata555.blog.me/220070633530</link>
  <description>  Smallpools (스몰풀스) Dreaming 가사/해석/뮤비/자막
::Smallpools (스몰풀스)::
이번 곡은Smallpools (스몰풀스)의 Dreaming 입니다. 이곡은 특별히 게임 FIFA 14의 OST에
수록된 곡이라서 아시는 분들도 계실 것 같아요. 며칠 전에 신청받은 곡인데, 듣고 요즘 같은
더운 여름에 시원하게 어울릴만한 사운드 같아서 골라봤죠 ㅎㅎ Smallpools는 미국출신의 락
밴드인데 2013년부터 활동한 신인이네요. 작년에 셀프타이틀로 나온 EP에 이곡이 수록되었
네요. 정규 데뷔앨범은 올해 나올 예정이라고 해요~~     이곡은밝은 업비트에 신스사운드가 돋보이네요~ 락 사운드에멜로디컬한 신스사운드가 첨가
되니깐 독특.......</description>
  <category>2000's New [ROCK</category>
  <tag>Smallpools,스몰풀스,fifa14</tag>
</item>