﻿<?xml version="1.0" encoding="utf-8"?>
<item>
  <title>Weird Al Yankovic - Word Crimes 가사/해석/뮤비/자막</title>
  <link>http://kata555.blog.me/220075506866</link>
  <description> 
Weird Al Yankovic - Word Crimes 가사/해석/뮤비/자막
::Weird Al Yankovic (위어드 알 얀코빅)::     이번 영상은 팝송 패러디의 대가 Weird Al Yankovic의 Word Crimes이에요. 엊그제 
빌보드 차트 포스팅에서 새로나온 곡으로 살짝 소개했던 적이 있죠. 39위에 랭크되었는데
그의 4번째 탑 40 곡이라고 하네요. 얼마전에 발매된 14번째 정규앨범 Mandatory Fun의 
수록곡이에요. 현재 앨범 차트에서 1위에 올라와 있죠. 이번 앨범에서는 Robin Thicke,
Lorde, Pharrell, Imagine Dragons, Foo Fighters의 곡들을 패러디했네요. 그에 의해서 
패러디 되는 것 만으로도 인기 있는 가수라는 증명이 되기도 하죠 ㅎㅎ
.......</description>
  <category>2000's New [POP]</category>
  <tag>WeirdAlYankovic,위어드알얀코빅,패러디,robinthicke,blurredlines</tag>
</item>