﻿<?xml version="1.0" encoding="utf-8"?>
<item>
  <title>Kodaline (코다라인) All I Want 가사/해석/뮤비/자막</title>
  <link>http://kata555.blog.me/220069264598</link>
  <description> 
Kodaline (코다라인) All I Want 가사/해석/뮤비/자막
::Kodaline (코다라인)::     이번 영상은 Kodaline (코다라인)의 All I Want 입니다. 이들은 아일랜드 출신의 4인조 
밴드로, 밴드명은 인터뷰 보니깐 '코덜라인'으로 발음 하는군요~사실, 이밴드의 곡을 
예전 부터 몇 번 신청 받았었는데 들었던 느낌이 확~임팩트가 있는 사운드는 아니여서 
제가 듣고만 말았던 것 같아요~ 그러다가 며칠 전에 다시 이곡을 부탁하신 분이 계셔서
봤는데 뮤비가 굉장히 인상적이어서 골라봤어용 ㅎㅎ     어쨌든 이곡은 작년에 나왔던 이들의 데뷔앨범 In a Perfect World의 수록곡으로 4번째
싱글이었네요. 잔잔.......</description>
  <category>2000's New [ROCK</category>
  <tag>Kodaline,코다라인,코덜라인,코더라인,아일랜드</tag>
</item>