﻿<?xml version="1.0" encoding="utf-8"?>
<item>
  <title>독일출신의 포크락 듀오 Milky Chance - Stolen Dance 가사/해석/뮤비/자막</title>
  <link>http://kata555.blog.me/220054791737</link>
  <description> 
Milky Chance - Stolen Dance 가사/해석/뮤비/자막
::Milky Chance (밀키 챈스)::Philipp(DJ) &amp;amp; Clemens(기타,보컬)번 영상은 Milky Chance의 Stolen Dance입니다. 이름이 낯설게 느껴지실 수도 있을 것
같은데~ 저도 사실 얼마전에 이곡을 신청받고 알게 되었어요 ㅎㅎ 앞서 포스팅 제목에 독일
출신의 포크락 듀오라고 언급했는데, 남성 2인조 팀이에요. 포크락이라고 장르를 한정 짓기엔
이들의 사운드를 다 표현하기 부족할 정도로 독특한 사운드를 들려 주더라고요. 아직 앨범을
전부 듣진 못했지만~~ 이들의 음악 장르 설명을 빌리자면, 포크락에다가 레게, 일렉트로닉
음악의 요소를 함께 조합해서 들려준다고 하네요.  .......</description>
  <category>2000's New [어쿠스틱</category>
  <tag>MilkyChance,밀키챈스,밀키찬스</tag>
</item>