﻿<?xml version="1.0" encoding="utf-8"?>
<item>
  <title>나의 강점 지능과 잠재 능력</title>
  <link>http://charen.kr/220012656038</link>
  <description>어제는 노원정보도서관에서 강연이 있었다. 모처럼 강적을 만났다. 자리는 꽉 찼으나 분위기가 무거웠다. 지역마다 분위기가 조금 다르긴 해도 이토록 무거웠던 적도 드물다. 편하게 들으시라 해도 다들 너무 진지하니 나도 따라 무거워졌다. 강의 중간중간 질문을 해도 반응이 없었다. 두 시간 남짓한 강연은 마치 물에 젖은 솜이불을 지고 가는 것만큼이나 힘겨웠다. 내 강의가 재미가 없는 건지 다들 너무 진지한 건지 헷갈렸다.강의 후에 도서관 행사 담당자가 우리 회사 담당자에게 문자를 보냈단다. "어머님들이 선생님 강의 또 다른 거 없냐며 저에게 질문이 빗발쳤어요~ 정말 잘 들었습니다. 좋은 강의에 힘써주셔서 감사했다고 전해주세.......</description>
  <category>일상과단상(2014년)</category>
  <tag>다중지능검사,일상·생각</tag>
</item>