﻿<?xml version="1.0" encoding="utf-8"?>
<item>
  <title>Elle Varner(엘 바너) ft. J. Cole - Only Wanna Give It To You 가사/해석/뮤비/자막</title>
  <link>http://kata555.blog.me/220056560470</link>
  <description>&amp;#65279;Elle Varner(엘 바너) ft. J. Cole - Only Wanna Give It To You 가사/해석/뮤비/자막::Elle Varner(엘 바너) ft. J. Cole::&amp;#65279;이번 영상은 Elle Varner(엘 바너)의 Only Wanna Give It To You 입니다. 사실 가수 이름이 좀 생소할 수도 있을 것 같은데, 89년생 알앤비 여가수에요. 이곡은 그녀의 2012년도 데뷔앨범 Perfectly Imperfect의 수록곡으로 첫번째 싱글이에요. 특별히 랩퍼J. Cole이 피쳐링으로 참여하기도 했고요. 얼마전에 이곡을 신청해주신 분이 계셔서알게 된 곡인데, 이런 비슷한 곡을 며칠 전에 또 신청곡으로 듣게 되어서, 생각나서 골라봤죠 ㅎㅎ&amp;#65279;이곡은 쿵쿵 울리는 드럼비트의 그루브한 알앤비 곡이에.......</description>
  <category>2000's New [알앤비 </category>
  <tag>ElleVarner,엘바너,J.Cole,제이콜</tag>
</item>