﻿<?xml version="1.0" encoding="utf-8"?>
<item>
  <title>빌보드차트 듣기(7월 19일 2014년 Billboard 100) </title>
  <link>http://kata555.blog.me/220058695059</link>
  <description>빌보드차트 듣기(7월 19일 2014년 Billboard 100)빌보드차트 (7월 19일 2014년 Billboard 100) 빨간색은 강조곡 혹은 차트에 새로 진입한 곡이고요, RE는 재진입한 곡이에요 ^^&amp;lt;Billboard Hot 100 싱글 차트 TOP 10&amp;gt;#1: Iggy Azalea ft. Charli XCX - Fancy (Hot 100 포인트 3% 하락) - 7주째 1위- Radio Songs Chart: 1위 -&amp;gt; 3위 (144 million - 1% 하락)- Streaming Songs Chart: 8주째 1위 (10.7 million - 3% 하락)- Digital Songs Chart: 3위 -&amp;gt; 3위 (171,000 - 4% 하락 )#2: MAGIC! - Rude (Hot 100 포인트 10% 상승) (Hot 100 포인트 4% 상승)- Radio Songs Chart: 4위 -&amp;gt; 4위 (139 million - 13% 상승)- Streaming Songs .......</description>
  <category>빌보드차트 듣기</category>
  <tag>빌보드듣기,빌보드,billboard,hot100,빌보드차트</tag>
</item>