﻿<?xml version="1.0" encoding="utf-8"?>
<item>
  <title>5 Seconds Of Summer (5SOS) She Looks So Perfect 가사/해석/뮤비/자막</title>
  <link>http://kata555.blog.me/220057634690</link>
  <description>5 Seconds Of Summer (5SOS) She Looks So Perfect 가사/해석/뮤비/자막
::5 Seconds Of Summer (5SOS)::     이번 영상은 5 Seconds Of Summer (5SOS)의 She Looks So Perfect 입니다. 요즘 빌보드싱글
차트에 간간이 등장을 하면서 어느정도는 이름을 익히셨을 것 같아요. 새로진입한 곡으로 예전에
이 밴드에 대해서 언급했던 적도 있고~ 호주출신의 4인조 팝펑크 밴드로, 개인적으로 첫인상은
OneDirection의 밴드 버젼이라는 생각이 들었죠 ㅎㅎ 밴드명도 독특했는데, 영화 제목 500 Days 
Of Summer (500일의 섬머)를 재밌게바꾼게 아닐까 하는 추측이 드는 이름인데, 인터뷰에서아무 의미 없다고 해요~ 5초간의 섬머.......</description>
  <category>2000's New [ROCK</category>
  <tag>5SecondsOfSummer,5SOS</tag>
</item>