﻿<?xml version="1.0" encoding="utf-8"?>
<item>
  <title>Demi Lovato (데미 로바토) Really Don't Care 가사/해석/뮤비/자막</title>
  <link>http://kata555.blog.me/220050865506</link>
  <description>Demi Lovato (데미 로바토) Really Don't Care 가사/해석/뮤비/자막::Demi Lovato (데미 로바토) ft. Cher Lloyd::&amp;#65279;이번 영상은 Demi Lovato (데미 로바토)의 Really Don't Care 입니다. 이곡은 2013년도에나왔던 4번째 정규앨범 Demi의 수록곡으로 4번째 싱글이에요. 오랜만에 빌보드 싱글차트에재진입해서 83위(7월 5일자)에 랭크되어있어요. 노래가 신나고 흥겨워서 골라봤죠~&amp;#65279;업템포의 팝으로 밝은 멜로디가 즐겁고 좋네요~ 특히 Verse에서 후렴구로 넘어가는 부분의 어쿠스틱 기타 사운드가 듣기 좋네요~Cher Lloyd는 후반부에 특유의 코맹맹이소리로 랩 피쳐링을 해주고 있네요~ 목소리가 개성이 강하고 귀여운 것 같아요 ㅎ.......</description>
  <category>▶Demi Lovato</category>
  <tag>DemiLovato,데미로바토</tag>
</item>