﻿<?xml version="1.0" encoding="utf-8"?>
<item>
  <title>Little Mix (리틀 믹스) Word Up 가사/해석/뮤비/자막</title>
  <link>http://kata555.blog.me/220062180962</link>
  <description>&amp;#65279;Little Mix (리틀 믹스) Word Up 가사/해석/뮤비/자막::Little Mix (리틀 믹스)::&amp;#65279;이번 영상은 Little Mix (리틀 믹스)의 Word Up 입니다. 이곡은 이들의 정규앨범 수록곡은아니고 Sport Relief 2014 (자선행사)를 위해 특별히 나온 싱글이라고 해요. 그리고 새로운곡은 아니고 Cameo 소울 훵크 그룹의 86년도에 나왔던 곡을 그대로 커버한 곡이에요. 워낙곡이 신나서 다른 가수들에 의해서도 많이 커버가 되어는데 눈에띄는 이름중에, 락밴드 Korn도이곡을 커버했었네요 ㅎㅎ&amp;#65279;빠른 비트에 흥겨운 댄스곡으로, 신나는 곡 포스팅하고 싶어서 골라봤어요. 예전에 신청을받은 곡이라서 좀 늦은감이 있긴하지만 ^^;; 가사 내용.......</description>
  <category>2000's New [POP]</category>
  <tag>LittleMix,리틀믹스</tag>
</item>