﻿<?xml version="1.0" encoding="utf-8"?>
<item>
  <title>Bonnie Raitt (보니 레이트) I Can't Make You Love Me 가사/해석/뮤비/자막</title>
  <link>http://kata555.blog.me/220053798991</link>
  <description>Bonnie Raitt (보니 레이트) I Can't Make You Love Me 가사/해석/뮤비/자막::Bonnie Raitt (보니 레이트)::&amp;#65279;이번 영상은 Bonnie Raitt (보니 레이트)의  I Can't Make You Love Me 입니다.91년도에 나왔던 그녀의 11번째 앨범 Luck of the Draw의 수록곡이에요. 굉장히 오래된 곡이죠~~오래된 곡인데다가, 가수의 이름도 낯설게 느껴지실 분들도 많을 것 같아요. &amp;#65279;개인적으로는 몇 달전에 The Voice 참가자 중에 한 명이 이곡을 불렀던 영상을통해서 알게 되었죠. Bonnie는 블루스, 컨트리, 포크 락 장르를 하는 싱어송라이터로서 익숙한 이름은 아닐 것 같아요~ 하지만 이곡은 아주 유명한 곡으로 롤링 스톤지의 위대한 500곡(Th.......</description>
  <category>~90's Good [POP]</category>
  <tag>BonnieRaitt,보니레이트</tag>
</item>