﻿<?xml version="1.0" encoding="utf-8"?>
<item>
  <title>Becky G - Shower 가사/해석/뮤비/자막</title>
  <link>http://kata555.blog.me/220063216186</link>
  <description>&amp;#65279;Becky G - Shower 가사/해석/뮤비/자막이번 영상은 Becky G의 Shower 입니다. 이름이 살짝 생소하실 분들도 계실 것 같은데,살짝 이야기 하면, 미국 출신의 97년생 팝가수에요. 본명이 Rebbeca Marie Gomez라고하는데 자신의 이름을 따서 Becky G라는 이름을 만들었나봐요~어딘가 셀레나 고메즈랑 비슷하다고 생각했는데, 둘 사이는 실제 아무~ 사이도 아니라고해요. 하지만 같은 멕시코계라고 해요. (셀레나는 혼혈이긴 하지만) 어쨌든 이름있는팝가수들곡에 랩 피쳐링으로 얼굴을 비추곤 했는데, 개인적으로는 Cher Lloyd와 함께했던Oath를통해서 알게 되었죠. 이곡은 그녀의 앞으로 나올 데뷔앨범에 수록될 곡이라고 해요~ 나오고 빌.......</description>
  <category>2000's New [POP]</category>
  <tag>BeckyG,Shower</tag>
</item>