﻿<?xml version="1.0" encoding="utf-8"?>
<item>
  <title>포스팅 본문 뮤비사진 관련해서 의견이요~~</title>
  <link>http://kata555.blog.me/220063507793</link>
  <description>포스팅에 뮤비 캡쳐 사진 예전처럼 20~30개 가량글 끝에다가 더 첨부하는게 나은가요? (물론 본문 글 중간중간에사진이 같이들어가긴해요~)아니면 위에 저런 사진 다 빼고글 사이에한장씩만 들어가는게 나은가요?예전에 어떤분이 본문에 사진이 많이 들어가 있어서 하단에 있는 동영상 보는게 불편하다고 그러셨던 적이 있어서 뺏었는데.. 혹시나해서 여러분들의의견이 궁금하네요~* 제가 글을 좀 애매하게 써서 잘못 이해하신 분들도 계신 것 같아서 첨부할게요~A: [링크]B: [링크]A,B중 어떤 방식중 어떤 걸 더 선호하시는지 말씀해주시면 감사하겠습니다 ㅎㅎ혹시 앞으로도 블로그에 관해 더 좋은 방향으로 갈 수 있도록 의견 있으신 분들은 메.......</description>
  <category>블로그 이야기</category>
  <tag />
</item>