﻿<?xml version="1.0" encoding="utf-8"?>
<item>
  <title>빌보드차트 듣기(7월 12일 2014년 Billboard 100)</title>
  <link>http://kata555.blog.me/220051594476</link>
  <description>&amp;#8203;빌보드차트 듣기(7월 12일 2014년 Billboard 100)빌보드차트 (7월 12일 2014년 Billboard 100)빨간색은 강조곡 혹은, 차트에 새로 진입한 곡입니다. RE는 재진입한 곡이에요 ^^&amp;lt;Billboard Hot 100 싱글 차트 TOP 10&amp;gt;#1: Iggy Azalea ft. Charli XCX - Fancy (Hot 100 포인트 5% 하락)- Radio Songs Chart: 3주째 1위 (147 million - 2% 하락)- Streaming Songs Chart: 7주째 1위 (11.1 million - 5% 하락)- Digital Songs Chart: 2위 -&amp;gt; 3위 (178,000 - 5% 하락 )* 6주째 1위를 하고 있는데, 빌보드 싱글 차트 역사상 1위를 가장 오래한 여성 랩퍼로 기록을 남기게 되었네요. 5주 동안 Lady Marmalade로 1위를 했던 Lil' Kim의 기.......</description>
  <category>빌보드차트 듣기</category>
  <tag>빌보드듣기,빌보드,billboard,hot100,빌보드차트</tag>
</item>