﻿<?xml version="1.0" encoding="utf-8"?>
<item>
  <title>Owl City (아울 시티) Beautiful Times 가사/해석/뮤비/자막</title>
  <link>http://kata555.blog.me/220046546251</link>
  <description>Owl City (아울 시티) Beautiful Times 가사/해석/뮤비/자막::Owl City (아울 시티):: &amp;#65279;이번 영상은 Owl City (아울 시티)의 Beautiful Times 입니다. 이곡은 얼마전에 나온 그의 EP 앨범 Ultraviolet의 수록곡으로 첫번째 싱글이에요. 이번 년도에 정규앨범 계획보다는 EP단위의 앨범을 시리즈로 내놓을 예정이라고 하네요. 정규앨범은 아니더라도 EP 앨범이모이면 정규 앨범 정도의 분량은 되겠죵 ㅎㅎ&amp;#65279;이번 곡은 특별히 바이올리니스트 Lindsey Stirling가 바이올린 연주로 피쳐링 참여를 했네요.우리에겐 좀 낯선 이름일 수도 있지만, 이미 오디션 프로 American's Got Talent 시즌5에서우승을 했고, 이후 그녀의 유투브 채널.......</description>
  <category>▶Owl City</category>
  <tag>OwlCity,아울시티</tag>
</item>