﻿<?xml version="1.0" encoding="utf-8"?>
<item>
  <title>★네이버탑★[생활영어회화] 곤충채집</title>
  <link>http://blog.naver.com/vkfdhdud/220105635532</link>
  <description>&amp;#8203;&amp;#8203;&amp;#8203;유아영어교육/엄마표영어/유아생활영어/아기영어배우기/유아원어민영어/종이배 접는법6살 선아 / 4살 수재 / 2살 지운Episode No.266Catch Bugs&amp;#8203;What's this?이게 뭐야?&amp;#8203;Dragonfly net? 잠자리채?&amp;#8203;This one is the net.이게 (잠자리)채야.&amp;#8203;It says "Bug collector"."곤충 채집통"&amp;#8203; 이라고 적혀있네.&amp;#8203;Are you gonna put bugs today?오늘 벌레 잡아서 넣을거야?&amp;#8203;Let's go.가자.&amp;#8203;I see the dragonfly.잠자리 보인다.&amp;#8203;Let me try.내가 해볼께.&amp;#8203;Over there.저기.&amp;#8203;Get him, get him.잡아,잡아.&amp;#8203;You can get it.넌 잡을 수 있어.&amp;#8203;&amp;#8203;It's foll.......</description>
  <category>Episode</category>
  <tag>어학·외국어</tag>
</item>