﻿<?xml version="1.0" encoding="utf-8"?>
<item>
  <title>빌보드차트 듣기(7월 5일 2014년 Billboard 100)</title>
  <link>http://kata555.blog.me/220044529281</link>
  <description>빌보드차트 듣기(7월 5일 2014년 Billboard 100)     
빌보드차트 (7월 5일 2014년 Billboard 100)
빨간색은 강조곡 혹은 차트에 새로 진입한 곡이고요, RE는 재진입 곡이에요 ^^       &amp;lt;Billboard Hot 100 싱글 차트 TOP 10&amp;gt; #1: Iggy Azalea ft. Charli XCX - Fancy (Hot 100 포인트 6% 하락)- Radio Songs Chart: 1위 -&amp;gt; 1위 (150 million - 3% 상승)- Streaming Songs Chart: 6주째 1위 (11.6 million - 5% 하락)- Digital Songs Chart: 1위 -&amp;gt; 2위 (195,000 - 14% 하락 ) * 벌써 5주째 1위군요. 이정도로 차트에서 사랑을 받을지는 예상 못했는데매주 놀래키고 있는 것 같아요 ㅎ.......</description>
  <category>빌보드차트 듣기</category>
  <tag>빌보드듣기,빌보드,billboard,hot100,빌보드차트</tag>
</item>