﻿<?xml version="1.0" encoding="utf-8"?>
<item>
  <title>BET Awards 2014 (수상자, 공연보기)</title>
  <link>http://kata555.blog.me/220048381168</link>
  <description>&amp;#8203;BET Awards 2014 (수상자, 공연보기)&amp;#8203;&amp;#8203;올해도 어김없이 BET (Black Entertainment Television)의 시상식이 미국시간으로 6월29일 일요일 LA에서 코미디언이자 영화배우인 Chris Rock 진행으로 열렸네요.흑인음악 전문채널의 시상식이기 때문에 모든 장르를 아우르진 못하지만, 워낙 팝계에서힙합, 알앤비 장르가 많은 사랑을 받고 있죠. 그래서 공연 아티스트들만 봐도 많이 알려진이름들이라 낯설진 않을거에요.오히려 여타 다른 시상식에 밀리지 않은 화려한 볼거리를 준 것 같아요. 특히나 요즘 인기있는 가수들도 볼 수 있지만,선배 뮤지션들에 대한 배려도 잊지 않고 무대를 꾸며주면서훈훈한 시간을 가졌네요.(라이오넬.......</description>
  <category>♬ 시상식 공연</category>
  <tag>BETAwards2014,시상식,수상자,공연보기</tag>
</item>