﻿<?xml version="1.0" encoding="utf-8"?>
<item>
  <title>감정도 생각의 산물이다</title>
  <link>http://charen.kr/220010271168</link>
  <description>감정과 이성은 둘이 아니다. 많은 감정들이 실은 생각의 산물이라는 것을 알았을 때 나는 나를 옥죄는 감정의 늪에서 벗어날 수 있다는 확신을 가졌다. 답답하고 우울하고 불안한 비관적 정서는 비관적 생각의 산물일 뿐이다.아침부터 비가 내리다 말다 한다. 오늘은 백모단 병차를 조금 뜯어 마시고 있다.어제 오늘 여느 주말처럼 딸과 함께 탁자에 마주 앉아 시간을 보내고 있다. 딸은 공부를 하고, 이상하게도 몸이 몹시 피곤한 나는 딱히 한 일도 없이 그저 앉아만 있다. 그래도 좋다. 평화로운 이 시간들이.오후 내내 비가 내린다. 비는 오고, 할 수 있는 놀이라고는 공기밖에 없고, 나는 그것이 싫지 않고...아무래도 난 딸 양육에 최적화.......</description>
  <category>일상과단상(2014년)</category>
  <tag>취미,일상·생각</tag>
</item>