﻿<?xml version="1.0" encoding="utf-8"?>
<item>
  <title>★네이버탑★[원어민영어회화] 롤러스케이트 - 유아생활영어</title>
  <link>http://blog.naver.com/vkfdhdud/220088045152</link>
  <description>&amp;#8203;유아영어교육/엄마표영어/유아생활영어/아기영어배우기/유아원어민영어/종이배 접는법6살 선아 / 4살 수재 / 2살지운Episode No.265Roller skatesWhat day is it today?오늘 무슨날이야?&amp;#8203;We've got a surprise for you.우리가 선물을 준비했어.&amp;#8203;What?뭐요?&amp;#8203;Close your eyes.눈감어.&amp;#8203;Ok, count.그래, 숫자를 세어봐.&amp;#8203;One two three four... eighteen, nineteen, twenty하나 둘 셋 넷...열여덟 열아홉 스물&amp;#8203;Roller skates.롤러 스케이트.&amp;#8203;It is my birthday.내 생일이예요.&amp;#8203;Exactly what you wanted.정말 니가 원하던 거구나.&amp;#8203;How can I open it?어떻게 열어요?&amp;#8203;We don't need.......</description>
  <category>Episode</category>
  <tag>어학·외국어</tag>
</item>