﻿<?xml version="1.0" encoding="utf-8"?>
<item>
  <title>유아 영어 dvd추천 - 맥스앤 루비[Max &amp; Ruby]</title>
  <link>http://blog.naver.com/vkfdhdud/220075927677</link>
  <description>어린이 영어 DVD, 유아 영어DVD 추천 - '맥스앤루비' (Max &amp;amp; Ruby)이번에 소개해드릴 영어 DVD '맥스앤루비' (Max &amp;amp; Ruby) 입니다.워낙 유명해서 많이들 알고계실것 같아요.10년전쯤 EBS에서 '토끼네 집으로 오세요' 라는 제목으로 방영되었던 작품이예요.여성스러운 누나와 장난꾸러기 동생의 에피소드를 담은 내용으로,사고뭉치 맥스를 루비가 얼마나 잘 챙겨주는지...처음엔 엄마와 아들인줄 알았다는~말썽정~~말 많이 피우는 장난꾸러기 동생 맥스.늘~ 동생을 챙기고 잘 돌봐주는 모성가득한 누나 루비.피아노, 목욕, 숨바꼭질, 달걀, 지렁이, 캠핑, 생일등~자연스럽고 실용적인 일상속 이야기들이라 아이들이 많이 공감하는것 같아.......</description>
  <category>Tool(book,dvd..)</category>
  <tag>어학·외국어</tag>
</item>