﻿<?xml version="1.0" encoding="utf-8"?>
<item>
  <title>어린이 화상영어 - 동화책 읽기</title>
  <link>http://blog.naver.com/vkfdhdud/220078174035</link>
  <description>어린이화상영어, 유아화상영어, 초등화상영어&amp;lt;6세 선아&amp;gt;일주일에 세번... 유치원 가기전에20분씩 화상영어를 하고있어요.제가 이벤트를 했었던 'a to z' 교재를 주로보는데,aa단계부터 차근차근 하려다가선생님이 선아 수준에 맞지않는것 같다고해서단계를 훌~쩍 뛰어넘어버렸어요.요즘은 선아가 맘에 드는 책 한권을 준비하고선생님께 화면으로 보여주면서 이야기를 나누기도 하더라구요.같이 책을 읽다가 선아가 모르는 단어가 나오니구글에서 바로 찾아 보여주시고책을 보다가도 흥미거리가 있으면 대화만 하기도해요.제가 딱 원하던 수업방식으로~^^뜬금없이 "I want to pop the window'선아는 창문에 붙어있는 뽁뽁이를 터뜨리고 싶다.......</description>
  <category>good-teachers</category>
  <tag>어학·외국어</tag>
</item>