﻿<?xml version="1.0" encoding="utf-8"?>
<item>
  <title>선아야 고마워♡</title>
  <link>http://blog.naver.com/vkfdhdud/220084234490</link>
  <description>요즘은 감기만 걸려도 머리부터 발끝까지 온몸이 다 아프다...애들방학동안 해주고싶은게 많았는데 무리를했는지 바로 몸살이왔다.하루종일 옆에서 물수건해주고 팔 다리 주물러주고허리 밟아주고 열심히 간호해주던 선아가 밤새고열에 시달렸다.어린것이 엄마 죽을것같냐고 몇번씩 물어보면서엄마와 동생들 시중을 들더니 힘들었나보다.수재,지운이 일어나기전에 병원에 빨리 다녀와야하는데깨우기도 미안하다.너무 소중해서 눈물까지 나려고하네ㅎ</description>
  <category>Han's mom view</category>
  <tag />
</item>