﻿<?xml version="1.0" encoding="utf-8"?>
<item>
  <title>Maroon 5 (마룬5) Maps 가사/해석/뮤비/자막</title>
  <link>http://kata555.blog.me/220048601852</link>
  <description>&amp;#8203;Maroon 5 (마룬5) Maps 가사/해석/뮤비/자막::Maroon 5 (마룬5)::&amp;#65279;이번 영상은 Maroon 5 (마룬5)의 Maps 입니다. 이곡은 올 가을에 나올 예정인 이들의 5번째정규앨범 V의 수록곡으로 첫 싱글이에요. 싱글이 6월 중순쯤에 공개가 되었는데, 미국 뿐만아니라 우리나라음원차트에서도 많은 사랑을 받기도 했죠. &amp;#65279;가온 디지털 음원 차트에서 현재 2위를 하고고, 다운로드 건수만 집계한 '다운로드 차트'에서는 가요들을 제치고 1위를 하고 있네요. 특히나,가요가 절대적인 우위에 있는 (인기도에서)우리나라에서 이런 현상은 놀라운 일이죠. 빌보드 싱글차트에서는 14위로 핫샷데뷔(7월 5일자차트)를 했네요. 뮤비도 적당한 시.......</description>
  <category>▶Maroon 5</category>
  <tag>Maroon5,마룬5,마룬파이브</tag>
</item>