﻿<?xml version="1.0" encoding="utf-8"?>
<item>
  <title>Chloe Howl (클로에 하울) Disappointed 가사/해석/뮤비/자막</title>
  <link>http://kata555.blog.me/220049988848</link>
  <description> 
Chloe Howl (클로에 하울) Disappointed 가사/해석/뮤비/자막
::Chloe Howl (클로에 하울)::   이번 영상은 Chloe Howl (클로에 하울)의 Disappointed 입니다. 사실 이름이 약간은 
낯설게 느껴지실 분들도 있으실 것 같은데, 예전에 제가 딱 한 번 포스팅 한 적은 있어요.
영국 출신의 십대 싱어송라이터라는 제목을 붙여서.관련 포스팅 - [링크]장르로는 신스팝
을들려주고 있어요. 정규앨범은 나오지 않은 완전 신인 가수인데,이곡은 얼마전에 나온
새로운 싱글이고, 데뷔앨범은 올해 안으로 예정되어 있네요~     
이곡은 업템포의 신스팝으로 흥겨운 곡이에요. 듣다보면 허스키한 보컬때문인지 Jessie J .......</description>
  <category>2000's New [POP]</category>
  <tag>ChloeHowl,클로에하울</tag>
</item>