﻿<?xml version="1.0" encoding="utf-8"?>
<item>
  <title>[어린이 영어 dvd 추천] Peep and the Big Wide World </title>
  <link>http://blog.naver.com/vkfdhdud/220060893995</link>
  <description>어린이, 유아 영어DVD 추천 - Peep and the Big Wide World이번에 소개해드릴 영어 DVD 'Peep and the Big Wide World' 입니다.PEEP 와 그친구들의 이야기~처음 영어를 접하는 어린이들에겐 좀 어려울수 있구요.영어단어, 간단한 문장 등 익숙한 친구들은 아주 재미있게 볼수있어요.우리나라 동화로 말하자면...수과학 동화 정도로생각하심 될거예요.교육적이기도 하면서 아주아주 재미있답니다~요즘 선아가 제일 좋아하는 영어동영상 이예요.아주 깔깔대고 넘어가요 ㅋㅋㅋDVD를 판매하는지는 잘 모르겠어요.저도 파일형태로 가지고 있는거라...130편 정도 되는것 같아요.파일 구하기 힘드신분은...그냥 유튜브에서 다운받아 보세요~^^  .......</description>
  <category>Tool(book,dvd..)</category>
  <tag>어학·외국어</tag>
</item>