﻿<?xml version="1.0" encoding="utf-8"?>
<item>
  <title>바쁘다는 생각이 사람을 피폐하게 만든다</title>
  <link>http://charen.kr/220005702582</link>
  <description>어젠 고덕평생학습관에서 강의가 있었다. 두 시간의 강의가 끝나고 네 분의 어머니와 현장 상담을 하였다. 사연 없는 가정이 없다. 중1인데 학교에서 친구 없이 홀로 지내는 아이, 역시 중1인데 학교생활은 문제없으나 학습능력이 현저히 떨어지는 아이, 초등학교 2학년인데 행동이 느리고 주변정리 능력이 떨어져 학교생활을 어려워하는 아이를 둔 어머니의 사연을 들었다. 사연을 얘기하며, 내 얘기를 들으며 그들은 눈물을 보였다. 아이가 이렇게까지 된 것이 모두 내 탓이라는 자책감, 아이에 대한 죄스러운 마음, 아이의 미래에 대한 불안함이 그들을 아프게 했다. 부모인 나는 그들의 눈물을 이해한다. 나의 조언이 그들에게 얼마나 도움이.......</description>
  <category>일상과단상(2014년)</category>
  <tag>일상·생각</tag>
</item>