﻿<?xml version="1.0" encoding="utf-8"?>
<item>
  <title>[유아화상영어] Start~!</title>
  <link>http://blog.naver.com/vkfdhdud/220059465846</link>
  <description>어린이화상영어, 유아화상영어&amp;#8203;&amp;lt;6세 선아&amp;gt;&amp;#8203;&amp;#8203;화상영어를 시작했어요~맘에 드는분을선생님을 만나서 지난주부터 시작했답니다.유쾌한 남자선생님이면 좋겠다 생각했었는데선아가 예쁜 여자선생님이 좋다고 하더라구요ㅎ&amp;#8203;아침에 유치원가기전 20분씩 선생님과 대화를 해요.&amp;#8203;당분간 교재없이 자유롭게 대화하고선생님과 친해지는 시간을 가질거예요.&amp;#8203;수업방향은...천천히 지켜보면서 만들어 가야할것 같아요.선아를 보니 궂이 책을 보면서 해야할것 같진않고한가지 주제를 정해서 이야기해보는게 어떨까 싶은 생각이 들어요.마지막에 전화끊고 중얼거림...웃기네요 ㅋㅋㅋ&amp;#8203;&amp;#8203;&amp;#8203;덧글 비허.......</description>
  <category>good-teachers</category>
  <tag>어학·외국어</tag>
</item>