﻿<?xml version="1.0" encoding="utf-8"?>
<item>
  <title>사직원 제출</title>
  <link>http://blog.naver.com/vkfdhdud/220070728597</link>
  <description>오랜만에 화장하고몇년만에 8센치 구두를신고신나는 음악들으면서 드라이브~갈때는 신났는데오는길엔 참 씁쓸하더라구요.길었던 휴직이 끝나고 이제 진짜 전업주부...괜시리 마음이 급해서 최근에 동분서주 했었는데왜그랬는지...ㅎ다시 여유를 가지고요즘 신랑이 밀고있는 '행복하다' 주문을~~ ^^2014-07-24 19:49 이어쓰기</description>
  <category>Han's mom view</category>
  <tag />
</item>