﻿<?xml version="1.0" encoding="utf-8"?>
<item>
  <title>★네이버탑★[유아생활영어] 채소</title>
  <link>http://blog.naver.com/vkfdhdud/220071405730</link>
  <description>유아영어교육/엄마표영어/유아생활영어/아기영어배우기/모두캠핑카라반 연천 조각공원점/바베큐&amp;#8203;&amp;#8203;60개월 선아/40개월 수재/15개월 지운Episode No.263Vegetable&amp;#8203;Can you pick some peppers?고추좀 따볼래?&amp;#8203;Can you hold this?이것좀 들어줄래요?&amp;#8203;You plant the seed and it grows and you have eggplant.씨앗을 심고 그게자라면 넌 가지를 갖게되는거야.&amp;#8203;It is our garden.이건 우리 정원이예요.&amp;#8203;What's that?저건 뭐야?&amp;#8203;Lettuce.상추.&amp;#8203;I want to go and see.가서 보고싶어요.&amp;#8203;I want to pick it.따보고 싶어요.&amp;#8203;It is a carrot.이건 당근이예요.&amp;#8203;I want to pick more........</description>
  <category>Episode</category>
  <tag>어학·외국어</tag>
</item>