﻿<?xml version="1.0" encoding="utf-8"?>
<item>
  <title>한스파파 view - 영어에도 철학(philosophy)이 필요합니다.</title>
  <link>http://blog.naver.com/vkfdhdud/220054546250</link>
  <description>안녕하세요? 한스파파입니다.오늘은 철학(philosophy) 에 대해서 말씀을 좀 드리려 합니다.영어공부를 하시는분, 그리고 영어교육을 시키시는분도 마찬가지입니다.많은 사람들이 똑같은 선상에서 출발을 하지만 어느순간 길이 갈리고 결과의 차이는 극명하게 드러납니다.똑같은 환경에서 똑같은교육을 받아도왜 사람마다 차이가 나는 걸까요?성공하는 사람은 드물고 대부분 실패하거나 어려움을 겪게됩니다.그 원인은교육방식이나 교재, 환경의 문제가 아니라 그걸 받아들이는사람에게 있습니다.우리는 정보화시대에 살고있으며 누구나 휴대폰, 컴퓨터가 있고옛날에 비해서 건강에 대한 엄청난 정보가 있음에도 불구하고사람들은 갈수록 뚱뚱해지.......</description>
  <category>Han's mom view</category>
  <tag>어학·외국어</tag>
</item>