﻿<?xml version="1.0" encoding="utf-8"?>
<item>
  <title>[한스맘 3rd 이벤트]유아부터 초등까지~[유아영어책이벤트] </title>
  <link>http://blog.naver.com/vkfdhdud/220063753849</link>
  <description>안녕하세요~얼마전 이벤트때 예고해드린데로영어책 이벤트를 시작하겠습니다^^작년에도 이 책으로 이벤트를 한적이 있었는데지금까지도 많은 분들이 문의를 주시고, 기다리는 분들이 많으시더라구요.완성된책은 아니구요,인쇄물을 받으시면 직접 접어서 만드셔야해요.책에 대해서는 자세한 말씀 안드릴께요~지난번 포스팅 참고해주세요.((http://blog.naver.com/vkfdhdud/50179623752))왠만한 영어전집 안부러워요~!ㅎ출력물을 받으시면첫장은 잘라서 앞,뒷면 표지로 두고 중간 속지는 반으로 접어 넣고서 스템플러로 찍어주세요!그리고 종이테이프로 마무리를 하면 된답니다.너무 어렵나요?^^일단 책먼저 보여드릴께요~(사진은 저번에 찍었던거.......</description>
  <category>Han's mom view</category>
  <tag>어학·외국어</tag>
</item>