﻿<?xml version="1.0" encoding="utf-8"?>
<item>
  <title>유아 영어 dvd 추천 - 따개비루 영어 DVD (따개비루 동영상)</title>
  <link>http://blog.naver.com/vkfdhdud/220056071637</link>
  <description>어린이, 유아 영어DVD 추천 - 따개비루 영어 DVD오늘 소개해드릴 어린이, 유아 영어 DVD는 '따개비루 영어 DVD' 예요.예전에 EBS에서 방영했었던 '따개비루' 아시죠?영유아 수준의에니메이션으로...루, 크루루, 벨라그리고 점보가 펼쳐내는아주 잔잔한 스토리예요.특징이라하면...주인공들이 대사가 없어요~친구들이 하는말은 '이크! 웅~~ 에이...' 이정도의 옹알이 수준이구요.나레이션으로 상황설명을 해주면서 이야기를 풀어가요.그래서 영어버젼에도 친구들의 말은 한국어로 들어가고 나레이션만 영어로 나온답니다.캐릭터들이 아주 귀엽고, 다소 엉뚱한 매력이 있어서 아이들이 아주 좋아해요.친구들끼리 서로를 위해주고 사이좋게 지내는 모.......</description>
  <category>Tool(book,dvd..)</category>
  <tag>어학·외국어</tag>
</item>