﻿<?xml version="1.0" encoding="utf-8"?>
<item>
  <title>★네이버탑★[원어민영어과외] 종이배 접는법 - 유아생활영어</title>
  <link>http://blog.naver.com/vkfdhdud/220073736636</link>
  <description>&amp;#8203;유아영어교육/엄마표영어/유아생활영어/아기영어배우기/유아원어민영어/종이배 접는법6살 선아 / 4살 수재 / 2살지운Episode No.264Origami boatOh, it is very difficult.와, 이거 정말 어려운데.&amp;#8203;But you can do it.그래도 (선생님은) 할 수있어요.&amp;#8203;You can practice.연습을 해야되요.&amp;#8203;I can do it, but you have to tell me how.난 할수있어, 하지만 니가 어떻게 하는지 알려줘야해.Are you going to tell me from the beginning?시작부터 알려줄거지?&amp;#8203;Can I prepare the paper?종이 좀 준비해도 되지?&amp;#8203;Fold the paper in half?종이를 반으로 접어?&amp;#8203;Open it?열어?&amp;#8203;Fold the triangle.삼각형.......</description>
  <category>Episode</category>
  <tag>어학·외국어</tag>
</item>