﻿<?xml version="1.0" encoding="utf-8"?>
<item>
  <title>[한스맘 2nd 이벤트]당첨자 발표입니다~</title>
  <link>http://blog.naver.com/vkfdhdud/220059369717</link>
  <description>많이들 기다리셨죠?^^또봇 &amp;amp; 시크릿 쥬쥬 당첨자 발표입니다~이번 이벤트의 주제는 '친해지기 이벤트' 였는데요..많은 분들이 참여을 해주시고 응원도 해주시고 정성스럽게 소개를 해주셔서 감사하게 생각하고 있어요.제가 먼저 소개를 했어야 하는데...좀 늦었지만 간단히 소개를 할께요~저는 81년생, 올해 34살...고향은 부산이예요.결혼하면서 신랑따라 올라와서지금 사는곳은 수원이구요.선아낳고 직장생활을 계속하다가 수재 낳으면서 3년째 육아휴직...이번달이면 휴직이 끝나고 완전한 전업주부가 되네요.아시다시피 선아, 수재, 지운 세아이 엄마예요.친구들 좋아하고, 수다 좋아하고, 술도 좋아하구요 ㅎㅎ멀리까지 시집을와서 외롭.......</description>
  <category>Han's mom view</category>
  <tag>어학·외국어</tag>
</item>