﻿<?xml version="1.0" encoding="utf-8"?>
<item>
  <title>★네이버탑★[생활영어표현]변신자동차 또봇</title>
  <link>http://blog.naver.com/vkfdhdud/220034707890</link>
  <description>&amp;#8203;유아영어교육/엄마표영어/유아생활영어/아기영어배우기&amp;#8203;59개월 선아/39개월 수재/14개월 지운Episode No.259TOBOT-Turn into a car&amp;#8203;&amp;#8203;Wow~ Look at his car.&amp;#8203;와~자동차좀봐.&amp;#8203;&amp;#8203;His feet.&amp;#8203;다리잖아.&amp;#8203;It's a car.그건 차야.Now It's feet.지금은 다리야Wow~ He can change.와~변신하네.What are you doing here?여기서 뭐해?Do you wanna look?보고싶어?What do you need?뭐가 필요해?I don't know how.난 어떻게 하는줄 몰라.There are too many cars.차가 너무 많아.There are 3 cars. Right?차가 3대야. 그렇지?I don't know how to make 3 cars.자동차 3대를 어떻게 만드는줄 몰라.It's .......</description>
  <category>Episode</category>
  <tag>어학·외국어</tag>
</item>