﻿<?xml version="1.0" encoding="utf-8"?>
<item>
  <title>[유아생활영어] 양말접기</title>
  <link>http://blog.naver.com/vkfdhdud/220039539202</link>
  <description>유아영어교육/엄마표영어/유아생활영어/아기영어배우기&amp;#8203;59개월 선아/39개월 수재/14개월 지운&amp;#8203;&amp;#8203;&amp;#8203;Episode No.260Pair up the socksCan you fold socks?&amp;#8203;양말 접을수 있어?&amp;#8203;&amp;#8203;I can't.&amp;#8203;못해요.&amp;#8203;There are four socks.&amp;#8203;양말 네개가 있어요.&amp;#8203;They are same.&amp;#8203;다 똑같네.&amp;#8203;Can you pair up the socks?&amp;#8203;양말 짝을맞출수 있어?&amp;#8203;Which sock matches this one?이거랑 같은 양말이 어떤거지?&amp;#8203;You pair up and fold it like this.&amp;#8203;양말 짝을 맞추고 이렇게 접어봐.&amp;#8203;Roll the top one sock over the other.&amp;#8203;한쪽양말을 다른양말 위쪽으로 말.......</description>
  <category>Episode</category>
  <tag>어학·외국어</tag>
</item>