﻿<?xml version="1.0" encoding="utf-8"?>
<item>
  <title>2014년 학부모 강연회 일정</title>
  <link>http://charen.kr/220003267567</link>
  <description>2014 회차일시장소지역비고2014-07-23 수 14:40~16:40롯데백화점문화센터노원점서울3562014-07-21 월 13:30~15:30이마트문화센터신도림점서울2014-07-18 금 10:00~12:00이마트문화센터양주점경기/양주3552014-07-16 수 10:30~12:30이마트문화센터하남점경기/하남3542014-07-04 금 10:10~12:10이마트문화센터성수점서울3532014-06-30 월 11:00~13:00이마트문화센터인천검단점인천2014-06-26 목 14:30~16:30롯데백화점문화센터강남점서울3522014-06-25 수 10:00~12:00서흥초등학교인천2014-06-24 화 16:00~18:00롯데백화점문화센터미아점서울2014-06-23 월 14:00~16:00롯데백화점문화센터안양점경기/안양2014-06-13 금 14:30~16:30롯데백화점문.......</description>
  <category>손병목을소개합니다</category>
  <tag />
</item>