﻿<?xml version="1.0" encoding="utf-8"?>
<item>
  <title>[한스맘 2nd 이벤트]또봇 &amp; 시크릿쥬쥬 [영실업 장난감]</title>
  <link>http://blog.naver.com/vkfdhdud/220048447391</link>
  <description>안녕하세요~갑자기 아이들 장난감 이벤트라니... 좀 뜬금없죠? ㅎㅎ파워블로그에 선정이 되고서 마일리지도 듬뿍받았구요~여러분들이 포스팅 아래쪽 광고를 클릭해주신 덕분에 반찬값이 조금씩 들어오기도하고...ㅎㅎㅎ한번 보답을 해야지 생각은 하고있었는데 여러가지로 바빠서 이제서야~~제가처음 했었던 영어책 이벤트... (http://blog.naver.com/vkfdhdud/50179623752)아직도 많은분들이 문의를 주시고 구입을 원한다는분들도 계시고 해서 한번 더 하려고 계획중이예요~그런데 막간을 이용해서~~~장난감 이벤트 한번 갑니다!요즘 최고의 인기를 누리고 있는 '또봇'그리고 공주님들이 좋아하는 '시크릿 쥬쥬' 영실업에서 나온 장난감들인데요.......</description>
  <category>Han's mom view</category>
  <tag>어학·외국어</tag>
</item>