﻿<?xml version="1.0" encoding="utf-8"?>
<item>
  <title>★네이버탑★[생활영어표현] 슈퍼히어로</title>
  <link>http://blog.naver.com/vkfdhdud/220031548950</link>
  <description>유아영어교육/엄마표영어/유아생활영어/슈퍼히어로/슈퍼히어로 피규어59개월 선아/39개월 수재/14개월 지운Episode No.258Super Hero&amp;#8203;&amp;#8203;Who is your favorite super hero?슈퍼히어로중에 누가 제일 좋아?He is Iron Man.이건 아이언맨이예요.He is a super hero.그는 슈퍼히어로예요.And he needs a hammer.그는 망치가 필요해요.What's his name?그사람 이름이 뭐야?Thor토르He wears a cape.그는 망토를 입어요.Spiderman has a rope.스파이더맨은 줄을 가지고 있어요.He shoots spiderweb from his hand.그는 손에서 거미줄을 쏴.Who does this sheild belong to?이 방패는 누구꺼야?Super hero슈퍼히어로What's the super hero's .......</description>
  <category>Episode</category>
  <tag>어학·외국어</tag>
</item>