﻿<?xml version="1.0" encoding="utf-8"?>
<item>
  <title>몰래카메라</title>
  <link>http://blog.naver.com/vkfdhdud/220043933960</link>
  <description>카메라를 숨겨놓고...아이들끼리 노는모습을 한번 찍어봤어요.참 사이좋은 남매죠 ^^요즘 선아랑 수재랑 놀때는 영어반 한국어반~큰애만 잘 가르치면 동생들은 수월하지 싶어요.수재가 선아한테 정말 많이 배우거든요.요즘 선아가 하는말 대부분은 DVD를 통해 배운것들이예요.예전엔 책에서 나온걸 잘 따라하곤 했는데 책에서 배운내용은 실생활에 활용하기엔 좀 부족한 부분이 있었던것 같아요.조만간 영어DVD목록 정리한번 해드릴께요~즐거운 주말되세요~^^</description>
  <category>Han's mom view</category>
  <tag>어학·외국어</tag>
</item>