﻿<?xml version="1.0" encoding="utf-8"?>
<item>
  <title>★네이버탑★[유아생활영어] 캠핑 - 연천조각공원 캠핑 카라반</title>
  <link>http://blog.naver.com/vkfdhdud/220052720020</link>
  <description>&amp;#8203;&amp;#8203;&amp;#8203;&amp;#8203;유아영어교육/엄마표영어/유아생활영어/아기영어배우기/모두캠핑카라반 연천 조각공원점&amp;#8203;&amp;#8203;60개월 선아/40개월 수재/15개월 지운Episode No.261Camping&amp;#8203;&amp;#8203;Where are you going?&amp;#8203;어디가?&amp;#8203;I'm going to camping.&amp;#8203;캠핑가요.&amp;#8203;Are you excited?&amp;#8203;좋아?&amp;#8203;Yes.&amp;#8203;네.&amp;#8203;What are you going to do?&amp;#8203;뭐할거야?&amp;#8203;I'm going to play.&amp;#8203;놀거예요.&amp;#8203;What are you going to eat?&amp;#8203;뭐먹을거야?&amp;#8203;I'm going to eat marshmallow.&amp;#8203;머쉬멜로우 먹을거예요.&amp;#8203;You are gonna grill marshmallow?&amp;#8203;머쉬멜로우 그릴에 구.......</description>
  <category>Episode</category>
  <tag>어학·외국어</tag>
</item>