﻿<?xml version="1.0" encoding="utf-8"?>
<item>
  <title>축하합니다~♡</title>
  <link>http://blog.naver.com/vkfdhdud/220044347021</link>
  <description>한스파파가 집필중인 책한권이 완성단계라고 말씀드린적이 있는데... 기억하시는분이 계실런지 ㅎ몇개월전인것 같아요~영어로 쓴 책이라 말씀을 안드렸거든요."Teach Your Baby English" 라는 책을 e-book으로 아마존에 출간했어요.혹시라도 구매하시는분 계실까봐 미리말씀드리는데...이건 '영어로' 된 책이예요. (구입금지!ㅋ)타겟이 한국분이 아니라...영어를 제2외국어로 배우는 나라에... 그리고 어느정도 영어가 되는 부모님을 위한~페이지수도 적고 아주 심플해요.사실 한스파파가 영어로 글을 쓰는게 편하다고 해서...지난번에 말씀드렸듯이 출판사를 통해 책을 낸게 아니라 Self Publish로 출간을 해보는 의미도 있었구요.'아마존에 영.......</description>
  <category>Han's mom view</category>
  <tag>어학·외국어</tag>
</item>