﻿<?xml version="1.0" encoding="utf-8"?>
<item>
  <title>유아 영어 DVD 추천 - 페파피그(peppa pig dvd)</title>
  <link>http://blog.naver.com/vkfdhdud/220052330483</link>
  <description>안녕하세요?영어DVD목록을 기다리시는 분들이 많이 계셔서...정리를 하다가...한번에 모든걸 보여드리기가 힘들것 같아서 시간될때마다 하나씩 올려볼려구요.영어책,CD,DVD 어느하나 소홀하면 안되겠지만,제가 느끼는 바로는...영어습득을 기준으로했을땐 DVD효과가 제일 좋은것 같아요.영어책보다 이해가 빠르고, 아이들도 아주재미있어 하고, 엄마가 읽어주는것 보다 발음도 좋구요.비슷한 수준의 영어책과 영어DVD를 비교했을때, DVD에서는 훨씬빠른속도로 듣게되고,많은 양의 문장들을 접하게되요.저는 책도 많이 읽어줬었고, 생활영어도 열심히 하고있고, DVD도 많이 보여주지만...요즘 선아를보면 어려운 단어나 표현들은 모두DVD를 통해서.......</description>
  <category>Tool(book,dvd..)</category>
  <tag>어학·외국어</tag>
</item>