﻿<?xml version="1.0" encoding="utf-8"?>
<item>
  <title>★네이버탑★[생활영어회화] 바베큐 - 아이와 캠핑하기</title>
  <link>http://blog.naver.com/vkfdhdud/220053776308</link>
  <description>&amp;#8203;&amp;#8203;유아영어교육/엄마표영어/유아생활영어/아기영어배우기/모두캠핑카라반 연천 조각공원점/바베큐&amp;#8203;&amp;#8203;60개월 선아/40개월 수재/15개월 지운Episode No.262Barbecue&amp;#8203;&amp;#8203;Put it over here.&amp;#8203;여기에 놔.&amp;#8203;This is a skewer.&amp;#8203;이건 꼬챙이야.&amp;#8203;I'm going to put two.난 두개 꽂을래요.&amp;#8203;Don't be greedy. &amp;#8203;욕심내지마.&amp;#8203;Can you meke another one?&amp;#8203;다른거 또 만들수 있어?&amp;#8203;I'm going to put some more.&amp;#8203;더 꽂을거예요.&amp;#8203;dumbbell &amp;#8203;아령&amp;#8203;Lift.&amp;#8203;들어봐.&amp;#8203;I'm very strong.&amp;#8203;나는 아주 힘이세요.&amp;#8203;I want to try.&amp;#8203;.......</description>
  <category>Episode</category>
  <tag>어학·외국어</tag>
</item>