﻿<?xml version="1.0" encoding="utf-8"?>
<item>
  <title>★네이버탑★[유아생활영어] 딸꾹질 멈추는 방법</title>
  <link>http://blog.naver.com/vkfdhdud/220017665787</link>
  <description>유아영어교육/엄마표영어/유아생활영어59개월 선아/39개월 수재/14개월 지운Episode No.255How to stop hiccups.&amp;#8203;&amp;#8203;&amp;#8203;He has a hot fever.&amp;#8203;(지운이) 열이 나요.&amp;#8203;He has hiccups.&amp;#8203;(수재가) 딸꾹질을 해요.&amp;#8203;Are you hiccupping?딸꾹질 하니?&amp;#8203;When you have hiccups, what do you have to do?&amp;#8203;딸꿀질할때, 어떻게 해야하지?&amp;#8203;First, hold your breath.&amp;#8203;먼저, 숨을 참아요.&amp;#8203;It doesn't stop, what are you going to do?&amp;#8203;그래도 멈추지 않으면, 뭘 해야하지?&amp;#8203;Drink a glass of water.&amp;#8203;물한잔을 마셔요.&amp;#8203;Where did you learn that?&amp;#8203;어디서 배웠어.......</description>
  <category>Episode</category>
  <tag>어학·외국어</tag>
</item>