﻿<?xml version="1.0" encoding="utf-8"?>
<item>
  <title>비포 에프터</title>
  <link>http://blog.naver.com/vkfdhdud/220001649623</link>
  <description>선아도 미용실을 한번도 데려간적이 없는데...얼마전 수재 머리자르러 갔다가 가만있질 않아서 고생만 하고는 다시 엄마표로 이발을~   &amp;lt;before&amp;gt; &amp;lt;after&amp;gt;  &amp;lt;before&amp;gt; &amp;lt;after&amp;gt;요즘 아이들 머리자르는것도 너무 비싸고...남자애들은 자주 잘라줘야해서 미용가위를 샀는데 완전 활용잘하고 있어요~미용가위 하나로... 인물 살지요? ^^</description>
  <category>Han's mom view</category>
  <tag>어학·외국어</tag>
</item>