﻿<?xml version="1.0" encoding="utf-8"?>
<item>
  <title>★네이버탑★[유아생활영어]수영하러가다-마닐라 바탕가스</title>
  <link>http://blog.naver.com/vkfdhdud/220010711925</link>
  <description>유아영어교육/엄마표영어/유아생활영어/마닐라 소피텔/마닐라 바탕가스58개월 선아/38개월 수재/13개월 지운Episode No.253Go swimming.What are you going to do?&amp;#8203;뭐할거야?&amp;#8203;I'm going to swim.&amp;#8203;수영할거예요.&amp;#8203;Are you going to swim?&amp;#8203;수영할거야?Are you going to swin in the sea?&amp;#8203;바다에서 수영할거야?&amp;#8203;Can you swim?&amp;#8203;수영할수있어?&amp;#8203;Put on your cap.&amp;#8203;모자써.&amp;#8203;Daddy, come on in the water.&amp;#8203;아빠, 물속으로 들어와요.&amp;#8203;It's fun.&amp;#8203;재미있어요.&amp;#8203;Granpa, come in.&amp;#8203;할아버지, 들어오세요.&amp;#8203;Come on in.&amp;#8203;들어오세요.&amp;#8203;I drank s.......</description>
  <category>Episode</category>
  <tag>어학·외국어</tag>
</item>