﻿<?xml version="1.0" encoding="utf-8"?>
<item>
  <title>★네이버탑★[생활영어표현] 핑거페인팅 - 유아원어민영어</title>
  <link>http://blog.naver.com/vkfdhdud/220025422023</link>
  <description>유아영어교육/엄마표영어/유아생활영어/핑거페인팅/유아원어민영어59개월 선아/39개월 수재/14개월 지운Episode No.256Finger painting&amp;#8203;&amp;#8203;What color is this?&amp;#8203;무슨색이야?&amp;#8203;Red&amp;#8203;빨강색&amp;#8203;What happens if you put red and blue together?&amp;#8203;만약에 빨강이랑 파랑이랑 섞으면 어떻게 될까?&amp;#8203;If you mix red and blue, what color would that be?&amp;#8203;빨강이랑 파랑을 섞으면, 어떤색이 될까?&amp;#8203;I dont' know.&amp;#8203;몰라요.&amp;#8203;White?&amp;#8203;하얀색?&amp;#8203;Let's check it out.&amp;#8203;한번 확인해보자.&amp;#8203;Let's take some blue.&amp;#8203;파랑색을 가져오자.&amp;#8203;Here is blue, and here i.......</description>
  <category>Episode</category>
  <tag>어학·외국어</tag>
</item>