﻿<?xml version="1.0" encoding="utf-8"?>
<item>
  <title>★네이버탑★[유아생활영어] 좋은생각이야~!</title>
  <link>http://blog.naver.com/vkfdhdud/220000942717</link>
  <description>유아영어교육/엄마표영어/유아생활영어/유아 원어민 영어 과외58개월 선아/38개월 수재/13개월 지운Episode No.251 Good idea!&amp;#8203;&amp;#8203;&amp;#8203;I don't like that words.&amp;#8203;난 그말이 싫어요.&amp;#8203;You don't like that.&amp;#8203;난 그거 싫어요.&amp;#8203;Let's play bubbles outside tomorrow.우리 비눗방울 놀이 내일 밖에서 하자.&amp;#8203;&amp;#8203;I want to play bubbles now.&amp;#8203;나는 비눗방울 놀이 지금 하고싶어요.&amp;#8203;What if you play bubbles in the house?&amp;#8203;집에서 비눗방울 놀이 하면 어떻게 될까?&amp;#8203;What happens?&amp;#8203;어떤일이 벌어질까?&amp;#8203;It's messy and it's too slippery.&amp;#8203;지저분해지고 미끄러.......</description>
  <category>Episode</category>
  <tag>어학·외국어</tag>
</item>