﻿<?xml version="1.0" encoding="utf-8"?>
<item>
  <title>[유아생활영어] 숫자공부 - 영어숫자세기</title>
  <link>http://blog.naver.com/vkfdhdud/220028655639</link>
  <description>유아영어교육/엄마표영어/유아생활영어/글랜도만 도트카드/영어로 숫자세기59개월 선아/39개월 수재/14개월 지운&amp;#8203;&amp;#8203;&amp;#8203;Episode No.257Practicing numbers&amp;#8203;&amp;#8203;Let's keep practicing numbers.숫자공부 계속 해요.I like practicing numbers.숫자공부 좋아요.I will get some box.박스 좀 가져올께요.I got it.가져왔어요.Dot cards.도트카드.SuJae got number one.수재가 숫자1을 가져갔어요.What number is this?이건 무슨숫자야?I don't know how.어떻게 하는지 잘 몰라요.(Can) You show me how?어떻게 하는지 가르쳐 줄래요?Let's do it together.같이 해봐요.Ten plus eight is eighteen.10 더하기 8 은 18 이야.&amp;#.......</description>
  <category>Episode</category>
  <tag>어학·외국어</tag>
</item>