﻿<?xml version="1.0" encoding="utf-8"?>
<item>
  <title>[유아생활영어] 비눗방울 놀이</title>
  <link>http://blog.naver.com/vkfdhdud/220000949781</link>
  <description>유아영어교육/엄마표영어/유아생활영어/유아 원어민 영어 과외58개월 선아/38개월 수재/12개월 지운Episode No.252 Blowbubbles.I want to blow some bubbles.&amp;#8203;비눗방울 불기 하고싶어요.&amp;#8203;First, open the cap.&amp;#8203;먼저, 뚜꺼을 열어.&amp;#8203;Can you pour it?&amp;#8203;부을수 있어?&amp;#8203;Use it all.&amp;#8203;전부다 부워.&amp;#8203;Can you mix it?&amp;#8203;섞을수있어?&amp;#8203;Su Jae, not like that.&amp;#8203;수재, 그렇게 아니야.&amp;#8203;I will show you how.&amp;#8203;어떻게 하는지 보여줄께.&amp;#8203;Spin it.&amp;#8203;돌려봐.&amp;#8203;Suna, let me try it.&amp;#8203;선아야, 내가 한번 해볼께.&amp;#8203;Maybe this way.&amp;#8203;이쪽으로 하는거야.&amp;.......</description>
  <category>Episode</category>
  <tag>어학·외국어</tag>
</item>