﻿<?xml version="1.0" encoding="utf-8"?>
<item>
  <title>가족여행 갑니다~^^</title>
  <link>http://blog.naver.com/vkfdhdud/220001960722</link>
  <description>아이들과 여행을 떠나요~~내일 아침 비행기라 새벽에 일어나야하는데...이제 정리가 끝났어요.아직 다 끝난것도 아니지만...한스파파가 한달 넘도록 금감원감사를 받느라 너무 스트레스를 받고지쳐서갑작스레결정을 하였어요.지운이 여권만들기부터 시작해서 여행계획짜고 준비하고...아이들 아플까봐 제일 걱정이였는데 화요일 밤부터 지운이가 고열에...수재어린이집도 수족구에 열감기 유행이라 혹시나 옮을까봐 보내지도 못하고 데리고 있었어요.다행히 지운이 열도 떨어지고 선아, 수재는 아픈곳이 없지만...불안한 마음 한가득이예요. 수재 백일좀 지났을때 사이판을 다녀오고는 너~~~무 힘들어서 다시는 안간다고 했었는데이제 지운이까지.......</description>
  <category>Han's mom view</category>
  <tag>어학·외국어</tag>
</item>