﻿<?xml version="1.0" encoding="utf-8"?>
<item>
  <title>★네이버탑★[유아생활영어] 저기에 닿고 싶어요 - 마닐라 따가이따가이</title>
  <link>http://blog.naver.com/vkfdhdud/220012904210</link>
  <description>유아영어교육/엄마표영어/유아생활영어/마닐라 소피텔/마닐라 바탕가스58개월 선아/38개월 수재/13개월 지운Episode No.254Can you reach the tree?&amp;#8203;&amp;#8203;What's that?&amp;#8203;저게 뭐야?&amp;#8203;Coconut tree&amp;#8203;코코넛 나무&amp;#8203;I want to reach it.&amp;#8203;저기 닿고싶어요.&amp;#8203;I can't reach it, It's very very high.&amp;#8203;너무너무 높아서 닿을수가 없어요.&amp;#8203;Aha~ The ladder.&amp;#8203;아~ 사다리.&amp;#8203;We need a ladder.&amp;#8203;우린 사다리가 필요해.&amp;#8203;You can do it.&amp;#8203;(아빠는) 할수있어요.&amp;#8203;Giant can do it.&amp;#8203;거인은 할수있어요.&amp;#8203;Daddy~ We are going to the pineapple tree.&amp;#8203;아빠.......</description>
  <category>Episode</category>
  <tag>어학·외국어</tag>
</item>