﻿<?xml version="1.0" encoding="utf-8"?>
<item>
  <title>★네이버탑★아이한테 배웁니다...</title>
  <link>http://blog.naver.com/vkfdhdud/220015021576</link>
  <description>Mommy~ Can you dry this? It's all wet.(엄마~ 이거 말려줄수 있어요? 다 젖었어요.)It will be dry soon?(금방 말라요?)화장실 청소를 하고 변기가 젖어있는데 선아가 앉아서 옷이 젖었나봐요.말려달라고 해서 (가끔씩 갈아입히기 애매할때 드라이기로 말려주거든요)뭐라고 대답을 할지 생각하고 있었는데 알아서 대답을 하네요.제가 항상 하는말... '금방 마를거야~'영어로는 한번도 표현해본적이 없었는데 선아한테 배웠어요.2년이네요...처음엔 정말 어설펐고...한때는 미친듯이 열심히 했던적도 있었어요.예전엔 하루라도 책을 안읽으면 큰일날것처럼 집착했었는데 지금은 많이 내려놨어요.갈수록 체력이 딸리고~~~세아이 케어하다보니 여.......</description>
  <category>Han's mom view</category>
  <tag>어학·외국어</tag>
</item>