﻿<?xml version="1.0" encoding="utf-8"?>
<item>
  <title>정말, 감사합니다!</title>
  <link>http://charen.kr/220003122444</link>
  <description>무어 그리 바빴는지 이번 주 내내 블로그에 글 한 줄 쓰지 못했다.화요일엔 종로도서관에서 강연을 했다. 전날 늦게까지 술을 마셔 몸 상태도 좋지 않아 조금 더 유쾌하게 하지 못한 것이 아쉽다. 강연이 끝나고 몇몇 분이 남아 질문을 했다. 그 중 한 분은 아이에 대한 교육열이 얼마나 뜨거운지 오늘 배운 모든 것을 제대로 실천하려는데 곁에 두고 계속 참조할 만한 책이 없냐고 물었다. 그 열정은 높이 살 만하지만 내 눈엔 그 어머님이 매우 안쓰러웠다. 그나저나 아무래도 빨리 책을 완성해야할 것 같다. 어떤 부모는 아이가 배우지 않으려 해서 고민이라 하고 또 어떤 부모는 아이가 너무 이것저것 배우고 싶다하여 이 학원 저 학원 보내.......</description>
  <category>일상과단상(2014년)</category>
  <tag>일상·생각</tag>
</item>