﻿<?xml version="1.0" encoding="utf-8"?>
<item>
  <title>[유아헤어핀] 핸드메이드 아동머리핀 공구 - 응원합니다~~♡</title>
  <link>http://blog.naver.com/vkfdhdud/50192046196</link>
  <description> 
아동머리핀/헤어핀/수제헤어핀/핸드메이드유아헤어핀 작년에...
선아랑 집앞 마트에 장을 보러갔다가 선아가 머리핀을 사달란말을 한적이 있었어요.
그러고보니 선아 머리핀을 사준적이 한번도 없었다는...
2천원짜리 머리핀을 사고선 너무나 행복해했던~~~
오는길 내내길가에 세워져있는 차마다 비춰보면서 기뻐하던 모습이 떠오르네요^^
http://blog.naver.com/vkfdhdud/50180994296 
에피소드를 본친구가 선아한테
직접만든 머리핀을 한아름 선물해줬어요. 이젠 아침마다 어떤삔을꽂고갈까 고민한다는~~ 
내가 선아를 낳고...
2주뒤첫딸을 낳은친구...
임신 7개월때 만나
니배가 부르니, 내배가 부르니 했던게 벌써.......</description>
  <category>etc</category>
  <tag>어학·외국어</tag>
</item>