﻿<?xml version="1.0" encoding="utf-8"?>
<item>
  <title>[유아영어] 머리 땋는법 배우기</title>
  <link>http://blog.naver.com/vkfdhdud/50192860630</link>
  <description>유아영어교육/엄마표영어/유아생활영어/유아 원어민 영어 과외57개월 선아/37개월 수재/12개월 지운Episode No.248 Braid the hairDo you know how to braid?&amp;#8203;머리땋는법 알아?&amp;#8203;First you gotta make three parts.먼저 세갈래로 나눠.&amp;#8203;Here is one part here.여기 한갈래가 있어.&amp;#8203;She is very tangled.머리가 너무 얽혔네.&amp;#8203;Here is the middle one. Right?&amp;#8203;여기가 가운데야. 그렇지?&amp;#8203;I am going to take the two at the end.&amp;#8203;양쪽 끝 두갈래를 잡고.&amp;#8203;And I am gonna change the middle.그리고 &amp;#8203;가운데걸 바꿀거야.&amp;#8203;I want to put this in the middle.&amp;#8203;이걸 가운데로 넣.......</description>
  <category>Episode</category>
  <tag>어학·외국어</tag>
</item>