﻿<?xml version="1.0" encoding="utf-8"?>
<item>
  <title>★네이버탑★[유아생활영어] 딸기잼</title>
  <link>http://blog.naver.com/vkfdhdud/50193883463</link>
  <description>유아영어교육/엄마표영어/유아생활영어/유아 원어민 영어 과외58개월 선아/38개월 수재/12개월 지운&amp;#8203;&amp;#8203;Episode No.249 Strawberry jam&amp;#8203;Do you know how to make strawberry sandwiches?&amp;#8203;딸기샌드위치 어떻게 만드는줄 알아?&amp;#8203;Yes,strawberry jam sandwich.네, 딸기잼 샌드위치요.&amp;#8203;What am I doing?&amp;#8203;내가 지금 뭐하고있어?&amp;#8203;Spread jam on the bread.&amp;#8203;빵에 잼을 발라요.&amp;#8203;Who made this strawberry jam?&amp;#8203;이딸기잼 누가 만든거야?&amp;#8203;I made it.내가 만들었어요.&amp;#8203;You made it?&amp;#8203;너가 만들었어?&amp;#8203;No, mommy made it.&amp;#8203;아니예요, 엄마가 만들었어요.&amp;#8203;N.......</description>
  <category>Episode</category>
  <tag>어학·외국어</tag>
</item>