﻿<?xml version="1.0" encoding="utf-8"?>
<item>
  <title>★네이버탑★[유아영어] 식목일 나무심기</title>
  <link>http://blog.naver.com/vkfdhdud/50192354472</link>
  <description>유아영어교육/엄마표영어/유아생활영어/식목일 나무심기57개월 선아/37개월 수재/12개월 지운 Episode No.246Plant&amp;#8203;&amp;#8203;What day is it today?&amp;#8203;오늘이 무슨날이야?&amp;#8203;This is the day we plant the trees.&amp;#8203;오늘은 나무를 심는날이야.&amp;#8203;What are you doing?&amp;#8203;뭐하고 있어?&amp;#8203;I'm digging a hole.구덩이를 파고 있어요.&amp;#8203;Can you make a big hole?&amp;#8203;&amp;#8203;커다란 구덩이 만들수 있겠어?&amp;#8203;Look at daddy's hole.&amp;#8203;아빠 구덩이좀 봐봐.&amp;#8203;Daddy made a big hole.&amp;#8203;아빠가 커다란 구덩이를 만들었어.&amp;#8203;First, you need to dig a hole. Ok?&amp;#8203;먼저, 구덩이가 필요해. 알.......</description>
  <category>Episode</category>
  <tag>어학·외국어</tag>
</item>