﻿<?xml version="1.0" encoding="utf-8"?>
<item>
  <title>[엄마랑 아이랑 신나는 영어놀이]엄마표 영어를 하시는 분이라면...  </title>
  <link>http://blog.naver.com/vkfdhdud/50194678076</link>
  <description>책을 받은지가 한참인데...이제서야 review를 하네요~좀처럼 시간이 나질 않아서...꼼꼼히 읽어보느라 많이 늦었어요.우리 선아, 수재 사진먼저 찾아보게 되더라구요.너무 이쁘게 잘나왔네요.헬렌님의 권유로 선아만 참여를 하기로했다가, 결국엔 욕심이 생겨서 수재까지ㅎㅎㅎ 제가 느낀바로는...책이나 dvd에서 배우는 표현보다는 생활영어가 훨씬 이해가 빠르고,영어가 놀이와 만났을땐 그 효과가배가 되는것 같아요.저희 아이들이 놀이책에 참여하는 활동을 하면서 배웠던 문장들은거의 100% 이해하고 생활속에서 자주 사용을 하거든요.한동안 우리 수재는 컵만 보이면"Where is the candy?" 하면서 야바위 놀이를 하더라구요 ㅎ저도 학생때.......</description>
  <category>Han's mom view</category>
  <tag>어학·외국어</tag>
</item>