﻿<?xml version="1.0" encoding="utf-8"?>
<item>
  <title>어바웃타임</title>
  <link>http://blog.naver.com/vkfdhdud/50193690205</link>
  <description>&amp;#8203;며칠전 본 영화 '어바웃타임'&amp;#8203;신랑은 이런영화를 별로 좋아하지 않고...최근 한달넘도록 감사를 받는중이라 피곤할것 같아서 같이 보잔말도 안했다.아이들 재우고와인한잔 마시며 조용히 혼자 보고있는데 신랑도 옆에와서...같이봤다 .잔잔하고 따뜻한 영화였다.난 이런영화가 참 좋은데...결혼후엔 신랑이 좋아하는코미디, 전쟁, 좀비, 스릴러 등의 영화를 주로 본다.영화가 끝나고 신랑이 날 꼬옥 안더니 훌쩍훌쩍 하더라.그래서 토닥토닥해줬더니 어깨까지 들썩여가며 한참을 울었다.나는 동물프로를 보면서도 우는 사람이라 같이 따라서 울고.최근에 우리 모두가 마음 아팠던 사고로 인해...&amp;#8203;평범했던 오늘이 얼마나 행복.......</description>
  <category>Han's mom view</category>
  <tag>어학·외국어</tag>
</item>