﻿<?xml version="1.0" encoding="utf-8"?>
<item>
  <title>[유아생활영어] 삶은계란</title>
  <link>http://blog.naver.com/vkfdhdud/50194226772</link>
  <description>유아영어교육/엄마표영어/유아생활영어/유아 원어민 영어 과외58개월 선아/38개월 수재/13개월 지운Episode No.250 Boiled eggDon't crack it.&amp;#8203;깨지마.&amp;#8203;What is this?&amp;#8203;이게 뭐야?&amp;#8203;Boiled egg&amp;#8203;삶은 달걀&amp;#8203;First, crack it with head.&amp;#8203;먼저, 머리로 깨트려봐.&amp;#8203;Roll the egg.&amp;#8203;계란을 굴려봐.&amp;#8203;Take off the shell.&amp;#8203;껍데기를 벗겨봐.&amp;#8203;Can you peel it?&amp;#8203;벗길수 있어?&amp;#8203;Did you eat something?&amp;#8203;뭐먹었어?&amp;#8203;What did you eat?&amp;#8203;뭐 먹고있어?&amp;#8203;Daddy, all done.&amp;#8203;아빠, 다했어요.&amp;#8203;Have a bite.한입먹어봐.&amp;#8203;Do you wanna use a .......</description>
  <category>Episode</category>
  <tag>어학·외국어</tag>
</item>