﻿<?xml version="1.0" encoding="utf-8"?>
<item>
  <title>★네이버탑★[유아영어] 새 자전거가 생겼어요 - 유아영어홈스쿨</title>
  <link>http://blog.naver.com/vkfdhdud/50192175638</link>
  <description>유아영어교육/엄마표영어/유아생활영어/삼천리 자전거 18인치57개월 선아/37개월 수재/12개월 지운 Episode No.245New bicycleBeautiful bicycle.&amp;#8203;예쁜 자전거네.&amp;#8203;Let's assemble this.&amp;#8203;조립해보자.&amp;#8203;What do you need?뭐가 필요해?&amp;#8203;I need a helmet and knee guards.&amp;#8203;헬멧이랑 무릎보호대가 필요해요.&amp;#8203;Why do you need?&amp;#8203;왜 필요한데?&amp;#8203;To ride a bicycle.&amp;#8203;자전거 탈려구요.&amp;#8203;Where are your knee guards?&amp;#8203;무릎보호대 어디있어?&amp;#8203;I don't know.&amp;#8203;몰라요.&amp;#8203;Are you ready?준비됐어?&amp;#8203;Can you show me how to ride?&amp;#8203;어떻게 타는줄 보여줄래?&amp;#820.......</description>
  <category>Episode</category>
  <tag>어학·외국어</tag>
</item>