﻿<?xml version="1.0" encoding="utf-8"?>
<item>
  <title>Han's papa cast - 찬송이에게 8개 국어의 날개를 달아주신 찬송맘님 이야기</title>
  <link>http://blog.naver.com/vkfdhdud/50191975905</link>
  <description>&amp;#65279;팟캐스트/교육이야기/한스파파캐스트&amp;#8203;&amp;#8203;&amp;#8203;* mp3파일 첨부되어있습니다 *&amp;#8203;&amp;#8203;&amp;#8203;&amp;#8203;이번에 소개해드릴 분은 '찬송맘'으로 잘 알려진 정현미 선생님이예요~홈스쿨로 찬송이를 키워가며 현재 8개국어를 배워가는 중이라고 하는데요.선생님의 교육방식에 대해 많은 부분 공감하고,배울점이 아주 많으신분이라 인터뷰를 하게되었어요.&amp;#8203;&amp;#8203;&amp;#8203;&amp;#8203;&amp;#8203;&amp;#8203;&amp;#8203;&amp;#8203;&amp;#8203;&amp;#8203;&amp;#8203;&amp;#8203;'찬송맘의 외국어 홈스쿨링' 책을 읽는동안제마음을 다지는 시간을 주심에 감사했는데...&amp;#8203;한스파파와의 대화내용을 들으면서&amp;#8203;정말 따뜻한 느낌이 들더라구요.&amp;#8203;밝.......</description>
  <category>Podcast</category>
  <tag>어학·외국어,찬송맘의외국어홈스쿨링</tag>
</item>