﻿<?xml version="1.0" encoding="utf-8"?>
<item>
  <title>내가 하고 싶은 일</title>
  <link>http://charen.kr/120213014680</link>
  <description>나는 화의 매커니즘에 주목한다. 정작 분노해야 할 대상에 분노하지 못하고 가장 사랑하는 사람에게 상처를 주는, 그로 인해 무엇보다 스스로 큰 화상을 입게 되는, 화의 생성-진화-소멸의 매커니즘에 주목한다. 행복해지기 위해 결혼했고 더 행복하기 위해 아이를 낳았지만 시간이 흐를수록 분노만 커가는 이들을 주목한다. 그들이 화로부터 자유로워지기를, 비난하지 않고 화를 낼 줄 알며 화 내지 않고도 사랑할 줄 아는 지혜를 깨치도록 도와주고 싶다. 언젠가는 온전히 이 일에만 집중하고 싶다.지난 수요일에는 개봉어린이도서관에서, 목요일에는 상계문화정보도서관에서, 금요일에는 강서푸른들도서관에서 강연을 했다. 주제는 "유초등 공.......</description>
  <category>일상과단상(2014년)</category>
  <tag>취미,일상·생각</tag>
</item>