﻿<?xml version="1.0" encoding="utf-8"?>
<item>
  <title>[유아영어] 사과 갈기</title>
  <link>http://blog.naver.com/vkfdhdud/50192481598</link>
  <description>유아영어교육/엄마표영어/유아생활영어57개월 선아/37개월 수재/12개월 지운Episode No.247 The mashed apple&amp;#8203;&amp;#8203;Can 지운 eat an apple?&amp;#8203;지운이가 사과 먹을수 있어?&amp;#8203;No, he doesn't have any teeth.아니요, 지운이는 이가 하나도 없어요.&amp;#8203;He doesn't have any teeth.&amp;#8203;지운이는 이빨이 없지.&amp;#8203;지운 can not eat an apple raw.&amp;#8203;지운이는 사과를 통째로 먹을수가 없어.&amp;#8203;Look at your teeth.&amp;#8203;이빨 좀 보자.&amp;#8203;First, you need to peel an apple.&amp;#8203;먼저, 사과를 깎아야돼.&amp;#8203;Do you know what this is?&amp;#8203;이게 뭔줄 알어?&amp;#8203;I don't know.&amp;#8203;몰라요.&amp;#8203;That.......</description>
  <category>Episode</category>
  <tag>어학·외국어</tag>
</item>