﻿<?xml version="1.0" encoding="utf-8"?>
<item>
  <title>주절거림</title>
  <link>http://euro1984.blog.me/220105628608</link>
  <description>LAST NIGHT,와인을 한잔 떠 놓고. 침대 옆 벽에 기대어 책을 보며, sam smith 의 음악을 들었더니머릿속이 갑자기 복잡해 졌고, 잠깐 책을 내려 놓고 브라운 아이즈의 음악을 듣는다는게..들으면서 페북, 인스타를 왔다갔다 하다 보니 어느새 새벽 12시반.조깅도 안하고 웨이트만 하고 지쳐 쓰러졌었는데 분명 .........../바야흐로..언제인지 기억도 안나는... 아마도..2004년 그러니까 내가 21살때.방학때 싱가폴에서 잠깐 영어공부를 할때 만났던 친구가 있다.앞문으로 들어오는 키큰 그녀석을 보고 나는 단번에 '쟤는 분명 한국사람이다!" -그당시 김남진과 매우 흡사했던 외모라고 생각 했었는데, 알고보니 태국사람. 영어하면 괜찮은데 태.......</description>
  <category>일 상 </category>
  <tag>잘자요-(성시경처럼)</tag>
</item>