﻿<?xml version="1.0" encoding="utf-8"?>
<item>
  <title>10년 된 차를 마시다</title>
  <link>http://charen.kr/120212746806</link>
  <description>10년 된 이무보이차가 잘 익어가고 있다. 한 달 전에는 연미가 강하더니 이제는 마시기 딱 좋다. 연휴 내내 차 마시며 책 읽으며 간간이 딸과 오목을 두었다. 이번 판은 싱겁게 끝났다.종일 2004년 이무보이차를 마시다가 저녁에 역시 10년이 된 2004년 야생 죽통차(竹筒茶)를 뜯었다. 중량은 대략 500그램이고 북경 초의다실에서 육대차산차창에 주문 제작하였다. 강성이족(江城彛族)자치현의 야생 고차수(古茶樹) 노엽(老葉)으로 만들었다. 노엽이라 함은 쇤 잎, 즉 황편(黃片)을 뜻한다. 고차수 노엽을 증기로 찐 다음 생(生) 죽통에 넣고 불에 구워 성형한 다음 건조하였다.생긴 건 저래도 그 나름의 풍미가 있다. 대나무와 차향이 미묘하게.......</description>
  <category>일상과단상(2014년)</category>
  <tag>보이차,죽통차,자전거,세월호</tag>
</item>