﻿<?xml version="1.0" encoding="utf-8"?>
<item>
  <title>파워블로그...감사합니다^^</title>
  <link>http://blog.naver.com/vkfdhdud/50191726641</link>
  <description>엠블럼을 달았어요^^진짜 파워블로그가 되었네요.교육, 외국어 분야2명중 1명이 저라니~~~가문의 영광이이예요^^네이버가 어떻게 저희를 찾아냈을까요~? ㅎㅎㅎ딱 2년정도 된것 같아요.선아가 요즘 영어하는걸 듣고있으면 참 놀라워요.예전엔 주어+동사+목적어 이랬다면...요즘엔 전치사를 붙여가며 문장들을 늘리고, 더 늘리고,계속 늘려서 이야기를 하더라구요.2년동안 쌓였던것들이이제 나온다고 할까요?엄마 아빠가 사용하지 않는 단어나 표현들을 많이 사용해요.오히려 저희가 아이들한테 배우네요.허리띠 졸라매면서 책사주고...나의 한계를 시험하며 책을 읽어주고...밤새도록 책도만들고...자료들 모으고...했던 노력들이 참 보람되네요.......</description>
  <category>Han's mom view</category>
  <tag>어학·외국어</tag>
</item>