﻿<?xml version="1.0" encoding="utf-8"?>
<item>
  <title>The fault in our stars.</title>
  <link>http://euro1984.blog.me/220101626206</link>
  <description>비가 하루종일 많-이 올거라고 해서 헌터 신었는데. 정말 신기 잘 했던 날.근데 헌터를 신으면 정말 하루가 더 피곤하고..뭔가 다리도 더 붓는 느낌이다. ㅠㅠ그래도 첨벙 청벙 막 걸어다녀도 되서 좋음.전 날 회식해서 숙취로 고생하는 친구를 굳이 점심시간에 만나 같이 햄버거 먹기ㅋㅋㅋㅋㅋㅋㅋㅋㅋㅋㅋㅋㅋㅋㅋㅋㅋㅋㅋ그녀는 괴로워 했다..말하기 싫으니까 카톡으로 대화하자 했다..ㅋㅋㅋㅋㅋㅋㅋㅋㅋㅋㅋㅋㅋㅋㅋㅋㅋㅋㅋ왜 때문에 저렇게 옷이 구겨졌는지 의문이였던 날.사진은 내가 좋아하는 노래 나오는 spc양재 화장실 ㅋㅋㅋㅋㅋㅋㅋㅋㅋㅋ뭐든 크게 보이게 만드는 나의 마법의 손...ㅋㅋㅋㅋㅋㅋㅋㅋㅋ아니 진짜 근데 이렇게 큰 타.......</description>
  <category>일 상 </category>
  <tag>안녕헤이즐,흐규규규규ㅠㄱ</tag>
</item>