﻿<?xml version="1.0" encoding="utf-8"?>
<item>
  <title>미친 먹방</title>
  <link>http://euro1984.blog.me/220101615156</link>
  <description>미쳤다 싶다 요새. 이렇게 먹어도 되나 싶다.운동을 못한지가 벌써 2주째.정말 이번주는 월 화 수 목 금 토 하루에 하나씩 약속이........다음주는 그냥 쫄쫄 굶어도 죽지 않을 정도로 엄청 먹었다 이번주에ㅠㅠㅠㅠㅠㅠㅠㅠㅠㅠㅠㅠㅠㅠㅠ사진을 털어보니 죄다 먹는사진이라..오늘은 먹방 폴더에..강남역 더블트러블.느끼한거 좋아하신다면 여기 궈궈. 진짜 짜고 맛있다 ㅋㅋㅋㅋㅋㅋㅋㅋㅋㅋ겹친문제. 아 정말 문제다 문제. 맛있다. 짜다. 문제다.감자.양파.베이컨. 그리고 소스.지금 배고픈데 사진보니까 손으로 막 집어먹고 싶다 ㅠㅠ이게 바로 '더블트러블'햄버거 패티와 토스트 치즈 베이컨 토마토 의 미친조합. 진짜 맛있다.이건 이렇게 보.......</description>
  <category>먹 to the 방</category>
  <tag>더블트러블,설빙,버거킹,윤세영식당,딘타이펑</tag>
</item>