﻿<?xml version="1.0" encoding="utf-8"?>
<item>
  <title>★네이버탑★ [유아생활영어] 씨앗 </title>
  <link>http://blog.naver.com/vkfdhdud/50191209837</link>
  <description>생활영어/유아영어교육/엄마표영어교육/유아생활영어56개월 선아/36개월 수재/11개월 지운 Episode No.241Seeds&amp;#8203;수재, I got a surprise for you.&amp;#8203;수재야, 아빠가 선물가지고 왔어.&amp;#8203;What are these?&amp;#8203;이게 뭐야?&amp;#8203;I don't know.&amp;#8203;몰라요.&amp;#8203;These are seeds.&amp;#8203;이건 씨라는거야.&amp;#8203;These are lettuce seeds.이건 상추씨야.&amp;#8203;I want flower seeds.&amp;#8203;난 꽃씨가 좋아요.&amp;#8203;Daddy, I want to open it.&amp;#8203;아빠, 열어주세요.&amp;#8203;What do you need to grow flowers?&amp;#8203;꽃을 기르기 위해서는무엇이 필요할까?&amp;#8203;Water, sun shine (Sun light), air&amp;#8203;물, 햇빛, 공기&amp;#820.......</description>
  <category>Episode</category>
  <tag>어학·외국어</tag>
</item>