﻿<?xml version="1.0" encoding="utf-8"?>
<item>
  <title>★네이버탑★[유아영어] 무엇이 될수 있을까? - 프뢰벨 은물놀이</title>
  <link>http://blog.naver.com/vkfdhdud/50191906824</link>
  <description>프뢰벨 은물/유아영어교육/엄마표영어/유아생활영어56개월 선아/36개월 수재/11개월 지운 Episode No.244 What can it be?&amp;#8203;&amp;#8203;Can you make it disappear?&amp;#8203;그거 없어지게 할수있어?&amp;#8203;Where is it?&amp;#8203;어디갔어?&amp;#8203;The purple ball disappeared.&amp;#8203;보라색 공이 없어졌네.&amp;#8203;Can you make it reappear?&amp;#8203;다시 나타나게 할수있어?&amp;#8203;Wow, you changed the color?&amp;#8203;와, 색깔을 바꿨어?&amp;#8203;Make it purple.보라색으로 만들어봐.&amp;#8203;It's gone.&amp;#8203;없어졌어요.&amp;#8203;The purple ball is gone.&amp;#8203;보라색공이 없어졌네.&amp;#8203;Here is your ear ring.&amp;#8203;귀걸이 여깄어.&amp;#8203;One b.......</description>
  <category>Episode</category>
  <tag>어학·외국어</tag>
</item>