﻿<?xml version="1.0" encoding="utf-8"?>
<item>
  <title>[유아생활영어] 달리기 시합</title>
  <link>http://blog.naver.com/vkfdhdud/50191657808</link>
  <description>생활영어/유아영어교육/엄마표영어교육/유아생활영어56개월 선아/36개월 수재/11개월 지운 Episode No.243 Race&amp;#8203;&amp;#8203;Can you stand up?&amp;#8203;일어날수 있어?&amp;#8203;Are you balancing?&amp;#8203;균형 잡고 있어?&amp;#8203;Do you wanna have a race?&amp;#8203;경주하고싶니?&amp;#8203;Let's have a turtle race.&amp;#8203;거북이 달리기를 해보자.&amp;#8203;On your mark.&amp;#8203;제자리에.&amp;#8203;Get set go!&amp;#8203;준비 출발!&amp;#8203;Who is the fastest?&amp;#8203;누가 제일 빨라?&amp;#8203;&amp;#8203;Take it easy.&amp;#8203;진정해.&amp;#8203;Easy on him.(지운이한테) 좀 봐줘.&amp;#8203;Who is winning?&amp;#8203;누가 이기고 있어?&amp;#8203;You are the winner&amp;#8203;.니가.......</description>
  <category>Episode</category>
  <tag>어학·외국어</tag>
</item>