﻿<?xml version="1.0" encoding="utf-8"?>
<item>
  <title>밀린일기</title>
  <link>http://euro1984.blog.me/220098112425</link>
  <description>역시 일기는 밀려야 제맛이지.몰아서 쓰려니 기억이 희미하긴 하지만 ㅋㅋㅋㅋㅋㅋㅋㅋ요즘 너무 SPC블로그 관리하느라 내 블로그에 소흘해 진거 같다.이러면 안돼!!!퇴근시간임박. 시간을 짬내서 초 스피드 밀린일기를 써보도록 한다.네네 안내받고 왔습니다. 그리고 20분 더 기다리기.더워 디질뻔했다. 휴 ㅠㅠㅠㅠㅠㅠㅠㅠㅠㅠㅠㅠㅠ피자도 맛있지만 저 새우 진짜 진짜 맛있었음.다음에 가면 피자는 이제 진짜 그만 먹고 싶다 ㅋㅋㅋㅋㅋㅋㅋㅋㅋㅋ파스타 먹어봐야지..여기는젠틀 몬스터. 뭐 간단히 무식하게 말해 신상 나오면 깔아놓고 소개해 주는 곳 이라고 정의하면 될듯.마구마구 썬그라스 써보지만 하나도 어울리는게 없다는 슬픈현실.똥.......</description>
  <category>일 상 </category>
  <tag />
</item>