﻿<?xml version="1.0" encoding="utf-8"?>
<item>
  <title>[유아생활영어] 머리깍기</title>
  <link>http://blog.naver.com/vkfdhdud/50191588828</link>
  <description>생활영어/유아영어교육/엄마표영어교육/유아생활영어56개월 선아/36개월 수재/11개월 지운 Episode No.242Hair cut&amp;#8203;&amp;#8203;수재, Your hair is too long and sticking out.&amp;#8203;수재, 머리가 너무 길고 튀어나왔어.&amp;#8203;Let's go get a hair cut.&amp;#8203;머리 깎으러 가자.&amp;#8203;Do you wanna get a hair cut with daddy?&amp;#8203;아빠랑 같이 머리 깎으러 갈래?&amp;#8203;No.&amp;#8203;아니요.&amp;#8203;Why not?&amp;#8203;왜 싫어?&amp;#8203;Daddy's hair is a little bit messy too.&amp;#8203;아빠 머리도 지저분해.&amp;#8203;Close your eyes.&amp;#8203;눈감어.&amp;#8203;Sit still.&amp;#8203;가만 앉아있어.&amp;#8203;Did you get a hair cut?&amp;#8203;머리 깎았어?&amp;#82.......</description>
  <category>Episode</category>
  <tag>어학·외국어</tag>
</item>