﻿<?xml version="1.0" encoding="utf-8"?>
<item>
  <title>갑니다. 밀린 일기!!</title>
  <link>http://euro1984.blog.me/220092460129</link>
  <description>도라왔다도라왔다포스팅이도라왔다.요새 셀카를 안 찍어서 이웃공개 포스팅이 없네.......요즘 얼굴에 김 묻어서........#못생김ㅋㅋㅋㅋㅋㅋㅋㅋㅋㅋㅋㅋㅋㅋㅋ히흉날이 좀 선선해 져서, 오늘 긴 셔츠에 청바지 입고 나갔다가집에오면서 더워서 욕했다.....내가 너무 성급했네..아 빨리 청바지 마구마구 입고 싶다 ㅠㅠ포스팅 시이작요새 운동.. 너무 건너뛴다. 한참 날 진짜 더울때는 미친듯이 뛰었었는데날 좀 풀렸는데..왜 덜 뛰지.....나이키 어플에서 내가 1등이 아니다..내 위에 다른 사람이 있다 ㅠㅠㅠㅠㅠㅠㅠㅠㅠㅠㅠㅠㅠㅠㅠㅠㅠㅠ그래서 친구랑 호수공원으로 갔는데!!! 커플바지 뙇 입고..흐흐흐흐흐1시간 반 동안 신나게 수다떨면.......</description>
  <category>일 상 </category>
  <tag>일기는매일씁시다</tag>
</item>