﻿<?xml version="1.0" encoding="utf-8"?>
<item>
  <title>먹방 폴더에 포스팅 한다.</title>
  <link>http://euro1984.blog.me/220087123808</link>
  <description>오랜만에 또 포스팅!오늘은 '일상' 폴더가 아닌..'먹방' 폴더에 포스팅을 해야 할 거 같아서.일단 핸드폰에 저장되어 있는 수많은...음식 사진들을 걸러내 보기로 한다.토요일 밤!난 잠이 안오니까!아닌가.졸린것도 같고.......spc에서 에끌레흐 수업 끝나고 받아온 에끌레흐들.호홍. 친구만나 나눠먹고 친구네 집으로 셔틀 보냈다.우리집 가족들은 군것질을 잘 하지 않으므로 ㅋㅋㅋㅋㅋ금요일 새벽 아니 금요일 밤 아니 토요일 새벽 2시에 뜬금없이 먹방.씐나게 놀고 나와서 먹은 진짜 맛있던 김치전.칼국수.묵 무침.욕쟁이 아줌마가 하시던 곳 이였는데 .. 음식이 다 맛있었다.술집에서 술 안시키고 안주만 시켜 먹기...ㅋㅋㅋㅋㅋㅋㅋㅋㅋㅋ.......</description>
  <category>먹 to the 방</category>
  <tag>먹방사진이,모자란다,더모아야지</tag>
</item>