﻿<?xml version="1.0" encoding="utf-8"?>
<item>
  <title>서초동 와인바 BLUVINO </title>
  <link>http://euro1984.blog.me/220087146130</link>
  <description>금요일밤은 불타야 한다!!!!!!!!!!하루라도 젊을때 노세노세 젊어서 노세...ㅋㅋㅋㅋㅋㅋㅋㅋㅋㅋ그러니까 어제.....불타는 금요일..아니 그제인가. 12시 지났으니 지금은 일요일이네.금요일에 일단 강남에서 와인한병으로 시작했다. 아..소주맥주다필요없고! 와인 짱. 와인 좋다 ㅠㅠ예술의전당 근처에 있는 와인바 블루비노. 수목금 저녁 9-11시에 재즈공연이 있다.재즈공연 보면서 와인 먹었더니 정말..입에서 '아 좋다' 소리가 절로 나오더라는..........서초동 1459-8 정풍빌딩 지하1층.현수막이 걸려있는 곳에 보이는 문으로 가는게 아니고!!!! 건물 오른쪽에 있는 문으로 들어가야 된다.사장님이 '내가 생각하는 집'의 저자 이셨다. 그래.......</description>
  <category>먹 to the 방</category>
  <tag>재즈바,와인바,사랑해요재즈바,블루비노,bluvino</tag>
</item>