﻿<?xml version="1.0" encoding="utf-8"?>
<item>
  <title>미 뀌 쇼콜라 @SPC CULINARY ACADEMY</title>
  <link>http://euro1984.blog.me/220092402761</link>
  <description>요리과정이나 완성된 음식..사진에 대한 로망이 사실 조금 있었었다.제이미 올리버의 요리 프로를 보면서 그 로망이 극에 달했었고.............요즘 이렇게 종종 음식 사진이나 조리과정 사진을 찍으면서단렌즈 뽐뿌가 극에 달했다!!!!!!!!!!!!!!!!!!!!기다려라 9월 월급..ㅋㅋㅋㅋㅋㅋㅋㅋㅋㅋㅋㅋㅋㅋㅋ오늘의 사진은 쇼콜라. yam!</description>
  <category>일 상 </category>
  <tag>spc컬리너리아카데미,쇼콜라</tag>
</item>