﻿<?xml version="1.0" encoding="utf-8"?>
<item>
  <title>커피단기과정 그 두번째 : 추출</title>
  <link>http://euro1984.blog.me/220079962415</link>
  <description>SPC 컬리너리아카데미 에서 하는 커피단기과정. 그 두 번째 수업이 지난 월요일에 있었다.다시 말하지만..내가 듣는 수업은 오픈 수업같은 형식으로, 커피단기과정의 맛만 살짝 보는 그런 체험(?)이 되겠다.커피단기과정에 관심이 있다면 :http://baking.paris.co.kr&amp;#8203; 요기로! 혹은 비댓으로 질문하세요! :-)첫번째 수업인 컵핑 보다는 추출 수업이 좀 더 손으로 하는것이 많아 더 재미있었던 것 같다 ㅎㅎㅎHOW TO BREW 수업의 이수영 강사님. 완전 미녀강사님 ㅋㅋㅋㅋ &amp;gt;_&amp;lt;분쇄부터 하기로 한다. 원두를 갈아서 그 굵기를 느껴봤다. 추출기구에 따라 굵기가 달라야 한다는거...이 날 처음 알았다 ㅋㅋㅋㅋㅋㅋㅋ아 난 정말 커피에.......</description>
  <category>일 상 </category>
  <tag>spc컬리너리아카데미,커피단기과정,SCAE커피과정,howto과정,브루잉.</tag>
</item>