﻿<?xml version="1.0" encoding="utf-8"?>
<item>
  <title>커피단기특별과정 세번째 &lt;로스팅&gt;</title>
  <link>http://euro1984.blog.me/220091192893</link>
  <description>8월 4일에 마무리 된 커피단기특별과정 3편. 로스팅.묵혀둔 사진 드디어 포스팅 한다. 아 일주일이 훨씬 지나버렸네. 오홍홍.컵핑.브루잉에 이은 로스팅 수업. 역시나 뭐 재미있었다. 두말하면 입 아프다.일단 시작은 시카고 피자로 한다. 홍대 시카고 피자에서 일하시는 분이 수업 마지막 날이라고 특별히 멀리서 피자를 갖고 오셨다!!!!!!!그리고 제빵 하시는 분이 또 빵을 구워 오시고 ㅠㅠ 아 다들 인심이 너무 후하십니다..빈손으로 간 나는...나는..........괜히 미안해지고요...ㅋㅋㅋㅋㅋㅋㅋㅋㅋ수업 시작 전에 음식 풀어 헤치고, 먹방 먼저 찍고! 커피수업 시작!낙서하기 좋아하는 나는... 커피수업 가서도 이러고 있다..ㅋㅋㅋㅋㅋㅋ.......</description>
  <category>일 상 </category>
  <tag>spc컬리너리아카데미,커피단기과정,바리스타,되고싶으싶니까,호호호,배고파,다이어트는영원하라</tag>
</item>