﻿<?xml version="1.0" encoding="utf-8"?>
<item>
  <title>처음 해본 젤 네일 / 합정 네일샵</title>
  <link>http://euro1984.blog.me/220080459420</link>
  <description>아는사람은 다 아는..나란여자..네일샵에 태어나서 딱 한번 가본 그런 여자..ㅋㅋㅋㅋㅋㅋㅋㅋ스트레스를 풀고 기분전환을 하는 방법은 사람마다 다르고..내 방식과 네일아트는 그닥 맞지 않았기에20대 초반에 친구랑 재미삼아 한번 가보고는 네일샵 이랑은 인연을 끊고 산지 어언..몇년인지..ㅋㅋㅋ집에서 메니큐 바르고 지우고 바르고 지우고를 반복 하다가........실증내고, 몇 주 동안 손톱을 그냥 무방비 상태로 뒀었는데..지인분이 네일샵을 오픈 하시고 저렴저렴하게 해주신다는 말에 귀가 팔랑팔랑..해서 찾아간 곳은 합정 위치스 네일.네일샵이 합정과 홍대 사이에 있어서..위치를 말하기 조금 애매하지만 홍대번화가에선 일단 벗어난 곳.......</description>
  <category>일 상 </category>
  <tag>합정네일,위치스네일</tag>
</item>