﻿<?xml version="1.0" encoding="utf-8"?>
<item>
  <title>붕어 부녀(父女)</title>
  <link>http://charen.kr/120212670887</link>
  <description>어젠 바람이 몹시 불었다. 저녁엔 마치 낙양성이 불타듯 하늘이 붉었다. 진도 앞바다에 밤새 풍랑이 심해 수색이 중단되었다는 소식을 들었다. 대통령이 팽목항을 찾았고 팽목항의 대통령을 조선일보는 마치 예수 그리스도처럼 묘사했다. 정권과 언론의 거대한 카르텔이 역겹다. 언론의 시계는 5공에서 멈춰있는 듯하다.동다송(東茶頌)에 대한 정민 교수의 풀이와 원학스님의 풀이를 비교하며 읽는다. 동다송은 정조의 외동사위인 홍현주가 다도(茶道)에 대해 초의선사에게 물어 그 대답으로 지은 것이다. 중국에 육우(陸羽)가 있다면 한국에 초의(草衣)가 있다고 할 만큼 초의는 한국 차문화사의 독보적인 존재다. 동다(東茶)는 동방의 차, 즉 우.......</description>
  <category>일상과단상(2014년)</category>
  <tag>일상·생각</tag>
</item>