﻿<?xml version="1.0" encoding="utf-8"?>
<item>
  <title>오랜만에 일상 포스팅</title>
  <link>http://euro1984.blog.me/220087778291</link>
  <description>먹방아닌 커피아닌 빵 이야기 아닌 그냥 이야기.오랜만에 찌그려 본다.입추 지나고 정말 무섭게 공기가 차가워 졌다. 아 너무좋다. 빨리 겨울오면 좋겠다 ㅠㅠ징그럽게도 잔인했던 2014년 여름이 조금씩 멀어져 가고 있다.친구랑 집밥 모임에 다녀왔다.http://www.zipbob.net가죽팔찌 만드는 수업이였는데..생각보다 정말 오래 걸렸다. 재단하고 자르고 까진 좋은데..칠하고 말리고 칠하고 말리고 반복 하다 보니..시간이 정말 오래 걸리더라는..그리하여 완성된 나으 팔찌. 힘들게(?) 만들었는데 남자꺼 같고..........날 좀 추워지고 하면 좀 괜찮을거 같다. (고 믿어본다)팔찌 만든 곳은 서울대 근처. 2시간 반동안 열심히 만들고 홍대로 넘어.......</description>
  <category>일 상 </category>
  <tag>으악,월요일</tag>
</item>