﻿<?xml version="1.0" encoding="utf-8"?>
<item>
  <title>새벽에 쓰는 일기</title>
  <link>http://euro1984.blog.me/220072907289</link>
  <description>요즘..술을 너무 한다. 정말 30년동안 술을 거의 안 마시고 살았었는데, 술도 마시면 는다는 말이 맞다.절대 마실 수 없을것 같던 소주도 마시고 맛 없던 와인도 맛있어 지기 시작하고..사람이 죽을때가 되면 변한다던데..ㅋㅋㅋㅋㅋㅋㅋㅋㅋㅋㅋㅋㅋㅋㅋ하루종일 신나게 놀다가, 집에와서 와인한잔 마시고 헤드폰으로 음악 크게 들으며 쓰는 포스팅.오늘 좀 늦게자도 괜찮다. 내일 일요일이니까!!!! 크하하하!!간단한 영상작업 할 게 있었는데..(그 커피영상) 집에가긴 싫었던 어느 날. 회사에 노트북 갖고간 김에 퇴근하고 커피숍으로.비가 왔었으면 더 좋았을텐데 (내가 헌터를 신고있었으니까) ..어느날 점심으로 먹은 까르보나라. 전형적인.......</description>
  <category>일 상 </category>
  <tag>미즈컨테이너,uff,헤이리</tag>
</item>