﻿<?xml version="1.0" encoding="utf-8"?>
<item>
  <title>밀린 포스팅 시작</title>
  <link>http://euro1984.blog.me/220068508530</link>
  <description>오랜만입니다!!!!!!!!!!너무 오랜만이니까 인사하고 시작합니다.요 몇일 너무 바빴다. 머리 보다는 가슴이 먼저 움직이는 ㅂㅅ같은 성격 때문에..나름 힘들었던 일이 있었는데..오늘부로 베리 클리어 하게 정리가 된것도 같아서 후련한 마음.회사에서 진짜 정신 못차리며 귀신에 홀린 애 처럼 하루종일 멍 때리다가 뒤늦게 퇴근시간 되서 일 하고..예정에도 없던..시키지도 않은...야근을 스스로 자처하는........바보같은 짓을 하고..........ㅋㅋㅋㅋㅋㅋ비가와서..운동도 못하고!!!!!!!! 그래서 마음 먹고 컴퓨터를 켰다.사진이 어마어마하게 많은데 조금씩 포스팅을 해보는걸로 !!나는 계속 달린다. 일이 좀 밀려 늦게 까지 일하고 집에 10시.......</description>
  <category>일 상 </category>
  <tag>귀에서클럽음악이나온다,난누군가또여긴어딘가</tag>
</item>