﻿<?xml version="1.0" encoding="utf-8"?>
<item>
  <title>점심식사로 마카롱을 먹었던 날</title>
  <link>http://euro1984.blog.me/220068537291</link>
  <description>지난 주 금요일에 양재에 SPC 컬리너리 아카데미로 외근을 다녀왔다.반년동안 열심히 수업들은 학생들 수료식이 있던 날. 업무용 사진은 사진 잘 찍으시는 과장님이 찍으셨고내 사진은 이렇게 써먹어 보기로 한다. ㅋㅋㅋㅋㅋㅋㅋ날 무너트린 마카롱 탑. ㅋㅋㅋㅋㅋㅋㅋㅋㅋㅋㅋㅋ 아 저 속으로 들어가고 싶었다 정말..작품과 시식용 빵들이 따로 구비되어 있었고, 재빵 뿐만아니라 커피 과정도 이날 수료식이 같이 있었어서 정말 커피를 몇잔을 마신건지........행복했다....그 중 나를 가장 행복하게 하던 녀석들...흐흐흐..점심을 마카롱과 커피로 때울정도로 많이 먹었다.아..이런 외근 맨날 가고 싶다. 돼지가 되는건 시간문제다..정말 정말.......</description>
  <category>일 상 </category>
  <tag>spc컬리너리아카데미</tag>
</item>