﻿<?xml version="1.0" encoding="utf-8"?>
<item>
  <title>요즘 열심히 듣는 곡들</title>
  <link>http://euro1984.blog.me/220069785381</link>
  <description>Selena Gomez - Love you like a love song최신곡은 아니지만, 얼마전에 처음 들었다. 그닥 노래를 잘하는 친구 같지는 않지만..이 음악 너무 좋아서 거짓말 조금 보태서 900번 정도 들은거 같다 일주일 동안.정말 내내 이노래만 반.복.재.생다른건 모르겠는데..이렇게 음악은 꽂힌거 진짜 하나만 계속 듣는 이런 변태같은 버릇이 있어서 ㅋㅋㅋㅋㅋㅋ뮤직비디오 유치함의 끝. 이지만. 노래는 좋으니까 그냥 보기로 한다.그리고..셀레나 냔 귀엽네. 몸매가. 쳇. 흥. 근데 라이브 하는거 보니..가창력은..그리고 이건 좀 다른 버젼의 다른 사람이 부른 Love you like a love song. 원곡보다 더 좋다..정말 대단한 세 팀이 모였다. 닥펑.페럴.스티.......</description>
  <category>듣 다 </category>
  <tag>음악</tag>
</item>