﻿<?xml version="1.0" encoding="utf-8"?>
<item>
  <title>김포 장기동 맛집 : 메이쓰리</title>
  <link>http://euro1984.blog.me/220050154260</link>
  <description>직장생활을..(에헴) 하다보니 (에헴) ㅋㅋㅋㅋㅋㅋㅋㅋㅋㅋㅋㅋㅋㅋㅋㅋ점심먹으러 차타고 멀리도 가는 일이 이렇게 있다...ㅋㅋㅋㅋㅋ그것도 나에겐 엄청나게 생소한 동네 김 to the 포난..마음에서 우러나오면 블로그에 종종 이렇게 맛집 포스팅을 하는 편인데..오늘 특별히 이렇게 !!!!!!!!!!!!! 마음에서 정말 우러나오는 '홍보' 아닌 홍보 한번 하려 한다.왜냐면 정말 맛있었으니까 ㅠㅠㅠㅠㅠㅠㅠㅠㅠㅠㅠㅠㅠㅠㅠㅠ감히 이곳을 김포맛집 이라고 부르겠다 나는...ㅋㅋㅋㅋㅋㅋㅋㅋㅋㅋ지도가 왜 이러지? 왜 주변에 아무것도 없지..ㅋㅋㅋ암튼! May3 라는 곳이였는데......영어로 이렇게 쓸 때 보다는 한글로 말할때 어감이 더 좋은것 같다.......</description>
  <category>먹 to the 방</category>
  <tag>김포맛집,마음에서우러나오는홍보,메이쓰리</tag>
</item>