﻿<?xml version="1.0" encoding="utf-8"?>
<item>
  <title>아이뽄 사진 방출하는 일요일</title>
  <link>http://euro1984.blog.me/220058767518</link>
  <description>또 오랜만에 포스팅 한다. 크흑...정말 자주 하고 싶은데 일을 하고 나서부터 안할때보다 더 뭔가 단조로워진 일상 이라..사진도 잘 안찍게 되고...오늘은!!! 몇일 삭혀둔 사진 모으고 모아서 포스팅!그러하다. 요즘 나의 일상은 단조롭기 짝이 없다.좋게 말하면 단조롭고 나쁘게 말하면 심심하다. ㅋㅋㅋㅋㅋㅋ 아니 지루한건가.퇴근후 조깅 그리고 취침. ㅋㅋㅋㅋㅋㅋㅋㅋㅋㅋㅋ 촤하하평범한게 제일 어려운건데 그 어려운 삶을 난 살아가고 있다고 위안 삼아 본다...좀 덜 단조롭기 위해...............8월 부터는 영어학원에 다녀야겠고 (영어 까먹을까봐 무섭..)내일 부터는 출근전에 단지 내 헬스장에 다닐 생각이다. 새벽 6시반에!!아침에.......</description>
  <category>일 상 </category>
  <tag>뭐라고쓴건지,촤하하하</tag>
</item>