﻿<?xml version="1.0" encoding="utf-8"?>
<item>
  <title>마카롱을 먹는 방법</title>
  <link>http://euro1984.blog.me/220078454004</link>
  <description>이렇게.까롱까롱마까롱. 망친건 이렇게 다 먹어치움. 배부름. ㅋㅋㅋㅋㅋㅋㅋㅋㅋㅋㅋㅋㅋㅋㅋㅋㅋ밀린 포스팅은 주말에 몰아하기로...오래 기다리게해서 죄송해요..기다리는거 아니라구요?그럼말고뿅ㅋㅋㅋㅋㅋㅋㅋㅋㅋㅋㅋㅋㅋㅋㅋㅋㅋㅋㅋㅋㅋㅋㅋㅋㅋㅋㅋㅋ</description>
  <category>일 상 </category>
  <tag />
</item>