﻿<?xml version="1.0" encoding="utf-8"?>
<item>
  <title>커피 단기과정/ HOW 과정</title>
  <link>http://euro1984.blog.me/220070770748</link>
  <description>SPC 그룹에서 운영하는 컬리너리 아카데미가 있다 (http://baking.paris.co.kr/&amp;#8203;)르노뜨르, 파티세리, SCAE 커피 과정의 디플로마 수업이 있는 요리 아카데미.그 중에서도 내가 1주일에 1번 (4시간) 3번 참가할 수업은 SCAE 커피 단기 과정으로실습을 위주로 하는 단기간 속성 코스라고 할까. 난 그 수업을 '체험' 만 하고 왔다!-단기과정은 8월에 시작한다고 하네요How to cup / How to brew / How to roast 이 세 가지로 진행되는 커피수업 그 중에서도 첫 번째인How to cup 수업을 월요일에 다녀왔다.다음주에 아마 로스팅, 그리고 그 다음주에 브루잉과정을 듣게 될 듯 하다.난..커피를 매우 즐겨마시지만 커피에 대한 이론이 정말 전.......</description>
  <category>일 상 </category>
  <tag>spc컬리너리아카데미,scae커피디플로마,scae커피단기과정,how과정,커핑</tag>
</item>