﻿<?xml version="1.0" encoding="utf-8"?>
<item>
  <title>잔인한 4월은 가고</title>
  <link>http://charen.kr/120212472616</link>
  <description>오전에 아이를 학교에 바래다 주고 돌아와 잠이 들었다. 몇 시간 꿀잠을 잤다. 요 며칠 술자리가 잦아 많이 피곤했었나 보다. 시험 기간이라 아이는 일찍 들어왔다. 어떤 문제는 손도 못 댔고 또 어떤 문제는 아는데도 실수로 틀렸다며 미주알고주알 말하는 모습이 나는 그저 귀엽기만 했다. 오후엔 시험 공부하는 아이 옆에서 차 마시며 책 몇 자 읽었다. 목책철관음을 마셨다. 저녁엔 아이와 함께 자전거를 끌고 탄천 자전거길을 달렸다. 돌아와 저녁으로 고기를 구워 먹고, 아이는 남은 시험 공부를, 나는 마틴 셀리그만의 &amp;lt;낙관적인 아이&amp;gt;를 읽고 있다.나를 위해, 무엇보다 아이를 위해 요즘 집에서 TV를 켜지 않는다. 가슴이 아프고 아.......</description>
  <category>일상과단상(2014년)</category>
  <tag>취미,일상·생각</tag>
</item>