﻿<?xml version="1.0" encoding="utf-8"?>
<item>
  <title>파리 _ 아이폰 (1)</title>
  <link>http://euro1984.blog.me/220020811796</link>
  <description>파리 이야기를 쪼금만 풀어 보기로 한다. 지금은 새벽 1시반. 나는 잠이 안오니까.아 근데 너무 배고프다. 크흑..항공은 : 한국-(헬싱키경유)파리-핀란드-한국고로 굳이 따지자면 인천-헬싱키-파리(샤를드골)-헬싱키-한국 요런 루트가 되겠다.대한한공으로 파리-한국 직항을 타고 왔다갔다 하는것 보다 더 쌌다.호텔은 :Best Western Montcalm (지하철 Boucicaut 역에서 걸어서 1분 거리)예약은 부킹닷컴http://www.booking.com/hotel/fr/bestwesternmontcalmparis.html?dlen=1;aid=400000;#tab-main호텔에 대한 자세한 얘기는 밑에 하기로 하고..한국-핀란드행 아침겸 점심 식사.맛 드릅게 없는 핀에어 기내식. 정말 먹고 싶지 않지만 티켓 가격.......</description>
  <category>여&amp;#160;행</category>
  <tag />
</item>