﻿<?xml version="1.0" encoding="utf-8"?>
<item>
  <title>이태원 프리덤</title>
  <link>http://euro1984.blog.me/220023856184</link>
  <description>금요일에 이어 토요일도 건전하게 불태우다.머리가 복잡할땐 사람 많고 시끄럽고 바글바글 한데 가서 맛있는거 먹고 친구랑 수다떨고..그러는거지뭐.일단 평소 안 입고 옷장에서 썩어가던 원피스와 힐을 꺼내신고 화장을 하고 집을 나서는데집앞에서 사람들이 쳐다본다..ㅋㅋㅋㅋㅋㅋㅋㅋㅋㅋㅋㅋㅋㅋㅋ까만 리무진 타고 가야 될거 같은 복장으로 마을버스 탑승이라니?..이쁘게 옷입고 찾아간 곳은 그릴파이브.ㅋㅋㅋㅋㅋㅋㅋㅋㅋㅋㅋㅋㅋㅋㅋ왠지 브레이크댄스 되게 잘추게 생긴 직원들이 분주하게 다다다다다음악도 왠지 스타일 무브 좀 해줘야 할 것 같은 비트로..김치퀘사디아와 이름 까먹은 감튀. 칼로리 폭탄이지만 잠시만 잊기로 한다...김.......</description>
  <category>일 상 </category>
  <tag>그릴파이브,글램</tag>
</item>