﻿<?xml version="1.0" encoding="utf-8"?>
<item>
  <title>6월 마지막 밤</title>
  <link>http://euro1984.blog.me/220046247022</link>
  <description>와퍼가 땡겨서 와퍼를 그려봤다.와퍼가 엄청 떙기는 오후 11시 38분. 내일 아침 일찍 일어나야되는데 나는 왜 이러고 있는가!!!뱅뱅 사거리 근처 어딘가에 있었던 태국 식당. [방콕 92]태국에서 오래 살다 오신 (한국인) 사장님께서 하시는 식당이라는.그래서 인지..뭔가 더 태국 스럽다는...태국인 친구 한국오면 여기 한번 데리고 가볼까..ㅋㅋㅋㅋㅋㅋㅋㅋㅋ다른것도 다 맛있었지만 특 히. 이거. 싱가폴,인도네시아..그 동네에선 깡꽁이라 불리우는 이거 ㅠㅠㅠㅠㅠㅠ아 이걸 한국에서 먹게 될 줄은 정말 꿈에도 상상을 못 했더랬다......싱가폴에 있을때 진짜 환장하면서 거의 매일 먹었던건데 ㅠㅠㅠㅠㅠㅠㅠㅠㅠㅠㅠㅠㅠㅠㅠㅠps.미나리 아.......</description>
  <category>일 상 </category>
  <tag />
</item>