﻿<?xml version="1.0" encoding="utf-8"?>
<item>
  <title>새벽 1시반 설렁설렁 포스팅</title>
  <link>http://euro1984.blog.me/220026650349</link>
  <description>팥빙수엔 팥이 들어가야되고...김밥엔 단무지가 들어가야되고....그런데 요새 팥없는 빙수들이 쏟아져 나온다. 팥 없어도 맛있을수 있다니..ㅋㅋㅋㅋㅋㅋㅋㅋㅋㅋㅋ가격은 나빴음. 근데 양이 어마어마함. 여자 셋이 겨우겨우 꾸역꾸역 먹었는데도 남았다!!메론.아이스크림.얼음 의 궁합이 괜찮았다.비오는 여의도 '차오름'낮에 천둥치고 막 번쩍 거리고 막 하늘 쪼개질거처럼 그러더니 비가 미친듯이 오고...언제봐도 좋은 여의도 야경. 아. 사랑한다 빌딩숲.......ㅋㅋㅋㅋㅋㅋㅋㅋㅋ비오는 버스에서 sam smith 의 im not the only one 을 들으면서버스를 타고 오는데 버스가 을마나 오래 걸리던지엉덩이 짜부될뻔이거 너무 먹고싶다근데 가로수.......</description>
  <category>일 상 </category>
  <tag />
</item>