﻿<?xml version="1.0" encoding="utf-8"?>
<item>
  <title>13 일 의 금 요 일</title>
  <link>http://euro1984.blog.me/220029727575</link>
  <description>오늘이 13일의 금요일 이였네? (그래서인가 라고 껴 맞춰 본다) 좀 이상한 일들이 아침/저녁 지하철에서 있었다.무려 4명의 사람들이 바로 내 앞에서 핸드폰을 떨어트렸다...(?)ㅋㅋㅋㅋㅋㅋㅋㅋ그것도 전부 뚜껑이 열리고 베터리가 튀어나올 정도로 심하게..진짜 이상했다 뭔가 그냥.인스타에서 어떤분이 올린거 보고 바로 찾아 들어봤다가 완전 반해서 어제 오늘 한 천번은 들은것 같은....(설명 길다)윤상의 back to the real life.이 앨범(3집) 진짜 전곡이 다 명곡이다...점심먹고 입가심으로 먹은 폴바셋 아슈크림.오늘 하루 3끼 푸짐하게 다 챙겨먹었다. 아 몸 무거워............맘 같아선 지금 나가서 말 처럼 달리고 싶지만..참아보기.......</description>
  <category>일 상 </category>
  <tag />
</item>