﻿<?xml version="1.0" encoding="utf-8"?>
<item>
  <title>충전이 필요한 시간</title>
  <link>http://charen.kr/120212144850</link>
  <description>죄스런 마음에 블로그에 글 한 자 올리기 힘든 나날들이다. 극도의 이윤 추구만을 위한 구조와 권력과의 더러운 결탁이 안전을 무시하는 해운업계의 위험한 관행을 만들고 그 정점에 청해진해운이 있었다. 사고는 필연이었고 국가는 없었다. 대통령은 화만 내고 장관은 티만 내고 시스템은 없었다. 제 자식 아니어도 이토록 아픈데 차가운 물 속에 자식을 묻은 부모의 마음은 오죽할까. 어른 말을 듣다 공포 속에 죽어간 아이들은 또 어찌할 건가. 억장이 무너진다.이번 한 주도 바빴다. 네 번의 대중강연이 있었고 사내엔 예기치 않은 많은 일들이 있었다. 몸도 마음도 많이 지쳤다. 주말엔 충전이 필요하다. 그러나 TV를 켤 수가 없다. 뉴스 보.......</description>
  <category>일상과단상(2014년)</category>
  <tag>취미,일상·생각</tag>
</item>