﻿<?xml version="1.0" encoding="utf-8"?>
<item>
  <title>파리 _ 아이폰(2)</title>
  <link>http://euro1984.blog.me/220020825670</link>
  <description>3박 4일의 일정이였지만 첫날 오후에 늦게 도착해서 아무것도 못하고 마지막날은 아침 7시 비행기로 핀란드에 가느라..사실 그냥 꼬박 이틀만 우리에게 파리에서의 시간이 주어졌다.셋째 날 아침은 두당 6유로씩 주고 호텔 조식을 먹었다.크레페는 식었고 베이컨은 덜 구워졌지만..........ㅋㅋㅋㅋㅋㅋㅋㅋㅋㅋㅋ크로아상에 누뗄라 찍어먹고 커피 한모금 마시니까 여기가 천국이다.셋째날 일정은 정말 널널했다. 다음날 아침 7시반 비행기를 타야 했으니까..지하철에서 에펠타워 보일땐 정말 으아-라파예트 백화점. 무슨 백화점이 진짜....어마어마..대단하다.더 대단한건 각각 명품 매장을 휘어잡고 있던 중국인 관광객들.샤넬 들어갔다가 .. 무.......</description>
  <category>여&amp;#160;행</category>
  <tag />
</item>