﻿<?xml version="1.0" encoding="utf-8"?>
<item>
  <title>6월 마지막주 라니?!</title>
  <link>http://euro1984.blog.me/220038835095</link>
  <description>소사소사 맙소사 6월 마지막주라니..2014년도 반이나 흘렀다니.31살하고도 반년이 지났다니..반년뒤에 32살이라니..??!??!?!??!믿을수 없다 믿기싫다 믿고싶지 않다ㅏㅏㅏㅏㅏ'미즈 컨테이너' 이름만 진짜 수백번 들어 본 그런 곳.딱히 난.. 맛집을 찾아다니는 성격이 못 되서 이런 곳도 모르고 살아왔..검색 해 보니 나만 안 가본거 같고..ㅋㅋㅋㅋㅋㅋㅋㅋㅋ요즘 젊은이들은 다 가본곳이고..근데 난 젊으니가 아니고...?암튼...난 냉정하고 직설적이니까 미즈컨테이너에 대한 나름의 평가를 해보겠다."우와!!!!!!!!!!!" 였다 ㅋㅋㅋㅋㅋㅋㅋㅋㅋㅋㅋㅋ원래 시끄러운데 좋아하고 고딴 음악 좋아해서...진짜 밥 먹다가 춤출뻔.단점은..밥이 코로.......</description>
  <category>일 상 </category>
  <tag>미즈컨테이너,온더보더,겁쟁이,버즈</tag>
</item>