﻿<?xml version="1.0" encoding="utf-8"?>
<item>
  <title>성장 동영상</title>
  <link>http://euro1984.blog.me/220024154622</link>
  <description>정말 친 조카 같은 친구 아들의 돌잔치가 있었던 5월.제주도 여행 전에 급하게 마무리 해야 해서 아쉬운 마음이 아직도 남아있지만..돌잔치 성장 동영상 작업을 한 적이 있다.생각보다 손님들이 집중해서 봐주고 웃어야 할 곳에서 웃어줘서 정말 뿌듯했던 기억이 ㅋㅋ시행착오를 좀 더 겪으면..한국 돌잔치에 안성맞춤인 영상을 제작 할 수 있을거 같다샘플을 좀 더 제작해서 부업으로 일을 해볼까 계획 중.혹시라도 문의 하신다면, 문의는 비댓/방명록으로 :-&amp;gt;</description>
  <category>일 상 </category>
  <tag />
</item>