﻿<?xml version="1.0" encoding="utf-8"?>
<item>
  <title>여 름 </title>
  <link>http://euro1984.blog.me/220035161880</link>
  <description>여름이다. 진짜 여름이다..덥다...너무 덥다..청바지를 못 입겠다........청바지는 사랑인데..........ㅠㅠㅠㅠㅠㅠㅠㅠㅠㅠㅠㅠㅠㅠㅠㅠㅠㅠ운동화도 못 신겠다..운동화는 사랑인데..ㅠㅠㅠㅠㅠㅠㅠㅠㅠㅠㅠㅠㅠ요샌 아이폰으로 사진도 잘 안찍는다. 카메라는 썩어가고 있고...그래도 방출!!포스팅 시좌악!맨날 이유없이 그냥 스벅만 찾아다녔었는데,뭔가 커피 되게 맛있을거 같은 인테리어로 새로 문 연 카페가 있길래 가봤더니맛이없네. 남겼자나. 돈아깝게. 의자도 겁나 불편해.어제 강남역 봉구비어에 갔었다. 2호점!봉구비어 말만 진짜 엄청 들었지 처음 가봤는데...나처럼 술 못하는 사람들에겐 딱인거 같다.개인적으로 강남역 너무 붐벼.......</description>
  <category>일 상 </category>
  <tag />
</item>