﻿<?xml version="1.0" encoding="utf-8"?>
<item>
  <title>이 나라 국민이라는 게 부끄럽다</title>
  <link>http://charen.kr/120211717164</link>
  <description>이번 주는 화성시 창의지성교육지원센터에서 지원하는 화성학부모아카데미에서 강의를 했다. 월요일에서 금요일까지 매일 오전에 두 시간씩 예원초등학교, 안화중학교, 남양중학교, 행정초등학교, 삼괴도서관에서 교육을 진행했다. 반응이 좋아 참 다행이다.집에서 대중교통을 이용해 강의 장소까지 이동하고 강의가 끝나면 대중교통을 이용해 서울 회사까지 이동했다. 퇴근하는 시간까지 감안하면 하루에 7~10시간 가량 길 위에서 시간을 보낸다. 엊그제 전철을 타고 회사로 복귀하는데, 저편에서 어떤 청년이 조용히 걸어오더니 갑자기 객차 승객에게 양해를 구한 뒤 낮은 목소리로 이 땅에 예수님이 오신 이유를 설명한다. 아무도 들을 준비도.......</description>
  <category>일상과단상(2014년)</category>
  <tag>취미,일상·생각</tag>
</item>