﻿<?xml version="1.0" encoding="utf-8"?>
<item>
  <title>yo 몇 일</title>
  <link>http://euro1984.blog.me/220020684227</link>
  <description>확실히 한국에 있으니 덜 심심하고 덜 외로워서..블로그도 덜 하게 된다.사람은 참 간사하다.정리를 해도 이 이상은 절대 깨끗해지지 않는 의문의 책상.지금 6월인데 이 사진을 찍은건 5월이였네. 몇일만에 하는 포스팅이지 도대체 ㅋㅋㅋ일산에 겐로쿠 우동이 있어서 얼마나 좋은지 모르겠다. 가끔 정말 땡길때 홍대까지 안가도 되니까.이 때는 또 배부르다고 남겼는데 꼭 이렇게 사진보면 먹고싶다...모니터 속으로 들어가고 싶다......우동 먹고 커피대신 싱가폴 슬링 한잔. 싱가폴에서 마셨던 싱가폴 슬링 맛이 기억나질 않아 이게 맛있는 건지 맛 없는 건지 구분이 잘 안됐다....맥주보단 확실히 맛있는듯..날이 더워 상.하의 챙겨입기 조차.......</description>
  <category>일 상 </category>
  <tag>오지랖은사절합니다</tag>
</item>