﻿<?xml version="1.0" encoding="utf-8"?>
<item>
  <title>파리 _ 베르사유 궁전</title>
  <link>http://euro1984.blog.me/220008258825</link>
  <description>파리에 갔으니 꼭 갔어야 했던 베르사유 궁전.상상 그 이상의 화려함에 기가 눌리는 기분이였다.파리 시내에서 지하철을 타고, 내려서 다시 버스를 타고 30분이나 가는 베르사유 궁전.30분정도 줄 서서 들어갔다. 생각보다 금방 들어갔다. 대충 훑어보기만 했는데도 몇시간을 걸었던지..정말 베르사유 궁전을 다-보려면 하루 꼬박 천천히 둘러봐야 할거 같다.</description>
  <category>여&amp;#160;행</category>
  <tag>파리,베르사유궁전</tag>
</item>