﻿<?xml version="1.0" encoding="utf-8"?>
<item>
  <title>'칠량' 에서 한정식 먹은 날</title>
  <link>http://euro1984.blog.me/220014291082</link>
  <description>요즘에..난 분명 정신을 바짝 차리고 산다고 사는데..자꾸 내가 아닌 기분이다.분명히 어딘가에 정신이 팔려 있긴 한데.................................................암튼..........마음 다 잡고 친구랑 한정식 먹으러 갔다 왔다.한정식은 엄마아빠하고만 먹는건 줄 알았는데..ㅋㅋㅋㅋㅋㅋㅋㅋㅋㅋㅋㅋㅋㅋ역시 세상 오래 살고 볼 일이야..나이 먹으니까 친구랑 한정식을 먹어..요기- 강남 한정식 칠량.탁자 밑에 지푸라기(?)가 개인적으로 너무 마음에 들었다.정갈한 기본셋팅.채식 동물처럼 뿌리부터 잎까지 다 씹어 먹어 버리면 되는 삼. 신기했다. 그리고 씁쓸했다.하지만 몸에 좋은거니까..ㅋㅋㅋㅋㅋ난 안 좋아하는 회. ㅋㅋㅋㅋㅋㅋ.......</description>
  <category>일 상 </category>
  <tag>한정식이냐,부페냐,그것이문제로다,칠량</tag>
</item>