﻿<?xml version="1.0" encoding="utf-8"?>
<item>
  <title>파 리 _ 에필로그</title>
  <link>http://euro1984.blog.me/220005571259</link>
  <description>타이밍이 좋진 않았지만.."사랑의 도시" 파리에 3박으로 머물 일이 생겨서 급하게 다녀왔다.꽤 오랜시간 유럽 땅덩어리 살면서...파리랑 영국은 꼭 가보고 싶었었는데 기회가 없었다.파리 그거 뭐 별거 있겠나- 싶었다.근데 에펠탑은 '별거' 였다. ㅋㅋㅋㅋㅋㅋㅋ밤에 반짝반짝 빛나는 에펠탑은..보고 있으면 세상 모든 근심이 사라지는 듯한 기분이였다.아 정말 .. '황홀' 하다는 단어는 에펠탑을 위해 존재하는 단어인듯.오늘 아침 8시반에 한국에 도착하고 밤 비행기라 잠을 잘 못잤더니..내 정신이 내 정신이 아닌거 같다.사진 정리를 어서 하고 싶은데 이번주는 무리데쓰.찬찬히- 파리 사진을 올려야 겠다.</description>
  <category>여&amp;#160;행</category>
  <tag />
</item>