﻿<?xml version="1.0" encoding="utf-8"?>
<item>
  <title>"Her"</title>
  <link>http://euro1984.blog.me/220013920853</link>
  <description>요새 부쩍 혼자 영화를 자주 본다.곧 막 내릴거 같은 압박감에 오늘 드디어 "Her (그녀)" 를 봤다.혼자 보기엔 조금 청승맞긴..했지만..청승맞게 혼자봐서 더 좋았던 영화.뭐든 기대가 크면 실망이 큰 법인데..기대없이 봐서 그런가..생각보다 정말 너무너무 좋았다.배우, 영상, 음악, 스토리...아 스토리는 솔직히 좀 뭐랄까.중간 중간에 문득 문득- '아 뭐 이런 ㅂㅅ같은 스토리가 다 있지.' 라는 생각이 두어번 정도 들었지만..그걸 커버 해 주는 영상과 음악 그리고 스칼렛 요한슨의 목소리.한번도 그녀가 이쁘다고 생각해 본 적은 없었는데...목소리는 정말 섹시하다.표정없이 목소리로만 이런 훌륭한 연기가 가능하다니..........................</description>
  <category>일 상 </category>
  <tag>그녀,her,씨버러버</tag>
</item>