﻿<?xml version="1.0" encoding="utf-8"?>
<item>
  <title>파리 _ 센느강 </title>
  <link>http://euro1984.blog.me/220012797044</link>
  <description>베르사유 궁전을 간 것 보다 더 잘한것은 센느강을 따라 유람선을 탄 것이다.바람이 정말 찼지만..2층에서 찬바람 다 맞으면서 열심히 셔터를 누른 결과물들.아 정말- 저 멀리서 불켜진 에펠탑이 보일땐 .. 사람들 모두 환호성을 질렀다.</description>
  <category>여&amp;#160;행</category>
  <tag>프랑스,파리,바토무슈,에펠탑,센느강</tag>
</item>