﻿<?xml version="1.0" encoding="utf-8"?>
<item>
  <title>미니홈피</title>
  <link>http://euro1984.blog.me/100210869239</link>
  <description>오랜만에 싸이월드에 접속 했다.보기 싫은 추억은 웬만하면 그자리에서 바로 버려버리는 징그러운 성격 때문에..나중에 추억팔이 하고 싶을때 정말 추억이 별로 없어서 좀 섭섭했던 경우가 종종 있었는데..오랫동안 방치해 뒀더니 남겨진게 많이 있네.5백원씩 써가며 열심히 샀던 음악들이 이렇게 유용할 날이 올 줄은 상상도 못했다.맥에선 들을 수 없으므로..아이폰으로 지금 열심히 듣고 있다.아. 진짜 좋다.............................................몇 곡들 리스트 업 해보려고 블로그에 들어왔다.12시 46분 지금 내 귀에 흐르는 Dry your eyes - 3rd storeeHalf crazy -musiq비애 - 조피디Let me hold you - bow wowHeartbreaker - wil.......</description>
  <category>일 상 </category>
  <tag />
</item>