﻿<?xml version="1.0" encoding="utf-8"?>
<item>
  <title>Back to blog</title>
  <link>http://euro1984.blog.me/100210753352</link>
  <description>정리가 필요한 시간이 충분히 지난거 같아서..오랜만에 전체공개로 포스팅을 한다.블로그 주제가 좀 바꼈지만 일단 블로그를 계속 해보는 걸로..ㅋㅋㅋㅋ파워 블로그 딱지 단 순간부터....블로그 팔으라는 쪽지가 몇개씩 오곤 하는데..정말 확 팔아버리고 싶다..ㅋㅋㅋㅋㅋㅋㅋㅋㅋㅋㅋㅋㅋ스트레스는 정말 만병의 근원이라는것을 이번에 정말 정말 몸으로 느꼈다.젊을때(?) 열심히 운동을 해 둬야지..........다시 아파트 헬스장 2달 등록!!헬스장에 핸드폰 갖고 가는거 진짜 싫어하는데....음악이 없는 헬스장이라 ㅋㅋㅋㅋㅋㅋㅋㅋ아 증말...아이팟 코딱지만한거 하나 사던가 해야지 원..무거워서 증말..핸드폰 갖고있으니까 괜히 이딴 사진이.......</description>
  <category>일 상 </category>
  <tag>이태원,마이타이차이나,사장나오라그래,블로그리셋</tag>
</item>