﻿<?xml version="1.0" encoding="utf-8"?>
<item>
  <title>여름방석</title>
  <link>http://blog.naver.com/lucyu/220071983968</link>
  <description>며칠전부터 꽤나 후텁지근하다.청소시간에는 바람에 나부끼는 커튼도 귀찮다.냉장고바지도 슬금슬금 올라가고 커튼도 올라간다.아,, 여름이다.난 여름엔체력이 바닥인데 올해는 어찌 잘 보낼 수 있을까.다음 복날엔 흑염소. 먹으러 가야징..얼토당토 않은 꽃꽂이..ㅋㅋ꽂고 나서 멀찌감치서 보니 풋! 소리가 절로 나오네.앞뜰에 야생화가 갈수록 너저분해지는데,,병에라도 꽂자 싶어 꺽어보았다.화색은 화색이네. 거실이 좀 생기있어보인다.2,3인 소파 둘 공간이 부족해 1인소파를 두었는데결과는 좀 허전하다.서귀포오일장에서 건진 여름용방석을 멀찌감치에 두었다.저 방석또한 1인소파처럼 지정방석.그렇게 앉으실지는 모르겠지만,,ㅋ복 복 방.......</description>
  <category>[루시 R]</category>
  <tag>가정집여관루시R,제주펜션루시R,여름방석,토르숑커버링</tag>
</item>