﻿<?xml version="1.0" encoding="utf-8"?>
<item>
  <title>다시 강연을 시작하다</title>
  <link>http://charen.kr/120211432249</link>
  <description>어제(일요일)도 강의 준비를 위해 평일처럼 출근했다. 아침 일찍 아내와 딸이 자는 모습을 보고 나오는데, 미안했다. 종로에 내려 걸어오는 길에 낙원동 떡집에 들렀다. 갓 만든 따끈따끈한 떡을 맛볼 수 있는 것도 복이면 복이다. 사놓고 보니 혼자 먹기엔 많다.만 4년 만에 한국에서 대중강연을 했다.첫 강의 장소는 화성예원초등학교였다.준비하기까지 걱정이 있었으나 무대 위는 오히려 편안했다.4년 전엔 초등학생 딸을 둔 아버지라고 자기소개를 했는데 오늘은 중학생 학부모라 소개했다. 예전엔 약속한 두 시간을 항상 넘겼는데 오늘은 1시간 50분에 마쳤다. 욕심을 부리기보다 단 한 가지라도 제대로 전달되기를 바랐기 때문이다. 재미없.......</description>
  <category>일상과단상(2014년)</category>
  <tag>취미,일상·생각</tag>
</item>