﻿<?xml version="1.0" encoding="utf-8"?>
<item>
  <title>제 주 도 </title>
  <link>http://euro1984.blog.me/100210754677</link>
  <description>난...제주도가 우리나라 땅 이라는게 참으로 감사하다...ㅋㅋㅋㅋㅋ정말 이렇게 훌륭한 여행지가 우리나라 땅 이라니!!!!물론..가서 살라고 하면 좀 고민을 해야 될 거 같지만..여행지로는 정말 1등! 최고!인제주도에 다녀왔다.바다를 봤어야 했고 머리도 식혔어야 했고 여행이 너무 가고 싶었으니까!(이거쓰는데 왜 갑자기 미숫가루 마시고 싶지..)말로만 듣던 올래국수. 이것이 진정 돼지고기 육수 인가요?느끼하지 않다..........마..맛있다...ㅠㅠㅠㅠㅠㅠㅠㅠㅠㅠㅠㅠ아 정말 맛있었다. 다음에 가면 또 먹을거야..위치는 공항에서 가까운데 나는 잘 모르겠다..ㅋㅋㅋㅋㅋㅋㅋㅋㅋㅋ 난 길치니까..협재를 딱. 보는 순간. 이런말이 입 밖으로.......</description>
  <category>일 상 </category>
  <tag>제주도</tag>
</item>