﻿<?xml version="1.0" encoding="utf-8"?>
<item>
  <title>8월 여관일상</title>
  <link>http://blog.naver.com/lucyu/220095239117</link>
  <description>가정집여관 루시R, 제주펜션 루시R자기질 스위치커버에 꽂아본 장미돈내코 근처에서 꺽은 마른수국.지니님의 발자취.가정집여관 루시R, 제주펜션 루시R가정집여관 루시R, 제주펜션 루시R계절이 깊어가니 여관집 꾸미기 욕구가 극상승 중.요즘 나의 에너지가 되고 있다.요리엔 재능없지만, 테이블데코도 많이 많이 해보고 싶고하고 싶은 게 아주 많지만, 시간에 묻혀서 잊어버리기도 하고결국 하게 되는 것은 글쎄...거의 없는 것 같지만 서도,, ㅎㅎ어쨌든 저질체력인 나를 일으켜주는 힘이 되어준다.잠시 숨 고르는 시간이기도 하고삼겹살 구워주는 통돌이기계를 테스트하기 위한 목적도 함께 ; &amp;gt;같은 회사 다니는 동료같은 이웃과 오랜만인.......</description>
  <category>[루시 R]</category>
  <tag>제주도푸른밤,가정집여관루시R,제주펜션루시R,인테리어·DIY</tag>
</item>