﻿<?xml version="1.0" encoding="utf-8"?>
<item>
  <title>전주 (2)</title>
  <link>http://euro1984.blog.me/100208738534</link>
  <description>사람이 너무 많고..이건 뭐 한옥마을이 아니라 그냥 상가단지 같았던 전주 한옥마을.아..내가 생각한 한옥마을은 이게 아닌데 솔직히 말하면 실망만 잔뜩 하고 왔다.숙박을 할 곳도 아니고 두번 갈 곳은 더 아닌거 같다. 당일치기로 다녀오길 참 잘했다.무조건 평일에 가야 하는 한옥마을..근데 친구 말에 의하면 평일에도 사람이 많다며..아-역시 한옥마을은 북촌이다..친구랑 서울을 벗어나 멀리 기차타고 어딘가를 갔다는것이 재미있었던 이번 여행.
 </description>
  <category>여&amp;#160;행</category>
  <tag />
</item>