﻿<?xml version="1.0" encoding="utf-8"?>
<item>
  <title>8월 물놀이</title>
  <link>http://blog.naver.com/lucyu/220105605223</link>
  <description>오후에 짤막 물놀이. 협재해수욕장아무 준비 없이 들어가도 아이들은 좋아한다.바나나우유 마신 빈통만 있어도^^막바지 더위, 놓치지 않을꼬야.코코몽랜드.뜨는 자와 뜨고 싶어하는 자.올여름 물놀이 한번더를 기약하며. 빠이~</description>
  <category> 일상</category>
  <tag>일상·생각,제주의여름,협제해수욕장,코코몽랜드</tag>
</item>