﻿<?xml version="1.0" encoding="utf-8"?>
<item>
  <title>동네아지트, 제주민박 인디언썸머 그리고 감귤박물관</title>
  <link>http://blog.naver.com/lucyu/220097842596</link>
  <description>지나가는 길에 있는 나의. 아니 우리들의 아지트 제주민박 인디언썸머'인디안' 이 아닌 '인디언' 썸머라는 사실. 음음.참새방앗갓 드나들 듯이 가고 싶지만그럴 순 없고, 요즘은 그러지도 못하는 청소부의 현실이다.지금은 제주에도 늦은 장마로 우울하지만,사진찍었던 날은 아주아주 덥기가 그만인 날이었다.날도 더운데, 난 오랜만에 인디언썸머의 객실이 궁금해서찍기욕구상승하여 카메라를 들었다.사실 카메라는 차에 항상 대기 중 이다.관리도 잘 안하면서 뒷자리에 누가 앉으면 카메라 차일까 봐 걱정은 또 유난하다는 -,.-앞으로는 배낭 못지않은 카메라가방 채로 항상 대기 중 해야할 것 같다.실내의 인테리어에만 전전긍긍했던 때와 달.......</description>
  <category> 일상</category>
  <tag>인테리어·DIY,일상·생각,제주일상,제주민박인디언썸머,감귤박물관</tag>
</item>