﻿<?xml version="1.0" encoding="utf-8"?>
<item>
  <title>제주시골집 개조과정, 가정집여관 루시R</title>
  <link>http://blog.naver.com/lucyu/220082998867</link>
  <description>본격적인 공사가 시작되기 전.이 때만 해도3개월이라는 긴 장정의 시작이 될 거라고는 생각을 못했답니다 ㅎㅎ우와! 철거다~~~~...하며, 해맑았었다는..어쨌든 공사과정을 푸는 날이 왔으니 감회가 새롭습니다.스크롤압박 주의! 미리 말씀드리면서 내려보겠습니다^^기존의 보일러선을 걷어냈습니다.사업자용 일반전기로 난방을 하기 위해기존의 엑셀파이프(기름보일러)를 걷어냈어요.히팅레일이라는 열선을 다시 깔고 몰탈(시멘트,모래,물의 혼합)을 다시 부어서 바닥을 마감하는 식의 과정입니다.아래사진은 열선작업이 끝나고몰탈작업을 하는 모습이예요.처음 시골집에서 지냈을 당시의 모습입니다.전에 살던 분들께서도 리모델링을 하고 살고.......</description>
  <category>[루시 R]</category>
  <tag>시골집개조,가정집여관루시R,제주펜션루시R,인테리어·DIY</tag>
</item>