﻿<?xml version="1.0" encoding="utf-8"?>
<item>
  <title>전 주 (1)</title>
  <link>http://euro1984.blog.me/100208737953</link>
  <description>아기다리고기다리던 전주여행. 한옥마을 정-말 너무 가보고 싶었는데......드디어 갔다왔네 아무튼.서울-전주 KTX 가 매진이라 무궁화호. 새마을호 를 타고 갔다.서울-천안 : 무궁화호 / 천안- 전주 : 새마을호서울로 올때는 전주 - 행신 KTX무궁화호는 그냥 저냥 평범한 기차였는데. 천안에서 전주로 가는 새마을호는 무슨 비행기 비지니스 좌석 같았다.두시간 걸렸는데, 누워서 갔다 누워서. 우와....................근데 음식을 전.혀 팔지 않아서 목말랐다...ㅋㅋㅋㅋㅋ챙겨 갈 것을..ㅠㅠ자느라고 바깥 풍경도 제대로 못보고..역 부터 한옥마을 스럽다.이땐 몰랐다. 우리에게 큰 시련이 다가 올 것을..ㅋㅋㅋㅋㅋㅋㅋㅋ마냥 신나있었지..사.......</description>
  <category>여&amp;#160;행</category>
  <tag />
</item>