﻿<?xml version="1.0" encoding="utf-8"?>
<item>
  <title>빈티지단추 자석</title>
  <link>http://blog.naver.com/lucyu/220067442938</link>
  <description>작은 밀크용 병에 빈티지단추들을 넣어놓고아~~주 가끔 들여다보곤 했었답니다.빈티지소품을 좋아하는 분들은 아시겠지만,꼭 실용적이지 않아도 그냥 바라보는 것만으로도 참 흐뭇하잖아요 :)하지만, 실용적이라면 더 더 좋겠지요 ㅎㅎ아이가 초등학교에 들어가고 보니안내문 등등 간헐적으로 봐줘야하는 종이들을 고정해 줄 자석이 어찌나 아쉽던지..몇달을 생각 뿐이던 걸 10분 투자해서 만들었습니다. 흐-자석이다-라는 현실감이 없어보이네요 ㅎ그냥 단추를 부쳐놓은 것 같아요.강력자석이라 아주 찰싹! 잘 붙어서 좋아요 :)글루건으로 하셔도 좋아요.전 투명실리콘이 있어서 있는걸로 했습니다.그리고, 강력자석.까만 자석은 힘이 약하더라.......</description>
  <category>만들기</category>
  <tag>인테리어·DIY,빈티지단추자석,냉장고자석,가정집여관루시R</tag>
</item>