﻿<?xml version="1.0" encoding="utf-8"?>
<item>
  <title>첫 손님.</title>
  <link>http://blog.naver.com/lucyu/220050725217</link>
  <description>첫 손님 맞을 준비.두근 두근..감사한 마음,잘 전해졌으면 하는 것과선택에 후회없이참 잘 왔다..하는 생각이 드셨음 하는 욕심.7월 6일 나는 잠 못 이룰 것 같다.가정집여관 루시R.</description>
  <category>[루시 R]</category>
  <tag>가정집여관루시R,제주시골농가,첫손님</tag>
</item>