﻿<?xml version="1.0" encoding="utf-8"?>
<item>
  <title>가정집여관 루시R을 소개합니다~</title>
  <link>http://blog.naver.com/lucyu/220054661757</link>
  <description>&amp;#8203;루시R이서투른 첫발을 내딛었습니다. 웅장하지도 크게 세련되지도 않은 그저, 그런 곳이라 많이 부족하다는 것을 알고 있습니다. 기대를 가지고 오시는 분들께 실망을 드리면 어떡하지 하는 걱정이 먼저 앞서네요.하지만 처음 루시R을 마음에 품었을 때 부터 그려 왔던 이미지는 누구나 마음 편히 제주의 시골집에서 힐링 받고 가실 수 있는 그런 공간이었습니다.화려함보다는 소박함을, 세련됨보다는 수수함을, 따스함을 느낄 수 있는공간이었으면 하는 바램.아주 느린 걸음이지만 생각하고 있던 것을 시작하려 합니다.&amp;#8203;그럼, 가정집여관 루시R 올라갑니다^^&amp;#8203;&amp;#8203;&amp;#8203;&amp;#8203;&amp;#8203;원래의 핑크색을 지우고 화이트를 얹.......</description>
  <category>[루시 R]</category>
  <tag>가정집여관루시R,시골집셀프인테리어,서귀포독채형펜션,인테리어·DIY</tag>
</item>