﻿<?xml version="1.0" encoding="utf-8"?>
<item>
  <title>쭌의 가구, 가정집여관과 찰떡맞춤^^</title>
  <link>http://blog.naver.com/lucyu/220059427851</link>
  <description>쭌의 가구가 왔다.작은 가구의 공이 이렇게 클수가.내가 원하던 가정집여관의 거실은 쭌의 가구로 완성이 되었다.&amp;#65279;&amp;#65279;쭌의 정성.금빛 걸고리너무나 이쁘다.유리를 다시 끼울 수 있도록쫄대를 대어서 만들어 주겠단다.번거로운 공정들이 많았을 터인데,, 쭌의 고생에 뭉클하다.작은 곳에서 빛나는 월넛.요 쫄대보고 또 얼마나 좋았는지 모른다.폭 좁고 길쭉한 경첩.하드웨어 하나하나에도 신경을 쓴 흔적이 보이고.잠깐 다녀가신 손님께 내어드렸던 냉수쟁반을 무심히 올렸는데, 양은쟁반과 고무나무가 참 잘 어울리네 ;)좋아하는 빈티지들을 올렸놓았다.아기손님들이 올 땐 그때그때 정리해두기로 하고.내 욕심엔 항상 이렇게 보고 싶.......</description>
  <category>[루시 R]</category>
  <tag>짜맞춤가구짜는쭌사마,공방오픈한다는데,오매불망기다리다,가구주문쇄도하여,내꺼주문못넣을까,걱정이라하더라~~,인테리어·DIY</tag>
</item>