﻿<?xml version="1.0" encoding="utf-8"?>
<item>
  <title>뜯어온 미닫이창, 데코용으로 다시쓰기</title>
  <link>http://blog.naver.com/lucyu/220035473809</link>
  <description>만들기로 오랜만의 포스팅인 것 같아요.정리가 되면 부지런히 올려볼 생각입니다^^; (정말??)하루종일 생활하는 곳이다보니 조금씩 보여지는 가정집여관,,보여드릴 때에도 부족한 모습이겠지만, 아직은 조금 숨겨두고 싶어요^^옛날 창미닫이창끼리 만나는 중간에 잠금장치의 흔적이 정겹습니다.나왕무늬도 좋구요.창의 쓰임새는 생각보다 많을 수 있어요.일단은 데코용. 포개어서 어디 한군데 놔둬볼 까 싶어요.리폼했다고는 하나그냥 옛날 창의 색. 그대로 인 것 같아 보이네요.칠한 스테인 색상이 '마호가니' 여서 그런가봐요^^폐가에서 뜯어왔었던 미닫이창 셋트.원래색을 알아볼 수 없이 물이 빠진 그레이빛이였어요.씻어서 도색에 들어갑니.......</description>
  <category>갱생</category>
  <tag>인테리어·DIY,빈티지미닫이창,버려진창리폼,창문데코,thediy</tag>
</item>