﻿<?xml version="1.0" encoding="utf-8"?>
<item>
  <title>서귀포 테라로사</title>
  <link>http://blog.naver.com/lucyu/220062632634</link>
  <description>근처에 테라로사가 생길 거라는 얘기를일찍이 여름이가 일러주었다.커피를 잘 모르는 나는,, 그게 뭥미? 하는 표정이었는데여름이는 그것도 모르냐는 표정 ㅋㅋ테라로사는 강릉에 있는 커피공장인데 카페도 같이 운영하는 로스팅회사이다.전국의 유명카페나 호텔에 납품을 한다고 하는데얼마전엔 서귀포에 오픈을 한 것.여기에서 직접 로스팅을 하는 것은 아니라고 한다.모두 본사에서 내려온다고.커피보다 인테리어에 관심이 더 많아서 가보았다.입구에서부터 분위기에 일단 기가 죽는다. ㅜ높은 천장높이와 그 높이만큼의 까만철제창살이 압도적이다.그리고, 저! 저. 저 도로반사경은.. 주인장한테 묻고 싶다. 어디서 구하셨습니까..라고 정중.......</description>
  <category>비타민 그 곳</category>
  <tag>서귀포테라로사,쇠소깍근처카페,가정집여관루시R,인테리어·DIY</tag>
</item>