﻿<?xml version="1.0" encoding="utf-8"?>
<item>
  <title>서재철갤러리-자연사랑미술관, 표선해비치</title>
  <link>http://blog.naver.com/lucyu/220067556769</link>
  <description>주말에 간만의 나들이.먼곳도 좋고 하지만,근처부터 돌아보기^^요즘의 새로운 낙이다.주변에 호기심이 늘어간다.이 날 간곳은 폐교된 가시초등학교를 갤러리공간으로 쓰고 있는서재철갤러리, 자연사랑미술관이다.검색창에는 자연사랑미술관으로 검색이 된다.주소 : 제주도 서귀포시 표선면 가시리 1920-1다소 황량한 느낌이 들었다.폐교된 곳의 분위기.평창 무이예술관을 들어선 기분과 비슷했다는.폐교된 무이초등학교를 예술가들이 전시관으로 쓰는 곳이었는데이곳은, 그 곳의 발랄함보다는 더 정적인 분위기였다.그런데 갈수록 이런 분위기가 난 너무 좋다 ㅎㅎ오래된 미끄럼틀과 축구골대.물끄러미 보고 있는데, 우주양이 엄마... 뒤에 여우.......</description>
  <category> 일상</category>
  <tag>자연사랑미술관,서재철갤러리,표선해비치,가정집여관루시R,일상·생각</tag>
</item>