﻿<?xml version="1.0" encoding="utf-8"?>
<item>
  <title>빨간다라이</title>
  <link>http://blog.naver.com/lucyu/220059859614</link>
  <description>무엇에 쓰는 다라이인고~~~~하니.아이들 물놀이용 다라이.튜브식 물놀이는 깨끗하게 관리가 힘들어서 준비했는데,,,,좀 그렇긴 해도..딱히 생각나는 게 이것말곤 없네..아이들은 물만 넣어주면 어디든 좋아하니 약한 플라스틱보다는 튼튼한 고무다라이가 제격이긴 하다.저기에 이니셜을 넣어말어 고민중..이국적인 고무다라이로 쓰자니..이것도 청소가 걸린다. 에고.</description>
  <category>[루시 R]</category>
  <tag>물놀이용고무다라이,가정집여관루시R</tag>
</item>