﻿<?xml version="1.0" encoding="utf-8"?>
<item>
  <title>가정집여관 루시R, coming</title>
  <link>http://blog.naver.com/lucyu/220046095317</link>
  <description>처녀총각 때 부터 제주가 참 좋은 사람들이었답니다.파도소리와미역냄새뻐꾸기소리 꿩소리 손톱만큼의 바다가 보이는 창 익어가는 귤꼬물꼬물 달팽이 걷기 좋은 뒷길이 있는 곳이 어떻게 우리에게 왔을까요.그런 제주 시골집에 가정집여관을 차렸습니다.고단함과 좌절을 맛보았던 3개월이 서서히 끝나가고 희망이 보이는 요 며칠이예요^^완성사진을 보지도 않고 예약을 해 주신 처음 손님이 오시는7월 6일에가정집여관 루시R, 문을 열기로 했어요. 어서 보여드리고 싶은 마음. 몇장의 사진으로 대신합니다.느림보 거북이 7월6일 전까지 완주하고 전체사진으로 곧 소식전할게요^^;잘 지내세요 이웃님들~</description>
  <category>[루시 R]</category>
  <tag>인테리어·DIY,가정집여관루시알오픈합니다.</tag>
</item>