﻿<?xml version="1.0" encoding="utf-8"?>
<item>
  <title>나는 이런 점심을 먹어왔다</title>
  <link>http://charen.kr/120211306235</link>
  <description>다음 주부터 시작되는 강연 준비를 위해 회사에 출근했다. 주중에 다른 일이 많아 강연 준비를 제대로 하지 못했다. 큰 회사에 혼자 있으니 일하기는 참 좋았다. 원래는 오늘 프레젠테이션 자료를 완성하고 내일은 하루 쉴 생각이었으나 강연 내용 구상으로 하루를 모두 소비했다. 한 페이지도 만들지 못했다.혼자 있는 시간은 아주 느리거나 대책 없이 빠르다.욕심은 앞서고 시간은 부족했다.오늘은 목책철관음을 마셨다. 일전에 호중거에서 구한 건데 향이 곱다. 요즘의 우롱차에 비해 묵직한 맛도 큰 매력이다.봄이라 녹차도 종종 마신다.사진은 그제 마신 금둔사 천강월잎차다.수요일엔 봄날인데도 몸이 으스스하여오랜만에 숙차를 골랐다.연.......</description>
  <category>일상과단상(2014년)</category>
  <tag>보이차,녹차,철관음,목책철관음,보리밥,카레덮밥,짬뽕,떡볶이,일상·생각</tag>
</item>