﻿<?xml version="1.0" encoding="utf-8"?>
<item>
  <title>손님맞이</title>
  <link>http://blog.naver.com/lucyu/220063909999</link>
  <description>아이손님들을 위해 인디언텐트를 급 주문하였다.아이들이 좋아할 만한 것들이 가정집여관엔 부족하다.전용업소가 아니고서야 대부분 그렇고, 한계도 있지만마음 가는대로 준비를 해봐야겠다.난잡하지 않은 선에서.^^청소를 끝내고 난 후에도 아직 30% 부족한 기분.인디언텐트를 꺼내고 양은쟁반에 컵을 꺼내놓고 나니 10%는더 채워진 듯 해서 조금 흐뭇해짐.ㅋ이렇게 무언가로 와 마음으로 점점 채우다 보면 모자란 20%도 언젠가 채워지겠지.희망을 가져본다.</description>
  <category>[루시 R]</category>
  <tag>가정집여관루시R,아이들놀거리고심.인테리어·DIY,인테리어·DIY</tag>
</item>