﻿<?xml version="1.0" encoding="utf-8"?>
<item>
  <title>흐린날의 가정집여관</title>
  <link>http://blog.naver.com/lucyu/220060971638</link>
  <description>전날, 모임이 있었더랬다.동네여자들모임. 가명은'반색' 걸출한 입담들이 오고가는 사이시각은 새벽3시가 되었고.아침 할 시간이 얼마 안남았다며 각각 흩어졌다.다음날은 흐린날.몸이 쳐지는 날엔 흐린날이 좋아.오늘은 가정집여관에서뒹구르르해야겠다.시골집엔 여기저기 목장갑이 굴러다닌다.여기 두고선,어디간 줄 모르고또 하나 꺼내들겠지..첫 손님의 발자취.곱씹어 읽어본다.보내드린 편지는 잘 받으셨는지..옅은 햇살이라도 쪼이라고 앞에 내어놓는다.가정집 유일한 실내화분. 떡갈나무다.너도 쟤네들과 동참하고 싶으냐-까치들 모임인가.한마리두마리 모여들더니 유난히 시끄럽다.우주양도 전날 피곤했던지.돌봄교실에서 오자마자 뻗어.......</description>
  <category>[루시 R]</category>
  <tag>가정집여관루시R,흐린날사진찍기좋은날,인테리어·DIY</tag>
</item>