﻿<?xml version="1.0" encoding="utf-8"?>
<item>
  <title>칠판입간판</title>
  <link>http://blog.naver.com/lucyu/220012973602</link>
  <description>입간판을 만들어봤어요.두루 쓰이는 이름이 '입간판'이지만,간판역할이 아니더라도 칠판색이 들어간 뭔가를 저 자리에 두어보고 싶었기 때문이지요.정확하게 맞춰서 해야 하는건데,,사포질해서 '정'은 다시 넣어야 할까봐요.파란색 처마페인팅과 판넬벽을 감추는 일이 진행중이예요.이제 외관작업과 목작업이남아있는데,,우리 목수님은 잠적을 하시고 ㅠㅠ우리가 해볼까..를 고려하고 있는 상황. 체험 삶의 현장 2탄을 찍게 될 난국입니다.다 사람이 하는 일이니 우리도 할 수 있을 거야..하고 자신감을 불어넣고 있는 중이예요 ㅋ현장출근해봐야겠어요. 이웃님들도 화이팅하세요^^미송합판 12t와 칠판페인트입니다.합판은 거친면과 매끈한 면이.......</description>
  <category>만들기</category>
  <tag>일상·생각,인테리어·DIY,칠판페인트,칠판입간판,루시R,thediy</tag>
</item>