﻿<?xml version="1.0" encoding="utf-8"?>
<item>
  <title>가정집여관 막바지. 즐겁다..무섭다?</title>
  <link>http://blog.naver.com/lucyu/220033823767</link>
  <description>맹랑하게도5월초를 오픈으로 예감했더랬다.우리 일주일 공사래에~ 한달이면 될꼬야~ 라고 할 때뭔가 하고싶은 말을 담고 아무말없이 그윽하게 쳐다봤던 여름이의 눈이 생각난다.막상 막바지가 되었고, 7월초 신장개업을 앞둔 지금의 마음은..잘 모르겠다.자신감부족과 아직 부딪쳐보지 못한 거에 두려움 인 것 같다.거기에 대립되는 감정은 천지를 모르는 즐거움. 즐거운 마음으로 손님을 맞이해야지- 하는.애써 물리치려 일부러 끌어들인 감정인지도.마무리를 위한 작업들을 하다보면 어지러운 마음이 정리된다.오늘도 할 일이 있다. 메모장에 정리해 놓은 것들, 어서 체크표시해서 완료해야지.자신감 레벨업되어서 집으로 돌아오기!</description>
  <category>[루시 R]</category>
  <tag>일상·생각,인테리어·DIY,가정집여관루시알오픈임박</tag>
</item>