﻿<?xml version="1.0" encoding="utf-8"?>
<item>
  <title>호중거에서 무이암차를 마시다</title>
  <link>http://charen.kr/120211175153</link>
  <description>월요일에 분당의 호중거에 다녀왔습니다. 근 반 년 만에 다시 찾았습니다. 중국에서 주로 생활하다 보니 시간을 내기가 쉽지 않은 탓도 있지만, 올해 들어선 한국에서의 시간이 꽤 길었음에도 찾아가질 못했습니다. 마음의 여유가 참 없었습니다.그제도 할 일은 많은데, 아니, 할 일이 많고 머리가 많이 복잡하여 퇴근 길에 호중거로 향했습니다. 일 생각 잠시 잊고 좋은 차 한잔 마시고 싶었습니다. 평일에 7시면 문을 닫는 걸 알기에 혹 폐가 될까 미리 주인장께 문자를 넣어 언제까지 계실 거냐고 했더니 "오실 때까지요~"라는 답이 왔습니다. 편하게 들를 수 있는 찻집이 있다는 것만으로도 큰 복입니다.호중거에 들어서니 이미 한 분이 차를.......</description>
  <category>중국茶맛보기</category>
  <tag>무이암차,대홍포,수선,육계,수금귀,백계관,우롱차,청차,중국차,호중거</tag>
</item>