﻿<?xml version="1.0" encoding="utf-8"?>
<item>
  <title>신나는 오일장</title>
  <link>http://blog.naver.com/lucyu/220015997884</link>
  <description>서귀포향토오일장.살것이 생각나지 않아도 나가는 곳.내 생활의 활력소!이번에는 쿨토시와 뒷목 가려주는 스카프, 초록이와 화분을 사왔다.쿨토시와 스카프는 바로 착용을 하였는데 볕에 나가기가 훨 좋아졌다.여름이가 보더니 자기의 입도1년때의 모습이란다.역시.. 필요한 것은 사게 되어있네.하나만 사왔더니 매일 착용을 하니까 하나가 더 필요하다.화려한 꽃무늬토시에 슬슬 눈이 간다.</description>
  <category> 일상</category>
  <tag>일상·생각,서귀포향토오일장,유일한아이쇼핑</tag>
</item>