﻿<?xml version="1.0" encoding="utf-8"?>
<item>
  <title>이웃집여자 살림구경</title>
  <link>http://blog.naver.com/lucyu/220021923318</link>
  <description>살림.몇 가지 정의가 있지만, 그 중에서 '집안에서 주로 쓰는 세간'이 궁금한 것이다.여자들이 오는 집들이 손님을 맞이할 땐 레이다가 더 찌릿찌릿.칭찬일색 속에 뭔가숨어있는 것 같아.반대로센스짱짱한 집에 가면 호시탐탐 담아온다.얼른담아 얼른!따라쟁이 ㅋ뭐- 다 그러면서 배우는 거 아니겠어~?이미지출처 : 일본웹스크랩으로 공유부탁드립니다.</description>
  <category>눈요기로 감각+</category>
  <tag>일상·생각,인테리어·DIY,일본집인테리어</tag>
</item>