﻿<?xml version="1.0" encoding="utf-8"?>
<item>
  <title>홈카페</title>
  <link>http://blog.naver.com/lucyu/220011921975</link>
  <description>내가 하고 싶은 건할 수 있다면^^가정집 여관에 홈카페를 운영하는 것이다.손님이 오시는 날 한끼 식사를 내어드리는 것.간단하고상큼하게 먹을 수 있는 원디쉬식사를 준비하고커피를 내어드린다.요리엔 소질이 없지만몇 가지 메뉴만 개발해서 맹연습을 한다면 가능할 지도 모른다.가정집여관이 완성되기도 전에 그 다음 일을 계획하다니..아줌씨. 하고 있는 것부터 제대로 하라구.아냐, 계속 되내어야 한다구우----그래야 된단 말이지.이미지출처: 일본웹</description>
  <category> 일상</category>
  <tag>일상·생각,인테리어·DIY,홈카페,일본인테리어,그다음나의꿈</tag>
</item>