﻿<?xml version="1.0" encoding="utf-8"?>
<item>
  <title>&lt;엄마의 작은개조&gt; 심숙경 저. 서평</title>
  <link>http://blog.naver.com/lucyu/220028576098</link>
  <description>&amp;lt;엄마의 작은개조&amp;gt;책제목과 표지가 나오던 날, 두 여자의 흥분모드가 생각납니다.좋다 좋아. 드디어 책이 나오는구나~~ 어떻게 이런 제목을 떠올렸을까요.역시F.book 입니다.그 책이 왔어요.난 액자 안보내도 돼, 했지만기어이 액자를만들어서 보낸다고 해서늦게 받았는데,, 이거 안받았음 한 맺힐 뻔 했잖아요. 액자 착샷 보시면 공감하실 거예요^^곱게도 넣어 보냈습니다.포장을 푸는 데 이미 심장이 살짝 공중에 떠 있네요.쭌의 그 간의 세월이 한권의 책에 정리라면 정리가 되어있으니당연히 감개가 무량할 일이지요. 저 또한 그랬습니다.그냥 인테리어, diy 실용서 같은 것이 아니라쭌사마의 비상을 꿈꾸던 7년이 보이더군요.축하한다.......</description>
  <category> 일상</category>
  <tag>엄마의작은개조서평,쭌사마책,심숙경책,포북출판사,인테리어·DIY,일상·생각</tag>
</item>